[ {
  "mergedAction" : "session",
  "mergedActions" : [ {
    "tabId" : 2,
    "url" : "https://www.baidu.com/link?url=c38qmb-8QX0fuSpM8yh2SOBuWqB5Or9EeY5rYY-RNqHvKIiPrhIGyVykB4ULRkqxVbs3SWhNniC3BvutSXjVFeUwozmsatX7RZz3VTE5Ila&wd=&eqid=cc153a1b000575d2000000035abe2d1e",
    "sourceTabId" : 1,
    "refer" : "https://www.baidu.com/baidu?tn=monline_3_dg&ie=utf-8&wd=uwp%E5%A6%82%E4%BD%95%E8%AE%A9%E7%94%A8%E6%88%B7%E8%87%AA%E8%A1%8C%E9%80%89%E6%8B%A9%E6%96%87%E4%BB%B6%E7%B1%BB%E5%9E%8B",
    "timestamp" : 1522412839540,
    "action" : "request",
    "sequenceId" : 2,
    "id" : "20154454",
    "serverTimestamp" : 1522412839772
  }, {
    "url" : "https://www.baidu.com/link?url=c38qmb-8QX0fuSpM8yh2SOBuWqB5Or9EeY5rYY-RNqHvKIiPrhIGyVykB4ULRkqxVbs3SWhNniC3BvutSXjVFeUwozmsatX7RZz3VTE5Ila&wd=&eqid=cc153a1b000575d2000000035abe2d1e",
    "timestamp" : 1522412839738,
    "action" : "active",
    "sequenceId" : 2,
    "id" : "20154454",
    "serverTimestamp" : 1522412839941
  }, {
    "tabId" : 2,
    "url" : "https://blog.csdn.net/u011033906/article/details/65448394",
    "refer" : "https://www.baidu.com/link?url=c38qmb-8QX0fuSpM8yh2SOBuWqB5Or9EeY5rYY-RNqHvKIiPrhIGyVykB4ULRkqxVbs3SWhNniC3BvutSXjVFeUwozmsatX7RZz3VTE5Ila&wd=&eqid=cc153a1b000575d2000000035abe2d1e",
    "timestamp" : 1522412840350,
    "action" : "request",
    "sequenceId" : 2,
    "id" : "20154454",
    "serverTimestamp" : 1522412840570
  }, {
    "url" : "https://blog.csdn.net/u011033906/article/details/65448394",
    "timestamp" : 1522412907216,
    "action" : "active",
    "sequenceId" : 2,
    "id" : "20154454",
    "serverTimestamp" : 1522412907423
  } ]
}, {
  "mergedAction" : "session",
  "mergedActions" : [ {
    "tabId" : 1,
    "url" : "https://www.baidu.com/link?url=c38qmb-8QX0fuSpM8yh2SOBuWqB5Or9EeY5rYY-RNqHvKIiPrhIGyVykB4ULRkqxVbs3SWhNniC3BvutSXjVFeUwozmsatX7RZz3VTE5Ila&wd=&eqid=cc153a1b000575d2000000035abe2d1e",
    "refer" : "http://start.firefoxchina.cn/",
    "timestamp" : 1522463018100,
    "action" : "request",
    "sequenceId" : 2,
    "id" : "20154454",
    "serverTimestamp" : 1522463023738
  }, {
    "url" : "https://www.baidu.com/link?url=c38qmb-8QX0fuSpM8yh2SOBuWqB5Or9EeY5rYY-RNqHvKIiPrhIGyVykB4ULRkqxVbs3SWhNniC3BvutSXjVFeUwozmsatX7RZz3VTE5Ila&wd=&eqid=cc153a1b000575d2000000035abe2d1e",
    "timestamp" : 1522463018162,
    "action" : "active",
    "sequenceId" : 2,
    "id" : "20154454",
    "serverTimestamp" : 1522463023739
  }, {
    "tabId" : 1,
    "url" : "https://blog.csdn.net/u011033906/article/details/65448394",
    "refer" : "https://www.baidu.com/link?url=c38qmb-8QX0fuSpM8yh2SOBuWqB5Or9EeY5rYY-RNqHvKIiPrhIGyVykB4ULRkqxVbs3SWhNniC3BvutSXjVFeUwozmsatX7RZz3VTE5Ila&wd=&eqid=cc153a1b000575d2000000035abe2d1e",
    "timestamp" : 1522463019456,
    "action" : "request",
    "sequenceId" : 2,
    "id" : "20154454",
    "serverTimestamp" : 1522463023738
  }, {
    "url" : "https://blog.csdn.net/u011033906/article/details/65448394",
    "timestamp" : 1522463022638,
    "action" : "active",
    "sequenceId" : 2,
    "id" : "20154454",
    "serverTimestamp" : 1522463024200
  } ]
}, {
  "mergedAction" : "session",
  "mergedActions" : [ {
    "action" : "serp",
    "encrypted" : true,
    "urls" : [ "http://redirect.citexplore.com/redirect?title=Introduction%20to%20Universal%20Windows%20Platform%20(UWP)%20app%20design%20(...&urlsnippet=https%3A%2F%2Fdocs.microsoft.com%2Fen-...%C2%A0&url=http%3A%2F%2Fwww.baidu.com%2Flink%3Furl%3D_sojqJ9_lG-70gV-XS-bM3O8chPkieuRGrLiTsPKJDjyKX1XeQIayTlNtwP-HKHiXEypl00r01W0jFpvruNhBn1Wy2Mm2RbnSijHjYi5U_EEqT9Ti2vvR2_DvFjkcAsW", "http://redirect.citexplore.com/redirect?title=%E8%B4%AD%E4%B9%B0%20%E7%BD%91%E6%98%93%E4%BA%91%E9%9F%B3%E4%B9%90UWP%20-%20Microsoft%20Store%20zh-CN&urlsnippet=https%3A%2F%2Fwww.microsoft.com%2Fzh-c...%C2%A0&url=http%3A%2F%2Fwww.baidu.com%2Flink%3Furl%3Dm-sZJ9tFhSgUAZg86ywioX9CYy9c95hJiMjfpOok4CCU4F3g4HDgvHoQA-LbqSTwYeFYU6VaaQv8mUEQ2xkySzsjoSKPJeFuW0BfQQwygRXZRr5jiImYRcGIiMqbRW4NkM6Sd9rxUW1np2mwb9DQc_", "http://redirect.citexplore.com/redirect?title=2017%E5%B9%B4Win10%E6%9C%89%E5%93%AA%E4%BA%9B%E5%A5%BD%E7%94%A8%E7%9A%84UWP%E5%BA%94%E7%94%A8%3F%20-%20%E7%9F%A5%E4%B9%8E&urlsnippet=https%3A%2F%2Fwww.zhihu.com%2Fquestion...%C2%A0&url=http%3A%2F%2Fwww.baidu.com%2Flink%3Furl%3D5IHuDWcJH6_AuRNC8MfyDx3W2lzMs6sFbeM398uF6ZQCHOfXbV9yTR3887mol7YY5tJYZ10u16VjcYCw65KENJi3As7ZTSNIjQW6ikZ5Bj3", "http://redirect.citexplore.com/redirect?title=Intro%20to%20the%20Universal%20Windows%20Platform%20-%20UWP%20app%20developer%20%7C...&urlsnippet=https%3A%2F%2Fdocs.microsoft.com%2Fen-...%C2%A0&url=http%3A%2F%2Fwww.baidu.com%2Flink%3Furl%3D9IOyF0sUwfD2qm7Rx4YRQvUdMZDVP7UG1RFUL3bNVt5r948jSdRG0M-Fu4A3CtlwMQHYsnaOmhlJ37Z_X99hwr1G3VDAO9LuVTblmi1DTqyKtY5XQ6n-NtNNJMUyyp3B-G8-6AcaeNjGuE4zGXNdqa", "http://redirect.citexplore.com/redirect?title=UWP%20Windows%E5%8E%86%E5%8F%B2%E4%B8%8A%E6%9C%80%E6%BC%82%E4%BA%AE%E7%9A%84UWP%E6%A1%86%E6%9E%B6%E5%87%BA%E7%82%89!!!%20-%20%E6%98%9F%E6%9C%9F%E5%85%AB%E5%86%8D%E5%A8%B6%E4%BD%A0%20-%20%E5%8D%9A%E5%AE%A2%E5%9B%AD&urlsnippet=https%3A%2F%2Fwww.cnblogs.com%2Fhupo37...%C2%A0&url=http%3A%2F%2Fwww.baidu.com%2Flink%3Furl%3Dkc9Q78j_IkWOXmWJO6PGPu5x3rmnc6lHX2SM0nkNu-1HCR12zBLdY4aV40CYCXiB95EZQoc9g1Sd84YKJi7Aqa", "http://redirect.citexplore.com/redirect?title=University%20Of%20Wisconsin%20-%20Parkside&urlsnippet=uwp.edu%2F%C2%A0&url=http%3A%2F%2Fwww.baidu.com%2Flink%3Furl%3DiCQDtfk6v1ajtQjEaLGDIFDy7XzvIvvhJasbUyooasy", "http://redirect.citexplore.com/redirect?title=%E9%83%BD%E5%B7%B2%E7%BB%8F%E8%BF%87%E4%BA%86%E9%82%A3%E4%B9%88%E4%B9%85%20%E5%BE%AE%E8%BD%AF%E7%9A%84UWP%E8%BF%98%E6%9C%89%E6%B2%A1%E6%9C%89%E6%95%91%E4%BA%86%3F_%E7%BD%91%E6%98%93%E6%95%B0%E7%A0%81&urlsnippet=digi.163.com%2F17%2F0406%2F1...%C2%A0&url=http%3A%2F%2Fwww.baidu.com%2Flink%3Furl%3DVPvBLSjO0TKQ-E45a-41Ku6XrMHV5-dBEn1rhh-qzsopVTHZDibjuNJOh--yvaJxHXR0V5Rv-UDvMR42UL6GWq", "http://redirect.citexplore.com/redirect?title=UWP.CN%7CWin10%E9%80%9A%E7%94%A8%E5%BA%94%E7%94%A8%E5%88%86%E4%BA%AB%E5%B9%B3%E5%8F%B0&urlsnippet=uwp.cn%2F%C2%A0&url=http%3A%2F%2Fwww.baidu.com%2Flink%3Furl%3D11PEVRDRBaP_L2dPkvyzAE5e9oEXI3-SM1Yc_Pdezjy" ],
    "url" : "https://www.baidu.com/baidu?wd=uwp%E6%80%8E%E4%B9%88%E8%AE%A9%E7%94%A8%E6%88%B7%E9%80%89%E6%8B%A9%E6%8C%87%E5%AE%9A%E6%A0%BC%E5%BC%8F%E7%9A%84%E6%96%87%E4%BB%B6%E5%B9%B6%E6%89%93%E5%BC%80&tn=monline_dg&ie=utf-8",
    "tabId" : 2,
    "sequenceId" : 4,
    "id" : "20154454",
    "timestamp" : 1522295549078,
    "serverTimestamp" : 1522295553592,
    "query" : "uwp怎么让用户选择指定格式的文件并打开"
  } ]
}, {
  "mergedAction" : "session",
  "mergedActions" : [ {
    "action" : "serp",
    "encrypted" : true,
    "urls" : [ "http://redirect.citexplore.com/redirect?title=UWP%E5%85%A5%E9%97%A8(%E5%8D%81%E4%B8%80)--%E4%BD%BF%E7%94%A8%E9%80%89%E5%8F%96%E5%99%A8%E6%89%93%E5%BC%80%E6%96%87%E4%BB%B6%E5%92%8C%E6%96%87%E4%BB%B6%E5%A4%B9%20-%20CSDN%E5%8D%9A%E5%AE%A2&urlsnippet=https%3A%2F%2Fblog.csdn.net%2Fu0110339...%C2%A0&url=http%3A%2F%2Fwww.baidu.com%2Flink%3Furl%3D7NiwLK7jBQV_kEdVkY8XfnMY2Yf5ApHm3uS1dLsQVBMxG2HqkuPUcLfb82ja1VBOxh80IgeAGkxmP4zdAFfH2PTgZISlL9IYU8_IHgypfQy", "http://redirect.citexplore.com/redirect?title=uwp%E9%80%89%E5%8F%96%E6%96%87%E4%BB%B6%E5%A4%B9%E5%B9%B6%E8%AF%BB%E5%8F%96%E5%85%B6%E4%B8%AD%E7%9A%84%E5%9B%BE%E7%89%87%20-%20%E5%A4%A9%E7%A9%BA%E7%9A%84%E5%BD%B1%E5%AD%90%20-%20%E5%8D%9A%E5%AE%A2%E5%9B%AD&urlsnippet=https%3A%2F%2Fwww.cnblogs.com%2Fbestck...%C2%A0&url=http%3A%2F%2Fwww.baidu.com%2Flink%3Furl%3DCUAiEC3Dd1czH6W6MfInc31uWtWbWSHRQwEvFaRtN5cbee0u4zfLIeurDGIYdYgHyO5A0thDQrZOWaF2SsZEiq", "http://redirect.citexplore.com/redirect?title=win10%20uwp%20%E4%BF%9D%E5%AD%98%E7%94%A8%E6%88%B7%E9%80%89%E6%8B%A9%E6%96%87%E4%BB%B6%E5%A4%B9%20-%20CSDN%E5%8D%9A%E5%AE%A2&urlsnippet=https%3A%2F%2Fblog.csdn.net%2Flindexi_...%C2%A0&url=http%3A%2F%2Fwww.baidu.com%2Flink%3Furl%3Dtagz4bX8pHR-cU6aj0yhyXALqUPPr9b3mNaW3iwVIvMkAt6cU5Uq2K6A3TXhRoiGgA3cCy-xWw2hBZu1K6rtFH6RUIOiw6IM2_tJPCqdi1S", "http://redirect.citexplore.com/redirect?title=uwp%E5%BC%80%E5%8F%91%E2%80%94%E2%80%94%E2%80%94%E6%96%87%E4%BB%B6%E9%80%89%E5%8F%96%20-%20CSDN%E5%8D%9A%E5%AE%A2&urlsnippet=https%3A%2F%2Fblog.csdn.net%2Fcsdn_erg...%C2%A0&url=http%3A%2F%2Fwww.baidu.com%2Flink%3Furl%3DeOcDpXPuaHkcp-LJt1woK2jidgjqOTeZRZgjFPG_mLff_5GrUVVqKBJ8BcNzrVXS_iHMJvvdZ_jkpKRBqitl-TVm4_Aee8EBwrn1W71a2Oi", "http://redirect.citexplore.com/redirect?title=UWP%E5%A6%82%E4%BD%95%E6%89%93%E5%BC%80%E5%B7%B2%E5%AD%98%E5%9C%A8%E7%9A%84%E6%96%87%E4%BB%B6%3F%E6%89%93%E5%BC%80%E6%96%87%E4%BB%B6%E6%97%B6%E8%B7%AF%E5%BE%84%E5%8F%82%E6%95%B0%E6%80%8E%E4%B9%88%E8%AE%BE%E7%BD%AE_%E7%99%BE%E5%BA%A6%E7%9F%A5%E9%81%93&urlsnippet=https%3A%2F%2Fzhidao.baidu.com%2Fquest...%C2%A0&url=http%3A%2F%2Fwww.baidu.com%2Flink%3Furl%3DPOJi0l27Hx-hV8qPV0ohIA2XMsPx0k6phkUCYol_OPGeXAbEms4CdimPqpQdplwJxTRyRfmUzE8xM2NgljpqCu2NXQmUvh10ojAeDDvL5eS", "http://redirect.citexplore.com/redirect?title=UWP%E5%A6%82%E4%BD%95%E6%89%93%E5%BC%80%E5%B7%B2%E5%AD%98%E5%9C%A8%E7%9A%84%E6%96%87%E4%BB%B6%3F%E6%89%93%E5%BC%80%E6%96%87%E4%BB%B6%E6%97%B6%E8%B7%AF%E5%BE%84%E5%8F%82%E6%95%B0%E6%80%8E%E4%B9%88%E8%AE%BE%E7%BD%AE%3F%20-%20%E5%BE%AE%E8%BD%AF...&urlsnippet=bbs.wfun.com%2Fthread-91...%C2%A0&url=http%3A%2F%2Fwww.baidu.com%2Flink%3Furl%3DxzYpMcMtkpBWj2CToVkm5xgcpqJbZRTUHmbHsxdY9kkb7E_TZW-Ih4PNaHHOnhSZT8wAdM2-4o9qOS6kCrldAK", "http://redirect.citexplore.com/redirect?title=%E3%80%90%E8%BD%AC%E8%BD%BD%E3%80%91UWP%E5%BA%94%E7%94%A8%E8%AE%BE%E7%BD%AE%E5%92%8C%E6%96%87%E4%BB%B6%E8%AE%BE%E7%BD%AE%3A%E7%A7%91%E6%99%AE%20-%20%E5%A7%9C%E5%AD%90%E7%91%9C%20-%20%E5%8D%9A%E5%AE%A2%E5%9B%AD&urlsnippet=https%3A%2F%2Fwww.cnblogs.com%2Fldzhan...%C2%A0&url=http%3A%2F%2Fwww.baidu.com%2Flink%3Furl%3DUDoBVfk8F3ZsvdJUoEtGcs4nEYJJkAssKqBXttvBT_EFCPz1rO95o18xLXJECOQAOBIwTXQ6Qi63U5z3bhltaa", "http://redirect.citexplore.com/redirect?title=%E3%80%90UWP%E9%80%9A%E7%94%A8%E5%BA%94%E7%94%A8%E5%BC%80%E5%8F%91%E3%80%91%E6%96%87%E4%BB%B6%E9%80%89%E5%8F%96%E5%99%A8%E3%80%81%E8%8E%B7%E5%8F%96%E6%96%87%E4%BB%B6%E5%B1%9E%E6%80%A7%E3%80%81%E5%86%99%E5%85%A5%E5%92%8C%E8%AF%BB%E5%8F%96%E3%80%81%E4%BF%9D%E5%AD%98...&urlsnippet=https%3A%2F%2Fyq.aliyun.com%2Farticles...%C2%A0&url=http%3A%2F%2Fwww.baidu.com%2Flink%3Furl%3DcZFhAl4DVWTHZga1fHEim5d5UaIIPb8IehA2cquWClqwUDY8SqNFZcl4T5RWd4qD", "http://redirect.citexplore.com/redirect?title=uwp%E5%BC%80%E5%8F%91%3A%E9%80%89%E4%B8%AD%E6%96%87%E4%BB%B6%E5%B9%B6%E4%B8%8A%E4%BC%A0%E8%87%B3%E6%9C%8D%E5%8A%A1%E5%99%A8%20-%20%E6%90%AC%E7%A0%96%E7%9A%84%E5%8C%85%E5%B7%A5%E5%A4%B4%20-%20%E5%8D%9A%E5%AE%A2%E5%9B%AD&urlsnippet=https%3A%2F%2Fwww.cnblogs.com%2Fwpali%2F...%C2%A0&url=http%3A%2F%2Fwww.baidu.com%2Flink%3Furl%3D65ScI57XJE4QHVyqc6ym1PstBK96azeFc7HEMR_q2Ffz-MJX_qcOyzvcDOLNEZ6jvDyTDumQIJqq8MwVNz67gq" ],
    "url" : "https://www.baidu.com/baidu?wd=uwp%E6%80%8E%E4%B9%88%E8%AE%A9%E7%94%A8%E6%88%B7%E9%80%89%E6%8B%A9%E6%8C%87%E5%AE%9A%E6%A0%BC%E5%BC%8F%E7%9A%84%E6%96%87%E4%BB%B6%E5%B9%B6%E6%89%93%E5%BC%80&tn=monline_dg&ie=utf-8",
    "tabId" : 2,
    "sequenceId" : 4,
    "id" : "20154454",
    "timestamp" : 1522286696958,
    "serverTimestamp" : 1522286701629,
    "query" : "uwp怎么让用户选择指定格式的文件并打开"
  }, {
    "tabId" : 4,
    "url" : "https://www.baidu.com/link?url=CUAiEC3Dd1czH6W6MfInc31uWtWbWSHRQwEvFaRtN5cbee0u4zfLIeurDGIYdYgHyO5A0thDQrZOWaF2SsZEiq&wd=&eqid=9fb8cf0e000008c8000000035abc4069",
    "sourceTabId" : 2,
    "refer" : "https://www.baidu.com/baidu?wd=uwp%E6%80%8E%E4%B9%88%E8%AE%A9%E7%94%A8%E6%88%B7%E9%80%89%E6%8B%A9%E6%8C%87%E5%AE%9A%E6%A0%BC%E5%BC%8F%E7%9A%84%E6%96%87%E4%BB%B6%E5%B9%B6%E6%89%93%E5%BC%80&tn=monline_dg&ie=utf-8",
    "timestamp" : 1522286707116,
    "action" : "request",
    "sequenceId" : 4,
    "id" : "20154454",
    "serverTimestamp" : 1522286711827
  }, {
    "tabId" : 3,
    "url" : "https://www.baidu.com/link?url=7NiwLK7jBQV_kEdVkY8XfnMY2Yf5ApHm3uS1dLsQVBMxG2HqkuPUcLfb82ja1VBOxh80IgeAGkxmP4zdAFfH2PTgZISlL9IYU8_IHgypfQy&wd=&eqid=9fb8cf0e000008c8000000035abc4069",
    "sourceTabId" : 2,
    "refer" : "https://www.baidu.com/baidu?wd=uwp%E6%80%8E%E4%B9%88%E8%AE%A9%E7%94%A8%E6%88%B7%E9%80%89%E6%8B%A9%E6%8C%87%E5%AE%9A%E6%A0%BC%E5%BC%8F%E7%9A%84%E6%96%87%E4%BB%B6%E5%B9%B6%E6%89%93%E5%BC%80&tn=monline_dg&ie=utf-8",
    "timestamp" : 1522286707530,
    "action" : "request",
    "sequenceId" : 4,
    "id" : "20154454",
    "serverTimestamp" : 1522286712273
  }, {
    "tabId" : 4,
    "url" : "https://www.baidu.com/link?url=CUAiEC3Dd1czH6W6MfInc31uWtWbWSHRQwEvFaRtN5cbee0u4zfLIeurDGIYdYgHyO5A0thDQrZOWaF2SsZEiq&wd=&eqid=9fb8cf0e000008c8000000035abc4069",
    "timestamp" : 1522286707678,
    "action" : "active",
    "sequenceId" : 4,
    "id" : "20154454",
    "serverTimestamp" : 1522286712330
  }, {
    "tabId" : 3,
    "url" : "https://www.baidu.com/link?url=7NiwLK7jBQV_kEdVkY8XfnMY2Yf5ApHm3uS1dLsQVBMxG2HqkuPUcLfb82ja1VBOxh80IgeAGkxmP4zdAFfH2PTgZISlL9IYU8_IHgypfQy&wd=&eqid=9fb8cf0e000008c8000000035abc4069",
    "timestamp" : 1522286708720,
    "action" : "active",
    "sequenceId" : 4,
    "id" : "20154454",
    "serverTimestamp" : 1522286713389
  }, {
    "tabId" : 4,
    "url" : "https://www.cnblogs.com/bestckk/p/6035139.html",
    "refer" : "https://www.baidu.com/link?url=CUAiEC3Dd1czH6W6MfInc31uWtWbWSHRQwEvFaRtN5cbee0u4zfLIeurDGIYdYgHyO5A0thDQrZOWaF2SsZEiq&wd=&eqid=9fb8cf0e000008c8000000035abc4069",
    "timestamp" : 1522286710926,
    "action" : "request",
    "sequenceId" : 4,
    "id" : "20154454",
    "serverTimestamp" : 1522286715579
  }, {
    "tabId" : 3,
    "url" : "https://blog.csdn.net/u011033906/article/details/65448394",
    "refer" : "https://www.baidu.com/link?url=7NiwLK7jBQV_kEdVkY8XfnMY2Yf5ApHm3uS1dLsQVBMxG2HqkuPUcLfb82ja1VBOxh80IgeAGkxmP4zdAFfH2PTgZISlL9IYU8_IHgypfQy&wd=&eqid=9fb8cf0e000008c8000000035abc4069",
    "timestamp" : 1522286711924,
    "action" : "request",
    "sequenceId" : 4,
    "id" : "20154454",
    "serverTimestamp" : 1522286716593
  }, {
    "tabId" : 4,
    "url" : "https://www.cnblogs.com/bestckk/p/6035139.html",
    "timestamp" : 1522286730494,
    "action" : "active",
    "sequenceId" : 4,
    "id" : "20154454",
    "serverTimestamp" : 1522286735104
  }, {
    "url" : "https://www.cnblogs.com/bestckk/p/6035139.html",
    "timestamp" : 1522286742328,
    "action" : "active",
    "sequenceId" : 4,
    "id" : "20154454",
    "serverTimestamp" : 1522286747015
  }, {
    "tabId" : 3,
    "url" : "https://blog.csdn.net/u011033906/article/details/65448394",
    "timestamp" : 1522286780390,
    "action" : "active",
    "sequenceId" : 4,
    "id" : "20154454",
    "serverTimestamp" : 1522286785027
  }, {
    "url" : "https://blog.csdn.net/u011033906/article/details/65448394",
    "timestamp" : 1522286819346,
    "action" : "active",
    "sequenceId" : 4,
    "id" : "20154454",
    "serverTimestamp" : 1522286824065
  } ]
}, {
  "mergedAction" : "session",
  "mergedActions" : [ {
    "action" : "serp",
    "encrypted" : true,
    "urls" : [ "http://redirect.citexplore.com/redirect?title=win10%20uwp%20%E4%BF%9D%E5%AD%98%E7%94%A8%E6%88%B7%E9%80%89%E6%8B%A9%E6%96%87%E4%BB%B6%E5%A4%B9%20-%20CSDN%E5%8D%9A%E5%AE%A2&urlsnippet=https%3A%2F%2Fblog.csdn.net%2Flindexi_...%C2%A0&url=http%3A%2F%2Fwww.baidu.com%2Flink%3Furl%3Dh4ZV7DVnrtMlhSo18LtqNKE7e_7hj6_LpaMrn3mZn08HGlGrQzvTFfQsNRN_udnXbixD-n5Ghr8cVM_81irGI-n8YgqI3-kq7YKNQYxV4ua", "http://redirect.citexplore.com/redirect?title=%E3%80%90%E8%BD%AC%E8%BD%BD%E3%80%91UWP%E5%BA%94%E7%94%A8%E8%AE%BE%E7%BD%AE%E5%92%8C%E6%96%87%E4%BB%B6%E8%AE%BE%E7%BD%AE%3A%E7%A7%91%E6%99%AE%20-%20%E5%A7%9C%E5%AD%90%E7%91%9C%20-%20%E5%8D%9A%E5%AE%A2%E5%9B%AD&urlsnippet=https%3A%2F%2Fwww.cnblogs.com%2Fldzhan...%C2%A0&url=http%3A%2F%2Fwww.baidu.com%2Flink%3Furl%3DKWNiZyH352dbJUzCIsYrbq8dHjx6-m5kHabVtDFC7t3645T9KOYZpccOyyDWcFoIhm4taTn-oxZVtnlDB_N3Ba", "http://redirect.citexplore.com/redirect?title=UWP%E5%85%A5%E9%97%A8(%E5%8D%81%E4%B8%80)--%E4%BD%BF%E7%94%A8%E9%80%89%E5%8F%96%E5%99%A8%E6%89%93%E5%BC%80%E6%96%87%E4%BB%B6%E5%92%8C%E6%96%87%E4%BB%B6%E5%A4%B9%20-%20CSDN%E5%8D%9A%E5%AE%A2&urlsnippet=https%3A%2F%2Fblog.csdn.net%2Fu0110339...%C2%A0&url=http%3A%2F%2Fwww.baidu.com%2Flink%3Furl%3Dc38qmb-8QX0fuSpM8yh2SOBuWqB5Or9EeY5rYY-RNqHvKIiPrhIGyVykB4ULRkqxVbs3SWhNniC3BvutSXjVFeUwozmsatX7RZz3VTE5Ila", "http://redirect.citexplore.com/redirect?title=%E3%80%90UWP%E9%80%9A%E7%94%A8%E5%BA%94%E7%94%A8%E5%BC%80%E5%8F%91%E3%80%91%E6%96%87%E4%BB%B6%E9%80%89%E5%8F%96%E5%99%A8%E3%80%81%E8%8E%B7%E5%8F%96%E6%96%87%E4%BB%B6%E5%B1%9E%E6%80%A7%E3%80%81%E5%86%99%E5%85%A5%E5%92%8C%E8%AF%BB%E5%8F%96%E3%80%81%E4%BF%9D%E5%AD%98...&urlsnippet=https%3A%2F%2Fyq.aliyun.com%2Farticles...%C2%A0&url=http%3A%2F%2Fwww.baidu.com%2Flink%3Furl%3Dw7WvaPDjsMvgf9B2K2OhbY7-phRlB-ERdlwn6MpdWc_A6dYSxg5SIoZr8WM90uEr", "http://redirect.citexplore.com/redirect?title=UWP%E5%A6%82%E4%BD%95%E6%89%93%E5%BC%80%E5%B7%B2%E5%AD%98%E5%9C%A8%E7%9A%84%E6%96%87%E4%BB%B6%3F%E6%89%93%E5%BC%80%E6%96%87%E4%BB%B6%E6%97%B6%E8%B7%AF%E5%BE%84%E5%8F%82%E6%95%B0%E6%80%8E%E4%B9%88%E8%AE%BE%E7%BD%AE_%E7%99%BE%E5%BA%A6%E7%9F%A5%E9%81%93&urlsnippet=https%3A%2F%2Fzhidao.baidu.com%2Fquest...%C2%A0&url=http%3A%2F%2Fwww.baidu.com%2Flink%3Furl%3DkkAlfaJKMqm4t-fr_o9v9loeNBpImfjF6Kl59E0HI88jjTdbhaoi-G3OlNXTcTm1-sciMG2D73x8FqS4BiyttZf2MAkJ03moPerFpgLxzf7", "http://redirect.citexplore.com/redirect?title=%E3%80%90UWP%E9%80%9A%E7%94%A8%E5%BA%94%E7%94%A8%E5%BC%80%E5%8F%91%E3%80%91%E6%96%87%E4%BB%B6%E9%80%89%E5%8F%96%E5%99%A8%E3%80%81%E8%8E%B7%E5%8F%96%E6%96%87%E4%BB%B6%E5%B1%9E%E6%80%A7%E3%80%81%E5%86%99%E5%85%A5%E5%92%8C..._%E7%BA%A2%E9%BB%91%E8%81%94%E7%9B%9F&urlsnippet=https%3A%2F%2Fwww.2cto.com%2Fkf%2F201512...%C2%A0&url=http%3A%2F%2Fwww.baidu.com%2Flink%3Furl%3DWnacS6PcaeInRUxdeIjPzWXzZxkac2FZ-pijIPwJb1kWdbYO2IafcxjpdCFsySofWN6cB9oMQNPyeO1uUzkvyq", "http://redirect.citexplore.com/redirect?title=win10%20UWP%E8%AF%BB%E5%86%99%E6%96%87%E4%BB%B6%20-%20CSDN%E5%8D%9A%E5%AE%A2&urlsnippet=https%3A%2F%2Fblog.csdn.net%2Flindexi_...%C2%A0&url=http%3A%2F%2Fwww.baidu.com%2Flink%3Furl%3DIbApQRCqV0I6StxceKWDo8RNbmuh_-Ah7_LM7vuIDGnfwufiooMX3auXNWy82zp3mANDK9j0nvhxvMPJ8VcHxJX9BvyGnRHTE5qAVrSr2nW", "http://redirect.citexplore.com/redirect?title=%E6%B1%82%E5%8A%A9%E5%95%8A%2Cuwp%E4%B8%8B%E5%88%B0%E5%93%AA%E4%B8%AA%E6%96%87%E4%BB%B6%E5%A4%B9%E9%87%8C%E5%95%8A%E2%80%A6%E2%80%A6_uwp%E5%90%A7_%E7%99%BE%E5%BA%A6%E8%B4%B4%E5%90%A7&urlsnippet=tieba.baidu.com%2Fp%2F4219...%C2%A0&url=http%3A%2F%2Fwww.baidu.com%2Flink%3Furl%3DOPDAIRcWc36BjsVPCQ0BMQsOBSMM3WNRYJAVM4vXUGf8wMXKEbsYvwKuKwOrGZLi", "http://redirect.citexplore.com/redirect?title=UWP%E5%A6%82%E4%BD%95%E6%89%93%E5%BC%80%E5%B7%B2%E5%AD%98%E5%9C%A8%E7%9A%84%E6%96%87%E4%BB%B6%3F%E6%89%93%E5%BC%80%E6%96%87%E4%BB%B6%E6%97%B6%E8%B7%AF%E5%BE%84%E5%8F%82%E6%95%B0%E6%80%8E%E4%B9%88%E8%AE%BE%E7%BD%AE%3F%20-%20%E5%BE%AE%E8%BD%AF...&urlsnippet=bbs.wfun.com%2Fthread-91...%C2%A0&url=http%3A%2F%2Fwww.baidu.com%2Flink%3Furl%3D-n5v_aylkVs3tY7A_d9oVFskbZa9gU0D43e-3FShOz9vHvs5GS0oJLZrm7OwKdMbXqvn7apAyqxZnZ8EcYERS_", "http://redirect.citexplore.com/redirect?title=Windows%2010%20UWP%E5%BC%80%E5%8F%91%3A%E5%A6%82%E4%BD%95%E4%BF%9D%E5%AD%98%E5%9B%BE%E7%89%87%E6%96%87%E4%BB%B6%20-%20%E4%B8%BA%E7%A8%8B%E5%BA%8F%E5%91%98%E6%9C%8D%E5%8A%A1&urlsnippet=ju.outofmemory.cn%2Fentr...%C2%A0&url=http%3A%2F%2Fwww.baidu.com%2Flink%3Furl%3DIN8AANGYTEmvebtnN2H1jfqEcBmiT2eF_dMnqXwYlIr6nfk5jNSijezSSIRYsmXm" ],
    "url" : "https://www.baidu.com/baidu?tn=monline_3_dg&ie=utf-8&wd=uwp%E5%A6%82%E4%BD%95%E8%AE%A9%E7%94%A8%E6%88%B7%E8%87%AA%E8%A1%8C%E9%80%89%E6%8B%A9%E6%96%87%E4%BB%B6%E7%B1%BB%E5%9E%8B",
    "tabId" : 1,
    "sequenceId" : 2,
    "id" : "20154454",
    "timestamp" : 1522412832524,
    "serverTimestamp" : 1522412832724,
    "query" : "uwp如何让用户自行选择文件类型"
  } ]
}, {
  "mergedAction" : "session",
  "mergedActions" : [ {
    "tabId" : 1,
    "url" : "https://docs.microsoft.com/en-us/windows/uwp/get-started/plan-your-app",
    "refer" : "https://uvp.neu.edu.cn/Portal/GroupAssignments/Edit?id=1008",
    "timestamp" : 1522578170854,
    "action" : "request",
    "sequenceId" : 2,
    "id" : "20154454",
    "serverTimestamp" : 1522578171014
  }, {
    "url" : "https://docs.microsoft.com/en-us/windows/uwp/get-started/plan-your-app",
    "timestamp" : 1522578174738,
    "action" : "active",
    "sequenceId" : 2,
    "id" : "20154454",
    "serverTimestamp" : 1522578174843
  } ]
}, {
  "mergedAction" : "session",
  "mergedActions" : [ {
    "action" : "serp",
    "encrypted" : true,
    "urls" : [ "http://redirect.citexplore.com/redirect?title=2017%E5%B9%B4Win10%E6%9C%89%E5%93%AA%E4%BA%9B%E5%A5%BD%E7%94%A8%E7%9A%84UWP%E5%BA%94%E7%94%A8%3F%20-%20%E7%9F%A5%E4%B9%8E&urlsnippet=https%3A%2F%2Fwww.zhihu.com%2Fquestion...%C2%A0&url=http%3A%2F%2Fwww.baidu.com%2Flink%3Furl%3DGQoM1d5Lg45YVO2eXL-pHz-K56Wru9-9VF-IGYMXfmb8e5AOGDIjVTqaTAOCSLihZiVMyZwywtiewn1x9Tma09WdPTvg-3muhRjqOAr5tnu", "http://redirect.citexplore.com/redirect?title=%E8%B4%AD%E4%B9%B0%20%E7%BD%91%E6%98%93%E4%BA%91%E9%9F%B3%E4%B9%90UWP%20-%20Microsoft%20Store%20zh-CN&urlsnippet=https%3A%2F%2Fwww.microsoft.com%2Fzh-c...%C2%A0&url=http%3A%2F%2Fwww.baidu.com%2Flink%3Furl%3DEphPJn8HtF4Id_T0XXWYhAhPMvkxHmNGeJehh956bblYbVdlxlC72UmuPatIxAVs4o9fD6Oeyo-W6Jn32NmIsdwTJ8dqa_dEIqIvrABdvFTx4Xhp0m0lU7gO_4TbRTuS_JzXH_6huY81UZH4RhvZeK", "http://redirect.citexplore.com/redirect?title=Introduction%20to%20Universal%20Windows%20Platform%20(UWP)%20app%20design%20(...&urlsnippet=https%3A%2F%2Fdocs.microsoft.com%2Fen-...%C2%A0&url=http%3A%2F%2Fwww.baidu.com%2Flink%3Furl%3DsRrhLGPZnHoSkfSCmFn37P_chQEu4e7P6mKvc7x16VqQMHer680dB5Tvmuv4XvRW50UeS0NI6gxDnREIM07ISuU__6sRIJsrzPDH1vOm-P4uTEv-LrfhKDiRPKNHVpCf", "http://redirect.citexplore.com/redirect?title=What's%20a%20Universal%20Windows%20Platform%20(UWP)%20app%3F%20-%20UWP%20app%20...&urlsnippet=https%3A%2F%2Fdocs.microsoft.com%2Fen-...%C2%A0&url=http%3A%2F%2Fwww.baidu.com%2Flink%3Furl%3DUNdm0jzdqacE4JqsLDxYsIYPrjsoKJFRnaH4o4H19yPcyk9R5Lm4P9FXNSjBiqvyBYoHVmPpDAzBG0ly_05SR0jqCcM5fSn1UOr_BkYyp4i", "http://redirect.citexplore.com/redirect?title=UWP%20Windows%E5%8E%86%E5%8F%B2%E4%B8%8A%E6%9C%80%E6%BC%82%E4%BA%AE%E7%9A%84UWP%E6%A1%86%E6%9E%B6%E5%87%BA%E7%82%89!!!%20-%20%E6%98%9F%E6%9C%9F%E5%85%AB%E5%86%8D%E5%A8%B6%E4%BD%A0%20-%20%E5%8D%9A%E5%AE%A2%E5%9B%AD&urlsnippet=https%3A%2F%2Fwww.cnblogs.com%2Fhupo37...%C2%A0&url=http%3A%2F%2Fwww.baidu.com%2Flink%3Furl%3DiyqQ57vSoaNEkibEYvySRizshaDA4YaX62bHlwHJ1FjCzTyDcrQz1nDmC5vsXYgy3JYwazZaeiX47lNNd-7txK", "http://redirect.citexplore.com/redirect?title=%E9%83%BD%E5%B7%B2%E7%BB%8F%E8%BF%87%E4%BA%86%E9%82%A3%E4%B9%88%E4%B9%85%20%E5%BE%AE%E8%BD%AF%E7%9A%84UWP%E8%BF%98%E6%9C%89%E6%B2%A1%E6%9C%89%E6%95%91%E4%BA%86%3F_%E7%BD%91%E6%98%93%E6%95%B0%E7%A0%81&urlsnippet=digi.163.com%2F17%2F0406%2F1...%C2%A0&url=http%3A%2F%2Fwww.baidu.com%2Flink%3Furl%3DfVVz40JpKfnia5etePv95zxcUiOjcn7Cd2f42m00GpapK9R3QPoxL5FbbtSjEHn7LcD5B_NyzcUzr5Ce5jU8yK", "http://redirect.citexplore.com/redirect?title=Win10%20UWP%E5%BC%80%E5%8F%91%E5%BF%AB%E9%80%9F%E5%85%A5%E9%97%A8%E6%8C%87%E5%8D%97%20-%20UWP%2CWin10%2CC%20-%20IT%E4%B9%8B%E5%AE%B6&urlsnippet=https%3A%2F%2Fwww.ithome.com%2Fhtml%2Fwi...%C2%A0&url=http%3A%2F%2Fwww.baidu.com%2Flink%3Furl%3DReoddZyPFOgASsBP42xdyH8RTbqZ1Uovh_wK1j7BFvQ_BLV0JtDUhgOU4a_BRETwphedi8acOVAHEirIxchy8a", "http://redirect.citexplore.com/redirect?title=UWP.CN%7CWin10%E9%80%9A%E7%94%A8%E5%BA%94%E7%94%A8%E5%88%86%E4%BA%AB%E5%B9%B3%E5%8F%B0&urlsnippet=uwp.cn%2F%C2%A0&url=http%3A%2F%2Fwww.baidu.com%2Flink%3Furl%3DzvEJTp5tcD8NmHryw685KDNaaZNSx6oq0eqBTU4Psvy" ],
    "url" : "https://www.baidu.com/baidu?wd=uwp&tn=monline_dg&ie=utf-8",
    "tabId" : 1,
    "sequenceId" : 2,
    "id" : "20154454",
    "timestamp" : 1522592944948,
    "serverTimestamp" : 1522592944192,
    "query" : "uwp"
  }, {
    "action" : "serp",
    "encrypted" : true,
    "urls" : [ "http://redirect.citexplore.com/redirect?title=UWP%E5%85%A5%E9%97%A8(%E5%8D%81%E4%B8%80)--%E4%BD%BF%E7%94%A8%E9%80%89%E5%8F%96%E5%99%A8%E6%89%93%E5%BC%80%E6%96%87%E4%BB%B6%E5%92%8C%E6%96%87%E4%BB%B6%E5%A4%B9%20-%20CSDN%E5%8D%9A%E5%AE%A2&urlsnippet=https%3A%2F%2Fblog.csdn.net%2Fu0110339...%C2%A0&url=http%3A%2F%2Fwww.baidu.com%2Flink%3Furl%3DdZK2zvpnXAgoaQRxexRFODwO5840UsHafydEqTnsf57mLDwtbz7LnIFOJL8AejktmsJtaJjz0JnBiw721CeJXZvypGwN09FJmYYT1A-WklS", "http://redirect.citexplore.com/redirect?title=uwp%E9%80%89%E5%8F%96%E6%96%87%E4%BB%B6%E5%A4%B9%E5%B9%B6%E8%AF%BB%E5%8F%96%E5%85%B6%E4%B8%AD%E7%9A%84%E5%9B%BE%E7%89%87%20-%20%E5%A4%A9%E7%A9%BA%E7%9A%84%E5%BD%B1%E5%AD%90%20-%20%E5%8D%9A%E5%AE%A2%E5%9B%AD&urlsnippet=https%3A%2F%2Fwww.cnblogs.com%2Fbestck...%C2%A0&url=http%3A%2F%2Fwww.baidu.com%2Flink%3Furl%3DLjKBaCk5K_pUIJgywTFyFFFUIUFAAft-cui1pYl01HlWct5RdGNW8hUW723RhTQp1B_Ea4d9q4FefI0AGfgeLa", "http://redirect.citexplore.com/redirect?title=win10%20uwp%20%E4%BF%9D%E5%AD%98%E7%94%A8%E6%88%B7%E9%80%89%E6%8B%A9%E6%96%87%E4%BB%B6%E5%A4%B9%20-%20CSDN%E5%8D%9A%E5%AE%A2&urlsnippet=https%3A%2F%2Fblog.csdn.net%2Flindexi_...%C2%A0&url=http%3A%2F%2Fwww.baidu.com%2Flink%3Furl%3DFvlhB249rnGzikjuee2en4acBqp9TkJsGAi8J30989lf7BqAUTLJB5L3WKJ2gVZFgEwYu9XIjc701jEC2FcnUJ4U9vAGVGmQT87simG59uO", "http://redirect.citexplore.com/redirect?title=uwp%E5%BC%80%E5%8F%91%E2%80%94%E2%80%94%E2%80%94%E6%96%87%E4%BB%B6%E9%80%89%E5%8F%96%20-%20CSDN%E5%8D%9A%E5%AE%A2&urlsnippet=https%3A%2F%2Fblog.csdn.net%2Fcsdn_erg...%C2%A0&url=http%3A%2F%2Fwww.baidu.com%2Flink%3Furl%3Dsyyes0Zbk36OU7c2xOuYFGUeE77c_XKuK2Rsi987Q3IpWiK3IXHuJ7ZTIBlR-q54WQISLpIg9ienfRLxu315Qal-k7WvRdWSgghhnaV8UMq", "http://redirect.citexplore.com/redirect?title=UWP%E5%A6%82%E4%BD%95%E6%89%93%E5%BC%80%E5%B7%B2%E5%AD%98%E5%9C%A8%E7%9A%84%E6%96%87%E4%BB%B6%3F%E6%89%93%E5%BC%80%E6%96%87%E4%BB%B6%E6%97%B6%E8%B7%AF%E5%BE%84%E5%8F%82%E6%95%B0%E6%80%8E%E4%B9%88%E8%AE%BE%E7%BD%AE_%E7%99%BE%E5%BA%A6%E7%9F%A5%E9%81%93&urlsnippet=https%3A%2F%2Fzhidao.baidu.com%2Fquest...%C2%A0&url=http%3A%2F%2Fwww.baidu.com%2Flink%3Furl%3DLzQjbEIXR0-eFNUBCzT6dt2QgUjwryzPtdi_UI0mtorXZrFwF7uYckvThghGOOfpinCZV7PtF8B5TC3aqfOg9xDqXVgYBw-FKuWsZXtseZa", "http://redirect.citexplore.com/redirect?title=UWP%E5%A6%82%E4%BD%95%E6%89%93%E5%BC%80%E5%B7%B2%E5%AD%98%E5%9C%A8%E7%9A%84%E6%96%87%E4%BB%B6%3F%E6%89%93%E5%BC%80%E6%96%87%E4%BB%B6%E6%97%B6%E8%B7%AF%E5%BE%84%E5%8F%82%E6%95%B0%E6%80%8E%E4%B9%88%E8%AE%BE%E7%BD%AE%3F%20-%20%E5%BE%AE%E8%BD%AF...&urlsnippet=bbs.wfun.com%2Fthread-91...%C2%A0&url=http%3A%2F%2Fwww.baidu.com%2Flink%3Furl%3DR5-j-wlEeNXy31WRs7nUyuaWXhgaXmWDo6cHWdYYSPgESSlwiiQxdL0KHI6vy_WnlJ_wwoSfnCEmAlUt2UPVU_", "http://redirect.citexplore.com/redirect?title=%E3%80%90%E8%BD%AC%E8%BD%BD%E3%80%91UWP%E5%BA%94%E7%94%A8%E8%AE%BE%E7%BD%AE%E5%92%8C%E6%96%87%E4%BB%B6%E8%AE%BE%E7%BD%AE%3A%E7%A7%91%E6%99%AE%20-%20%E5%A7%9C%E5%AD%90%E7%91%9C%20-%20%E5%8D%9A%E5%AE%A2%E5%9B%AD&urlsnippet=https%3A%2F%2Fwww.cnblogs.com%2Fldzhan...%C2%A0&url=http%3A%2F%2Fwww.baidu.com%2Flink%3Furl%3DljgOUcwTbwRbZFP7aJMmeyhq9KSEq6Jl6mF_GaR67yr-hfnWCeTy24Q88xHCdA8vDV3Y2ZvfEOemak2P9kHRTK", "http://redirect.citexplore.com/redirect?title=%E3%80%90UWP%E9%80%9A%E7%94%A8%E5%BA%94%E7%94%A8%E5%BC%80%E5%8F%91%E3%80%91%E6%96%87%E4%BB%B6%E9%80%89%E5%8F%96%E5%99%A8%E3%80%81%E8%8E%B7%E5%8F%96%E6%96%87%E4%BB%B6%E5%B1%9E%E6%80%A7%E3%80%81%E5%86%99%E5%85%A5%E5%92%8C%E8%AF%BB%E5%8F%96%E3%80%81%E4%BF%9D%E5%AD%98...&urlsnippet=https%3A%2F%2Fyq.aliyun.com%2Farticles...%C2%A0&url=http%3A%2F%2Fwww.baidu.com%2Flink%3Furl%3DR1mYoVx4i8N6se3G1P0tb_NxsgSfVF3GpzCoAgnP60Ck0H3nrgMNYFp_LMt06eF3", "http://redirect.citexplore.com/redirect?title=uwp%E5%BC%80%E5%8F%91%3A%E9%80%89%E4%B8%AD%E6%96%87%E4%BB%B6%E5%B9%B6%E4%B8%8A%E4%BC%A0%E8%87%B3%E6%9C%8D%E5%8A%A1%E5%99%A8%20-%20%E6%90%AC%E7%A0%96%E7%9A%84%E5%8C%85%E5%B7%A5%E5%A4%B4%20-%20%E5%8D%9A%E5%AE%A2%E5%9B%AD&urlsnippet=https%3A%2F%2Fwww.cnblogs.com%2Fwpali%2F...%C2%A0&url=http%3A%2F%2Fwww.baidu.com%2Flink%3Furl%3D2GGdN1DFHFPYeTJKyD2Tc6-HrOoYSA7-SJScNOd7lRv5iclfJBQQBgzGUzeAzkBPwZFOJAeUamDhGSE2v1XRja" ],
    "url" : "https://www.baidu.com/baidu?wd=uwp%E6%80%8E%E4%B9%88%E8%AE%A9%E7%94%A8%E6%88%B7%E9%80%89%E6%8B%A9%E6%8C%87%E5%AE%9A%E6%A0%BC%E5%BC%8F%E7%9A%84%E6%96%87%E4%BB%B6%E5%B9%B6%E6%89%93%E5%BC%80&tn=monline_dg&ie=utf-8",
    "tabId" : 2,
    "sequenceId" : 4,
    "id" : "20154454",
    "timestamp" : 1522593071332,
    "serverTimestamp" : 1522593070576,
    "query" : "uwp怎么让用户选择指定格式的文件并打开"
  }, {
    "tabId" : 3,
    "url" : "https://www.baidu.com/link?url=dZK2zvpnXAgoaQRxexRFODwO5840UsHafydEqTnsf57mLDwtbz7LnIFOJL8AejktmsJtaJjz0JnBiw721CeJXZvypGwN09FJmYYT1A-WklS&wd=&eqid=be847cb50009166e000000035ac0ed2c",
    "sourceTabId" : 2,
    "refer" : "https://www.baidu.com/baidu?wd=uwp%E6%80%8E%E4%B9%88%E8%AE%A9%E7%94%A8%E6%88%B7%E9%80%89%E6%8B%A9%E6%8C%87%E5%AE%9A%E6%A0%BC%E5%BC%8F%E7%9A%84%E6%96%87%E4%BB%B6%E5%B9%B6%E6%89%93%E5%BC%80&tn=monline_dg&ie=utf-8",
    "timestamp" : 1522593079058,
    "action" : "request",
    "sequenceId" : 4,
    "id" : "20154454",
    "serverTimestamp" : 1522593078368
  }, {
    "url" : "https://www.baidu.com/link?url=dZK2zvpnXAgoaQRxexRFODwO5840UsHafydEqTnsf57mLDwtbz7LnIFOJL8AejktmsJtaJjz0JnBiw721CeJXZvypGwN09FJmYYT1A-WklS&wd=&eqid=be847cb50009166e000000035ac0ed2c",
    "timestamp" : 1522593079122,
    "action" : "active",
    "sequenceId" : 4,
    "id" : "20154454",
    "serverTimestamp" : 1522593078371
  }, {
    "tabId" : 3,
    "url" : "https://blog.csdn.net/u011033906/article/details/65448394",
    "refer" : "https://www.baidu.com/link?url=dZK2zvpnXAgoaQRxexRFODwO5840UsHafydEqTnsf57mLDwtbz7LnIFOJL8AejktmsJtaJjz0JnBiw721CeJXZvypGwN09FJmYYT1A-WklS&wd=&eqid=be847cb50009166e000000035ac0ed2c",
    "timestamp" : 1522593080034,
    "action" : "request",
    "sequenceId" : 4,
    "id" : "20154454",
    "serverTimestamp" : 1522593079300
  }, {
    "tabId" : 4,
    "url" : "https://www.baidu.com/link?url=syyes0Zbk36OU7c2xOuYFGUeE77c_XKuK2Rsi987Q3IpWiK3IXHuJ7ZTIBlR-q54WQISLpIg9ienfRLxu315Qal-k7WvRdWSgghhnaV8UMq&wd=&eqid=be847cb50009166e000000035ac0ed2c",
    "sourceTabId" : 2,
    "refer" : "https://www.baidu.com/baidu?wd=uwp%E6%80%8E%E4%B9%88%E8%AE%A9%E7%94%A8%E6%88%B7%E9%80%89%E6%8B%A9%E6%8C%87%E5%AE%9A%E6%A0%BC%E5%BC%8F%E7%9A%84%E6%96%87%E4%BB%B6%E5%B9%B6%E6%89%93%E5%BC%80&tn=monline_dg&ie=utf-8",
    "timestamp" : 1522593083396,
    "action" : "request",
    "sequenceId" : 4,
    "id" : "20154454",
    "serverTimestamp" : 1522593082662
  }, {
    "url" : "https://www.baidu.com/link?url=syyes0Zbk36OU7c2xOuYFGUeE77c_XKuK2Rsi987Q3IpWiK3IXHuJ7ZTIBlR-q54WQISLpIg9ienfRLxu315Qal-k7WvRdWSgghhnaV8UMq&wd=&eqid=be847cb50009166e000000035ac0ed2c",
    "timestamp" : 1522593083420,
    "action" : "active",
    "sequenceId" : 4,
    "id" : "20154454",
    "serverTimestamp" : 1522593082675
  }, {
    "tabId" : 4,
    "url" : "https://blog.csdn.net/csdn_ergo/article/details/51262608",
    "refer" : "https://www.baidu.com/link?url=syyes0Zbk36OU7c2xOuYFGUeE77c_XKuK2Rsi987Q3IpWiK3IXHuJ7ZTIBlR-q54WQISLpIg9ienfRLxu315Qal-k7WvRdWSgghhnaV8UMq&wd=&eqid=be847cb50009166e000000035ac0ed2c",
    "timestamp" : 1522593083696,
    "action" : "request",
    "sequenceId" : 4,
    "id" : "20154454",
    "serverTimestamp" : 1522593082951
  }, {
    "url" : "https://blog.csdn.net/csdn_ergo/article/details/51262608",
    "timestamp" : 1522593088182,
    "action" : "active",
    "sequenceId" : 4,
    "id" : "20154454",
    "serverTimestamp" : 1522593087432
  }, {
    "action" : "serp",
    "encrypted" : true,
    "urls" : [ "http://redirect.citexplore.com/redirect?title=UWP%E5%85%A5%E9%97%A8(%E5%8D%81%E4%B8%80)--%E4%BD%BF%E7%94%A8%E9%80%89%E5%8F%96%E5%99%A8%E6%89%93%E5%BC%80%E6%96%87%E4%BB%B6%E5%92%8C%E6%96%87%E4%BB%B6%E5%A4%B9%20-%20CSDN%E5%8D%9A%E5%AE%A2&urlsnippet=https%3A%2F%2Fblog.csdn.net%2Fu0110339...%C2%A0&url=http%3A%2F%2Fwww.baidu.com%2Flink%3Furl%3DNZ9QJmYy75Yw3V_uXGIyYO_0IXcEch8T0UzYKejSiFoo6d4ZUe80qlIPcU9o5K7sHPj7OiAwNw80CsMZF2BN3rVHdKVWUb57TaKq236P5Py", "http://redirect.citexplore.com/redirect?title=uwp%E5%BC%80%E5%8F%91%E2%80%94%E2%80%94%E2%80%94%E6%96%87%E4%BB%B6%E9%80%89%E5%8F%96%20-%20CSDN%E5%8D%9A%E5%AE%A2&urlsnippet=https%3A%2F%2Fblog.csdn.net%2Fcsdn_erg...%C2%A0&url=http%3A%2F%2Fwww.baidu.com%2Flink%3Furl%3D4518DvniJ4PCY6kVoyTJsPbYec0RhjA5OrB_g0LEhyxqEqYR20Gp2bzKq52E5V3LKgSMJqaG_p0CXxNM_Ewtz3WraEIS13Yo0MHaiWkqENW", "http://redirect.citexplore.com/redirect?title=Win10%E5%BC%80%E5%8F%91%3A%E6%96%87%E4%BB%B6%E6%93%8D%E4%BD%9C%E4%B9%8BFileOpenPicker%E3%80%81FileSavePicker..._CSDN%E5%8D%9A%E5%AE%A2&urlsnippet=https%3A%2F%2Fblog.csdn.net%2Fzmq57023...%C2%A0&url=http%3A%2F%2Fwww.baidu.com%2Flink%3Furl%3Da3ov0yyX1AtSTDCmNfsC25jO3QCUvLjhAOI3N553UKQtryTiZfxQoJ3mh_aQP2E-xJgwy4zuBBONBuKOoNNWIunEReSC3okwWZKdjn7zxFG", "http://redirect.citexplore.com/redirect?title=FileOpenPicker%20Class%20(Windows.Storage.Pickers)%20-%20UWP%20app%20...&urlsnippet=msdn.microsoft.com%2Flib...%C2%A0&url=http%3A%2F%2Fwww.baidu.com%2Flink%3Furl%3D-jUeaD4mrpChlcFRFjkik5MbkvF3hYPxqluymc7mwmZl4kTHwM2JTqA87rR6Td1tYZ9Y5FbeTmrlWixvZ2dQ-M4BSZHru4Uhm9ybRbQabgC", "http://redirect.citexplore.com/redirect?title=FileOpenPicker%20-%20UWP%20app%20developer%20%7C%20Microsoft%20Docs&urlsnippet=msdn.microsoft.com%2Fzh-...%C2%A0&url=http%3A%2F%2Fwww.baidu.com%2Flink%3Furl%3DekwOh0ZJ8cLnIfeNB0_Z6py56P0xAJwvwjxqw98utecqv9T927yio-vffsGzKSrWY8wzxbAUzOqxFVnNFGmuSJ1ML38T6QSTha_MwQEtzKK", "http://redirect.citexplore.com/redirect?title=%E4%BD%BF%E7%94%A8%E9%80%89%E5%8F%96%E5%99%A8%E6%89%93%E5%BC%80%E6%96%87%E4%BB%B6%E5%92%8C%E6%96%87%E4%BB%B6%E5%A4%B9%20-%20UWP%20app%20developer%20%7C%20Microsoft%20Docs&urlsnippet=msdn.microsoft.com%2Fen-...%C2%A0&url=http%3A%2F%2Fwww.baidu.com%2Flink%3Furl%3DsMWpo65MZoSQejRZFJfXhXQS-UBEWpxow_uBlmVitnUYnWTaRovv1Amu66qxBwkLhRORXSEZ-GbUc4gM-rvAQUZYx1wlEfEzktPVa1tGcJK", "http://redirect.citexplore.com/redirect?title=uwp%E5%BC%80%E5%8F%91%3A%E9%80%89%E4%B8%AD%E6%96%87%E4%BB%B6%E5%B9%B6%E4%B8%8A%E4%BC%A0%E8%87%B3%E6%9C%8D%E5%8A%A1%E5%99%A8%20-%20%E6%90%AC%E7%A0%96%E7%9A%84%E5%8C%85%E5%B7%A5%E5%A4%B4%20-%20%E5%8D%9A%E5%AE%A2%E5%9B%AD&urlsnippet=https%3A%2F%2Fwww.cnblogs.com%2Fwpali%2F...%C2%A0&url=http%3A%2F%2Fwww.baidu.com%2Flink%3Furl%3DpQ5yxoe4Q31pRmfWuM30jqSwlI3S2IsHjWhBpfSqs62CxAPDHqbTDza6NchoUgvJHLVinEcjzsXgxkRnxtmFw_", "http://redirect.citexplore.com/redirect?title=Windows%208%20%E6%96%87%E4%BB%B6%E9%80%89%E6%8B%A9%E5%99%A8(FileOpenPicker%2CFileSavePicker%2CFo..._%E5%8D%9A%E5%AE%A2%E5%9B%AD&urlsnippet=https%3A%2F%2Fwww.cnblogs.com%2Fakwwl%2F...%C2%A0&url=http%3A%2F%2Fwww.baidu.com%2Flink%3Furl%3D9eP4s6nZUWWjbaFSe4qoL0ajHtZhB3MHN5Aq_sowSCibBRNXi26zj9WckhC5kb83TNGWTzkymw2XqvW3M2Mbr3u4ZIQFKwE_NtmEJIqTycq", "http://redirect.citexplore.com/redirect?title=%E3%80%90UWP%E9%80%9A%E7%94%A8%E5%BA%94%E7%94%A8%E5%BC%80%E5%8F%91%E3%80%91%E6%96%87%E4%BB%B6%E9%80%89%E5%8F%96%E5%99%A8%E3%80%81%E8%8E%B7%E5%8F%96%E6%96%87%E4%BB%B6%E5%B1%9E%E6%80%A7%E3%80%81%E5%86%99%E5%85%A5%E5%92%8C..._%E7%BA%A2%E9%BB%91%E8%81%94%E7%9B%9F&urlsnippet=https%3A%2F%2Fwww.2cto.com%2Fkf%2F201512...%C2%A0&url=http%3A%2F%2Fwww.baidu.com%2Flink%3Furl%3D9OVtudRwBYaP2bwwebWYpVc0nLTTs-tXAgbCmmLrcIm2fSkoKzYN0Pq97knJT7IWSjzYadWAIj1ZEC6z21nVGa", "http://redirect.citexplore.com/redirect?title=UWP%20%E6%89%93%E5%BC%80%E3%80%81%E4%BF%9D%E5%AD%98%E6%96%87%E4%BB%B6%E7%A4%BA%E4%BE%8B%20-%20%E8%8C%84%E9%98%81%E4%BA%91%E4%BA%91%20-%20%E5%8D%9A%E5%AE%A2%E5%9B%AD&urlsnippet=https%3A%2F%2Fwww.cnblogs.com%2Fvmoor2...%C2%A0&url=http%3A%2F%2Fwww.baidu.com%2Flink%3Furl%3DlR7gFFK4fpYk3NHRI1UpNxgD4NEh7D9pYrRyaBEEINCwyqZb4NMWUTtiyFEntffwvI3DrteLWIKkPokHH5uq6a" ],
    "url" : "https://www.baidu.com/baidu?wd=uwp+fileopenpicker&tn=monline_dg&ie=utf-8",
    "tabId" : 5,
    "sequenceId" : 10,
    "id" : "20154454",
    "timestamp" : 1522593167488,
    "serverTimestamp" : 1522593166726,
    "query" : "uwp fileopenpicker"
  }, {
    "tabId" : 6,
    "url" : "https://www.baidu.com/link?url=-jUeaD4mrpChlcFRFjkik5MbkvF3hYPxqluymc7mwmZl4kTHwM2JTqA87rR6Td1tYZ9Y5FbeTmrlWixvZ2dQ-M4BSZHru4Uhm9ybRbQabgC&wd=&eqid=a335cbde00094280000000035ac0ed8c",
    "sourceTabId" : 5,
    "refer" : "https://www.baidu.com/baidu?wd=uwp+fileopenpicker&tn=monline_dg&ie=utf-8",
    "timestamp" : 1522593172308,
    "action" : "request",
    "sequenceId" : 10,
    "id" : "20154454",
    "serverTimestamp" : 1522593171562
  }, {
    "url" : "https://www.baidu.com/link?url=-jUeaD4mrpChlcFRFjkik5MbkvF3hYPxqluymc7mwmZl4kTHwM2JTqA87rR6Td1tYZ9Y5FbeTmrlWixvZ2dQ-M4BSZHru4Uhm9ybRbQabgC&wd=&eqid=a335cbde00094280000000035ac0ed8c",
    "timestamp" : 1522593172328,
    "action" : "active",
    "sequenceId" : 10,
    "id" : "20154454",
    "serverTimestamp" : 1522593171580
  }, {
    "tabId" : 6,
    "url" : "https://msdn.microsoft.com/library/windows/apps/br207847",
    "refer" : "https://www.baidu.com/link?url=-jUeaD4mrpChlcFRFjkik5MbkvF3hYPxqluymc7mwmZl4kTHwM2JTqA87rR6Td1tYZ9Y5FbeTmrlWixvZ2dQ-M4BSZHru4Uhm9ybRbQabgC&wd=&eqid=a335cbde00094280000000035ac0ed8c",
    "timestamp" : 1522593175582,
    "action" : "request",
    "sequenceId" : 10,
    "id" : "20154454",
    "serverTimestamp" : 1522593174937
  }, {
    "tabId" : 7,
    "url" : "https://www.baidu.com/link?url=ekwOh0ZJ8cLnIfeNB0_Z6py56P0xAJwvwjxqw98utecqv9T927yio-vffsGzKSrWY8wzxbAUzOqxFVnNFGmuSJ1ML38T6QSTha_MwQEtzKK&wd=&eqid=a335cbde00094280000000035ac0ed8c",
    "sourceTabId" : 5,
    "refer" : "https://www.baidu.com/baidu?wd=uwp+fileopenpicker&tn=monline_dg&ie=utf-8",
    "timestamp" : 1522593176350,
    "action" : "request",
    "sequenceId" : 10,
    "id" : "20154454",
    "serverTimestamp" : 1522593175626
  }, {
    "url" : "https://www.baidu.com/link?url=ekwOh0ZJ8cLnIfeNB0_Z6py56P0xAJwvwjxqw98utecqv9T927yio-vffsGzKSrWY8wzxbAUzOqxFVnNFGmuSJ1ML38T6QSTha_MwQEtzKK&wd=&eqid=a335cbde00094280000000035ac0ed8c",
    "timestamp" : 1522593176406,
    "action" : "active",
    "sequenceId" : 10,
    "id" : "20154454",
    "serverTimestamp" : 1522593175662
  }, {
    "tabId" : 7,
    "url" : "https://docs.microsoft.com/zh-cn/uwp/schemas/appxpackage/appxmanifestschema/element-fileopenpicker",
    "refer" : "https://www.baidu.com/link?url=ekwOh0ZJ8cLnIfeNB0_Z6py56P0xAJwvwjxqw98utecqv9T927yio-vffsGzKSrWY8wzxbAUzOqxFVnNFGmuSJ1ML38T6QSTha_MwQEtzKK&wd=&eqid=a335cbde00094280000000035ac0ed8c",
    "timestamp" : 1522593177532,
    "action" : "request",
    "sequenceId" : 10,
    "id" : "20154454",
    "serverTimestamp" : 1522593176848
  }, {
    "url" : "https://docs.microsoft.com/zh-cn/uwp/schemas/appxpackage/appxmanifestschema/element-fileopenpicker",
    "timestamp" : 1522593185096,
    "action" : "active",
    "sequenceId" : 10,
    "id" : "20154454",
    "serverTimestamp" : 1522593184396
  }, {
    "tabId" : 6,
    "url" : "https://msdn.microsoft.com/library/windows/apps/br207847",
    "timestamp" : 1522593361116,
    "action" : "active",
    "sequenceId" : 10,
    "id" : "20154454",
    "serverTimestamp" : 1522593360350
  }, {
    "tabId" : 7,
    "url" : "https://docs.microsoft.com/zh-cn/uwp/schemas/appxpackage/appxmanifestschema/element-fileopenpicker",
    "timestamp" : 1522593365266,
    "action" : "active",
    "sequenceId" : 10,
    "id" : "20154454",
    "serverTimestamp" : 1522593364504
  }, {
    "tabId" : 6,
    "url" : "https://msdn.microsoft.com/library/windows/apps/br207847",
    "timestamp" : 1522593370320,
    "action" : "active",
    "sequenceId" : 10,
    "id" : "20154454",
    "serverTimestamp" : 1522593369560
  }, {
    "tabId" : 6,
    "url" : "https://msdn.microsoft.com/library/windows/apps/br207847?cs-save-lang=1&cs-lang=csharp#code-snippet-1",
    "refer" : "https://msdn.microsoft.com/library/windows/apps/br207847",
    "timestamp" : 1522593385978,
    "action" : "request",
    "sequenceId" : 10,
    "id" : "20154454",
    "serverTimestamp" : 1522593385247
  }, {
    "url" : "https://msdn.microsoft.com/library/windows/apps/br207847?cs-save-lang=1&cs-lang=csharp#code-snippet-1",
    "timestamp" : 1522593390814,
    "action" : "active",
    "sequenceId" : 10,
    "id" : "20154454",
    "serverTimestamp" : 1522593390063
  }, {
    "tabId" : 7,
    "url" : "https://docs.microsoft.com/zh-cn/uwp/schemas/appxpackage/appxmanifestschema/element-fileopenpicker",
    "timestamp" : 1522593391638,
    "action" : "active",
    "sequenceId" : 10,
    "id" : "20154454",
    "serverTimestamp" : 1522593390888
  }, {
    "tabId" : 8,
    "url" : "https://www.baidu.com/link?url=sMWpo65MZoSQejRZFJfXhXQS-UBEWpxow_uBlmVitnUYnWTaRovv1Amu66qxBwkLhRORXSEZ-GbUc4gM-rvAQUZYx1wlEfEzktPVa1tGcJK&wd=&eqid=a335cbde00094280000000035ac0ed8c",
    "sourceTabId" : 5,
    "refer" : "https://www.baidu.com/baidu?wd=uwp+fileopenpicker&tn=monline_dg&ie=utf-8",
    "timestamp" : 1522593402776,
    "action" : "request",
    "sequenceId" : 10,
    "id" : "20154454",
    "serverTimestamp" : 1522593402049
  }, {
    "url" : "https://www.baidu.com/link?url=sMWpo65MZoSQejRZFJfXhXQS-UBEWpxow_uBlmVitnUYnWTaRovv1Amu66qxBwkLhRORXSEZ-GbUc4gM-rvAQUZYx1wlEfEzktPVa1tGcJK&wd=&eqid=a335cbde00094280000000035ac0ed8c",
    "timestamp" : 1522593402826,
    "action" : "active",
    "sequenceId" : 10,
    "id" : "20154454",
    "serverTimestamp" : 1522593402086
  }, {
    "tabId" : 8,
    "url" : "https://docs.microsoft.com/zh-cn/windows/uwp/files/quickstart-using-file-and-folder-pickers",
    "refer" : "https://www.baidu.com/link?url=sMWpo65MZoSQejRZFJfXhXQS-UBEWpxow_uBlmVitnUYnWTaRovv1Amu66qxBwkLhRORXSEZ-GbUc4gM-rvAQUZYx1wlEfEzktPVa1tGcJK&wd=&eqid=a335cbde00094280000000035ac0ed8c",
    "timestamp" : 1522593405192,
    "action" : "request",
    "sequenceId" : 10,
    "id" : "20154454",
    "serverTimestamp" : 1522593404477
  }, {
    "url" : "https://docs.microsoft.com/zh-cn/windows/uwp/files/quickstart-using-file-and-folder-pickers",
    "timestamp" : 1522593406296,
    "action" : "active",
    "sequenceId" : 10,
    "id" : "20154454",
    "serverTimestamp" : 1522593405590
  }, {
    "tabId" : 4,
    "url" : "https://blog.csdn.net/csdn_ergo/article/details/51262608",
    "timestamp" : 1522593854544,
    "action" : "active",
    "sequenceId" : 4,
    "id" : "20154454",
    "serverTimestamp" : 1522593853779
  }, {
    "tabId" : 9,
    "url" : "https://www.baidu.com/link?url=R1mYoVx4i8N6se3G1P0tb_NxsgSfVF3GpzCoAgnP60Ck0H3nrgMNYFp_LMt06eF3&wd=&eqid=be847cb50009166e000000035ac0ed2c",
    "sourceTabId" : 2,
    "refer" : "https://www.baidu.com/baidu?wd=uwp%E6%80%8E%E4%B9%88%E8%AE%A9%E7%94%A8%E6%88%B7%E9%80%89%E6%8B%A9%E6%8C%87%E5%AE%9A%E6%A0%BC%E5%BC%8F%E7%9A%84%E6%96%87%E4%BB%B6%E5%B9%B6%E6%89%93%E5%BC%80&tn=monline_dg&ie=utf-8",
    "timestamp" : 1522593874086,
    "action" : "request",
    "sequenceId" : 4,
    "id" : "20154454",
    "serverTimestamp" : 1522593873316
  }, {
    "url" : "https://www.baidu.com/link?url=R1mYoVx4i8N6se3G1P0tb_NxsgSfVF3GpzCoAgnP60Ck0H3nrgMNYFp_LMt06eF3&wd=&eqid=be847cb50009166e000000035ac0ed2c",
    "timestamp" : 1522593874110,
    "action" : "active",
    "sequenceId" : 4,
    "id" : "20154454",
    "serverTimestamp" : 1522593873349
  }, {
    "tabId" : 9,
    "url" : "https://yq.aliyun.com/articles/839",
    "refer" : "https://www.baidu.com/link?url=R1mYoVx4i8N6se3G1P0tb_NxsgSfVF3GpzCoAgnP60Ck0H3nrgMNYFp_LMt06eF3&wd=&eqid=be847cb50009166e000000035ac0ed2c",
    "timestamp" : 1522593875814,
    "action" : "request",
    "sequenceId" : 4,
    "id" : "20154454",
    "serverTimestamp" : 1522593875078
  }, {
    "url" : "https://yq.aliyun.com/articles/839",
    "timestamp" : 1522593880742,
    "action" : "active",
    "sequenceId" : 4,
    "id" : "20154454",
    "serverTimestamp" : 1522593879986
  }, {
    "tabId" : 4,
    "url" : "https://blog.csdn.net/csdn_ergo/article/details/51262608",
    "timestamp" : 1522594035354,
    "action" : "active",
    "sequenceId" : 4,
    "id" : "20154454",
    "serverTimestamp" : 1522594034589
  }, {
    "tabId" : 8,
    "url" : "https://docs.microsoft.com/zh-cn/windows/uwp/files/quickstart-using-file-and-folder-pickers",
    "timestamp" : 1522594041280,
    "action" : "active",
    "sequenceId" : 10,
    "id" : "20154454",
    "serverTimestamp" : 1522594040515
  }, {
    "tabId" : 8,
    "url" : "https://docs.microsoft.com/zh-cn/windows/uwp/files/quickstart-using-file-and-folder-pickers",
    "timestamp" : 1522595458150,
    "action" : "active",
    "sequenceId" : 10,
    "id" : "20154454",
    "serverTimestamp" : 1522595457385
  }, {
    "tabId" : 4,
    "url" : "https://blog.csdn.net/csdn_ergo/article/details/51262608",
    "timestamp" : 1522595461012,
    "action" : "active",
    "sequenceId" : 4,
    "id" : "20154454",
    "serverTimestamp" : 1522595460229
  }, {
    "tabId" : 9,
    "url" : "https://yq.aliyun.com/articles/839",
    "timestamp" : 1522595466444,
    "action" : "active",
    "sequenceId" : 4,
    "id" : "20154454",
    "serverTimestamp" : 1522595465662
  }, {
    "tabId" : 4,
    "url" : "https://blog.csdn.net/csdn_ergo/article/details/51262608",
    "timestamp" : 1522595469174,
    "action" : "active",
    "sequenceId" : 4,
    "id" : "20154454",
    "serverTimestamp" : 1522595468389
  }, {
    "tabId" : 3,
    "url" : "https://blog.csdn.net/u011033906/article/details/65448394",
    "timestamp" : 1522595470846,
    "action" : "active",
    "sequenceId" : 4,
    "id" : "20154454",
    "serverTimestamp" : 1522595470063
  }, {
    "tabId" : 8,
    "url" : "https://docs.microsoft.com/zh-cn/windows/uwp/files/quickstart-using-file-and-folder-pickers",
    "timestamp" : 1522595475454,
    "action" : "active",
    "sequenceId" : 10,
    "id" : "20154454",
    "serverTimestamp" : 1522595474709
  }, {
    "tabId" : 8,
    "url" : "https://docs.microsoft.com/zh-cn/windows/uwp/files/quickstart-using-file-and-folder-pickers",
    "timestamp" : 1522595504936,
    "action" : "active",
    "sequenceId" : 10,
    "id" : "20154454",
    "serverTimestamp" : 1522595504157
  }, {
    "tabId" : 8,
    "url" : "https://docs.microsoft.com/zh-cn/windows/uwp/files/quickstart-using-file-and-folder-pickers",
    "timestamp" : 1522595588960,
    "action" : "active",
    "sequenceId" : 10,
    "id" : "20154454",
    "serverTimestamp" : 1522595588180
  }, {
    "tabId" : 8,
    "url" : "https://docs.microsoft.com/zh-cn/windows/uwp/files/quickstart-using-file-and-folder-pickers",
    "timestamp" : 1522595804816,
    "action" : "active",
    "sequenceId" : 10,
    "id" : "20154454",
    "serverTimestamp" : 1522595804032
  }, {
    "tabId" : 8,
    "url" : "https://docs.microsoft.com/zh-cn/windows/uwp/files/quickstart-using-file-and-folder-pickers",
    "timestamp" : 1522595854744,
    "action" : "active",
    "sequenceId" : 10,
    "id" : "20154454",
    "serverTimestamp" : 1522595853965
  }, {
    "tabId" : 8,
    "url" : "https://docs.microsoft.com/zh-cn/windows/uwp/files/quickstart-using-file-and-folder-pickers",
    "timestamp" : 1522595915006,
    "action" : "active",
    "sequenceId" : 10,
    "id" : "20154454",
    "serverTimestamp" : 1522595914216
  }, {
    "tabId" : 8,
    "url" : "https://docs.microsoft.com/zh-cn/windows/uwp/files/quickstart-using-file-and-folder-pickers",
    "timestamp" : 1522595996414,
    "action" : "active",
    "sequenceId" : 10,
    "id" : "20154454",
    "serverTimestamp" : 1522595995627
  }, {
    "tabId" : 8,
    "url" : "https://docs.microsoft.com/zh-cn/windows/uwp/files/quickstart-using-file-and-folder-pickers",
    "timestamp" : 1522596030118,
    "action" : "active",
    "sequenceId" : 10,
    "id" : "20154454",
    "serverTimestamp" : 1522596029333
  }, {
    "tabId" : 8,
    "url" : "https://docs.microsoft.com/zh-cn/windows/uwp/files/quickstart-using-file-and-folder-pickers",
    "timestamp" : 1522596035438,
    "action" : "active",
    "sequenceId" : 10,
    "id" : "20154454",
    "serverTimestamp" : 1522596034651
  }, {
    "tabId" : 8,
    "url" : "https://docs.microsoft.com/zh-cn/windows/uwp/files/quickstart-using-file-and-folder-pickers",
    "timestamp" : 1522596113184,
    "action" : "active",
    "sequenceId" : 10,
    "id" : "20154454",
    "serverTimestamp" : 1522596112430
  }, {
    "tabId" : 8,
    "url" : "https://docs.microsoft.com/zh-cn/windows/uwp/files/quickstart-using-file-and-folder-pickers",
    "timestamp" : 1522596143080,
    "action" : "active",
    "sequenceId" : 10,
    "id" : "20154454",
    "serverTimestamp" : 1522596142294
  }, {
    "tabId" : 8,
    "url" : "https://docs.microsoft.com/zh-cn/windows/uwp/files/quickstart-using-file-and-folder-pickers",
    "timestamp" : 1522596162092,
    "action" : "active",
    "sequenceId" : 10,
    "id" : "20154454",
    "serverTimestamp" : 1522596161306
  }, {
    "tabId" : 8,
    "url" : "https://docs.microsoft.com/zh-cn/windows/uwp/files/quickstart-using-file-and-folder-pickers",
    "timestamp" : 1522596172854,
    "action" : "active",
    "sequenceId" : 10,
    "id" : "20154454",
    "serverTimestamp" : 1522596172069
  }, {
    "tabId" : 8,
    "url" : "https://docs.microsoft.com/zh-cn/windows/uwp/files/quickstart-using-file-and-folder-pickers",
    "timestamp" : 1522596176860,
    "action" : "active",
    "sequenceId" : 10,
    "id" : "20154454",
    "serverTimestamp" : 1522596176070
  }, {
    "tabId" : 8,
    "url" : "https://docs.microsoft.com/zh-cn/windows/uwp/files/quickstart-using-file-and-folder-pickers",
    "timestamp" : 1522596239436,
    "action" : "active",
    "sequenceId" : 10,
    "id" : "20154454",
    "serverTimestamp" : 1522596238646
  }, {
    "tabId" : 8,
    "url" : "https://docs.microsoft.com/zh-cn/windows/uwp/files/quickstart-using-file-and-folder-pickers",
    "timestamp" : 1522596270366,
    "action" : "active",
    "sequenceId" : 10,
    "id" : "20154454",
    "serverTimestamp" : 1522596269577
  }, {
    "tabId" : 8,
    "url" : "https://docs.microsoft.com/zh-cn/windows/uwp/files/quickstart-using-file-and-folder-pickers",
    "timestamp" : 1522596312286,
    "action" : "active",
    "sequenceId" : 10,
    "id" : "20154454",
    "serverTimestamp" : 1522596311497
  }, {
    "tabId" : 8,
    "url" : "https://docs.microsoft.com/zh-cn/windows/uwp/files/quickstart-using-file-and-folder-pickers",
    "timestamp" : 1522596497752,
    "action" : "active",
    "sequenceId" : 10,
    "id" : "20154454",
    "serverTimestamp" : 1522596496959
  }, {
    "tabId" : 8,
    "url" : "https://msdn.microsoft.com/library/windows/apps/br207847",
    "refer" : "https://docs.microsoft.com/zh-cn/windows/uwp/files/quickstart-using-file-and-folder-pickers",
    "timestamp" : 1522596507464,
    "action" : "request",
    "sequenceId" : 10,
    "id" : "20154454",
    "serverTimestamp" : 1522596506730
  }, {
    "url" : "https://msdn.microsoft.com/library/windows/apps/br207847",
    "timestamp" : 1522596511068,
    "action" : "active",
    "sequenceId" : 10,
    "id" : "20154454",
    "serverTimestamp" : 1522596510324
  }, {
    "tabId" : 8,
    "url" : "https://msdn.microsoft.com/library/windows/apps/br207847",
    "timestamp" : 1522596646026,
    "action" : "active",
    "sequenceId" : 10,
    "id" : "20154454",
    "serverTimestamp" : 1522596645238
  }, {
    "tabId" : 8,
    "url" : "https://msdn.microsoft.com/library/windows/apps/br207847",
    "timestamp" : 1522596656554,
    "action" : "active",
    "sequenceId" : 10,
    "id" : "20154454",
    "serverTimestamp" : 1522596655755
  }, {
    "tabId" : 8,
    "url" : "https://msdn.microsoft.com/library/windows/apps/br207847",
    "timestamp" : 1522596768728,
    "action" : "active",
    "sequenceId" : 10,
    "id" : "20154454",
    "serverTimestamp" : 1522596767934
  }, {
    "tabId" : 8,
    "url" : "https://msdn.microsoft.com/library/windows/apps/br207847",
    "timestamp" : 1522596775618,
    "action" : "active",
    "sequenceId" : 10,
    "id" : "20154454",
    "serverTimestamp" : 1522596774824
  }, {
    "tabId" : 8,
    "url" : "https://msdn.microsoft.com/library/windows/apps/br207847",
    "timestamp" : 1522596887346,
    "action" : "active",
    "sequenceId" : 10,
    "id" : "20154454",
    "serverTimestamp" : 1522596886551
  }, {
    "tabId" : 8,
    "url" : "https://msdn.microsoft.com/library/windows/apps/br207847",
    "timestamp" : 1522596904942,
    "action" : "active",
    "sequenceId" : 10,
    "id" : "20154454",
    "serverTimestamp" : 1522596904146
  }, {
    "tabId" : 8,
    "url" : "https://msdn.microsoft.com/zh-cn/library/windows/apps/br207852",
    "refer" : "https://msdn.microsoft.com/library/windows/apps/br207847",
    "timestamp" : 1522596910222,
    "action" : "request",
    "sequenceId" : 10,
    "id" : "20154454",
    "serverTimestamp" : 1522596909428
  }, {
    "url" : "https://msdn.microsoft.com/zh-cn/library/windows/apps/br207852",
    "timestamp" : 1522596915800,
    "action" : "active",
    "sequenceId" : 10,
    "id" : "20154454",
    "serverTimestamp" : 1522596915054
  }, {
    "tabId" : 8,
    "url" : "https://msdn.microsoft.com/library/windows/apps/br207847",
    "refer" : "https://msdn.microsoft.com/zh-cn/library/windows/apps/br207852",
    "timestamp" : 1522596924858,
    "action" : "request",
    "sequenceId" : 10,
    "id" : "20154454",
    "serverTimestamp" : 1522596924094
  }, {
    "url" : "https://msdn.microsoft.com/library/windows/apps/br207847",
    "timestamp" : 1522596927112,
    "action" : "active",
    "sequenceId" : 10,
    "id" : "20154454",
    "serverTimestamp" : 1522596926343
  }, {
    "tabId" : 8,
    "url" : "https://msdn.microsoft.com/library/windows/apps/br207847",
    "timestamp" : 1522596943288,
    "action" : "active",
    "sequenceId" : 10,
    "id" : "20154454",
    "serverTimestamp" : 1522596942493
  }, {
    "tabId" : 8,
    "url" : "https://msdn.microsoft.com/library/windows/apps/br207847",
    "timestamp" : 1522596951280,
    "action" : "active",
    "sequenceId" : 10,
    "id" : "20154454",
    "serverTimestamp" : 1522596950487
  }, {
    "tabId" : 8,
    "url" : "https://msdn.microsoft.com/library/windows/apps/br207847",
    "timestamp" : 1522596962112,
    "action" : "active",
    "sequenceId" : 10,
    "id" : "20154454",
    "serverTimestamp" : 1522596961315
  }, {
    "tabId" : 8,
    "url" : "https://msdn.microsoft.com/library/windows/apps/br207847",
    "timestamp" : 1522596982614,
    "action" : "active",
    "sequenceId" : 10,
    "id" : "20154454",
    "serverTimestamp" : 1522596981833
  }, {
    "tabId" : 8,
    "url" : "https://msdn.microsoft.com/library/windows/apps/br207847",
    "timestamp" : 1522597007356,
    "action" : "active",
    "sequenceId" : 10,
    "id" : "20154454",
    "serverTimestamp" : 1522597006562
  }, {
    "tabId" : 8,
    "url" : "https://msdn.microsoft.com/library/windows/apps/br207847",
    "timestamp" : 1522597013150,
    "action" : "active",
    "sequenceId" : 10,
    "id" : "20154454",
    "serverTimestamp" : 1522597012351
  }, {
    "tabId" : 8,
    "url" : "https://msdn.microsoft.com/library/windows/apps/br207847",
    "timestamp" : 1522597049282,
    "action" : "active",
    "sequenceId" : 10,
    "id" : "20154454",
    "serverTimestamp" : 1522597048481
  }, {
    "tabId" : 8,
    "url" : "https://msdn.microsoft.com/library/windows/apps/br207847",
    "timestamp" : 1522597359774,
    "action" : "active",
    "sequenceId" : 10,
    "id" : "20154454",
    "serverTimestamp" : 1522597358972
  }, {
    "tabId" : 8,
    "url" : "https://msdn.microsoft.com/library/windows/apps/br207847",
    "timestamp" : 1522597433732,
    "action" : "active",
    "sequenceId" : 10,
    "id" : "20154454",
    "serverTimestamp" : 1522597432976
  }, {
    "tabId" : 8,
    "url" : "https://msdn.microsoft.com/library/windows/apps/br207847",
    "timestamp" : 1522597515226,
    "action" : "active",
    "sequenceId" : 10,
    "id" : "20154454",
    "serverTimestamp" : 1522597514418
  }, {
    "tabId" : 8,
    "url" : "https://msdn.microsoft.com/library/windows/apps/br207847",
    "timestamp" : 1522597595504,
    "action" : "active",
    "sequenceId" : 10,
    "id" : "20154454",
    "serverTimestamp" : 1522597594701
  }, {
    "tabId" : 8,
    "url" : "https://msdn.microsoft.com/library/windows/apps/br207847",
    "timestamp" : 1522597793842,
    "action" : "active",
    "sequenceId" : 10,
    "id" : "20154454",
    "serverTimestamp" : 1522597793035
  }, {
    "tabId" : 8,
    "url" : "https://docs.microsoft.com/en-us/uwp/api/Windows.Storage.Pickers.FileOpenPicker#Windows_Storage_Pickers_FileOpenPicker_PickSingleFileAsync",
    "refer" : "https://msdn.microsoft.com/library/windows/apps/br207847",
    "timestamp" : 1522597802226,
    "action" : "request",
    "sequenceId" : 10,
    "id" : "20154454",
    "serverTimestamp" : 1522597801479
  }, {
    "url" : "https://docs.microsoft.com/en-us/uwp/api/Windows.Storage.Pickers.FileOpenPicker#Windows_Storage_Pickers_FileOpenPicker_PickSingleFileAsync",
    "timestamp" : 1522597806424,
    "action" : "active",
    "sequenceId" : 10,
    "id" : "20154454",
    "serverTimestamp" : 1522597805664
  }, {
    "tabId" : 8,
    "url" : "https://docs.microsoft.com/en-us/uwp/api/Windows.Storage.Pickers.FileOpenPicker#Windows_Storage_Pickers_FileOpenPicker_PickSingleFileAsync",
    "timestamp" : 1522598355014,
    "action" : "active",
    "sequenceId" : 10,
    "id" : "20154454",
    "serverTimestamp" : 1522598354204
  }, {
    "tabId" : 19,
    "url" : "https://blog.csdn.net/tyuchn/article/details/79783288",
    "refer" : "https://mp.csdn.net/postedit",
    "timestamp" : 1522598427092,
    "action" : "request",
    "sequenceId" : 28,
    "id" : "20154454",
    "serverTimestamp" : 1522598428565
  }, {
    "url" : "https://blog.csdn.net/tyuchn/article/details/79783288",
    "timestamp" : 1522598429400,
    "action" : "active",
    "sequenceId" : 28,
    "id" : "20154454",
    "serverTimestamp" : 1522598428582
  } ]
}, {
  "mergedAction" : "session",
  "mergedActions" : [ {
    "tabId" : 1,
    "url" : "http://www.cnblogs.com/yh2480444683/p/8689209.html",
    "refer" : "https://uvp.neu.edu.cn/Portal/StudentAssignments?id=1007",
    "timestamp" : 1522639137608,
    "action" : "request",
    "sequenceId" : 2,
    "id" : "20154454",
    "serverTimestamp" : 1522639138191
  }, {
    "url" : "http://www.cnblogs.com/yh2480444683/p/8689209.html",
    "timestamp" : 1522639142760,
    "action" : "active",
    "sequenceId" : 2,
    "id" : "20154454",
    "serverTimestamp" : 1522639143311
  }, {
    "tabId" : 1,
    "url" : "http://www.cnblogs.com/xxl-xxl/p/8687868.html",
    "refer" : "https://uvp.neu.edu.cn/Portal/StudentAssignments?id=1007",
    "timestamp" : 1522639153692,
    "action" : "request",
    "sequenceId" : 2,
    "id" : "20154454",
    "serverTimestamp" : 1522639154275
  }, {
    "url" : "http://www.cnblogs.com/xxl-xxl/p/8687868.html",
    "timestamp" : 1522639154884,
    "action" : "active",
    "sequenceId" : 2,
    "id" : "20154454",
    "serverTimestamp" : 1522639155448
  } ]
}, {
  "mergedAction" : "session",
  "mergedActions" : [ {
    "action" : "serp",
    "encrypted" : true,
    "urls" : [ "http://redirect.citexplore.com/redirect?title=Segoe%20MDL2%20icon%20guidelines%20-%20UWP%20app%20developer%20%7C%20Microsoft%20Docs&urlsnippet=https%3A%2F%2Ftechnet.microsoft.com%2F...%C2%A0&url=http%3A%2F%2Fwww.baidu.com%2Flink%3Furl%3D1O8okd6-mHSM2Ncil4gEjhlBR2CQoizS6uocOakXx10B3Vg_-NMEl2wNgvflZuPT3EuOjFDAJpGmx0tpY2NqB_", "http://redirect.citexplore.com/redirect?title=%E3%80%90Windows10%E3%80%91%E5%A6%82%E4%BD%95%E4%BD%BF%E7%94%A8Segoe%20MDL2%20Assets%E5%9B%BE%E6%A0%87%20-%20%E8%8B%B9%E6%9E%9C%E6%B2%A1%E6%9C%89..._%E5%8D%9A%E5%AE%A2%E5%9B%AD&urlsnippet=https%3A%2F%2Fwww.cnblogs.com%2Fbrian-...%C2%A0&url=http%3A%2F%2Fwww.baidu.com%2Flink%3Furl%3DzFEd4uhyNqYg8yS8w2I_h3E3bcSYmRXHnqLR5E3vfpgv7RHJ7C0Monm6idlItqLaB9EQz3CcixPP-qelsvgD8K", "http://redirect.citexplore.com/redirect?title=%E3%80%90WIN10%E3%80%91Segoe%20MDL2%20Assets%20-%20%E8%B3%A3%E9%AD%9A%E4%BA%BA%20-%20%E5%8D%9A%E5%AE%A2%E5%9B%AD&urlsnippet=https%3A%2F%2Fwww.cnblogs.com%2Flin277...%C2%A0&url=http%3A%2F%2Fwww.baidu.com%2Flink%3Furl%3D1bownKS-xQSmvJPpmyrhT3DekrUq_twNUHxgEK3JlOhbizMfpkhC3AYzLY7iceqYT5dhNf85EriqorJTqMUeKq", "http://redirect.citexplore.com/redirect?title=%E3%80%90Windows10%E3%80%91%E5%A6%82%E4%BD%95%E4%BD%BF%E7%94%A8Segoe%20MDL2%20Assets%E5%9B%BE%E6%A0%87%20-%20CSDN%E5%8D%9A%E5%AE%A2&urlsnippet=https%3A%2F%2Fblog.csdn.net%2Fqq161717...%C2%A0&url=http%3A%2F%2Fwww.baidu.com%2Flink%3Furl%3DTamINPJDw1WQN3l0tf7RaxZVJs8AE60wFb6lCEWdsOLD1duCBXB1piIqtoSWi1L6tH1nhsKsKW2jcRC6eo1RiHPcN7GVlxGVtF5Wy0KJjIK", "http://redirect.citexplore.com/redirect?title=%E8%B4%AD%E4%B9%B0Segoe%20MDL2%20Assets%20-%20Microsoft%20Store%20zh-CN&urlsnippet=https%3A%2F%2Fwww.microsoft.com%2Fstor...%C2%A0&url=http%3A%2F%2Fwww.baidu.com%2Flink%3Furl%3DhhN29WhouLcXKz0k8caLVyf0dHMH7745PIi-TpMJnGWTOEC3iEcROifw6RHc2JX9t1f1-7-pxl7SuHErlNahJa", "http://redirect.citexplore.com/redirect?title=Segoe%20MDL2%20Assets%E5%AD%97%E4%BD%93%2CSegoeMDL2Assets%E5%AD%97%E4%BD%93%7CSegoe%20MDL2%20Assets%20...&urlsnippet=www.fontke.com%2Ffont%2F13...%C2%A0&url=http%3A%2F%2Fwww.baidu.com%2Flink%3Furl%3DevAeADnuh3qeHqyz5r69mWlSTBsldotszutVsOq381I9TfjApMkMFOnoZsWMrUAl", "http://redirect.citexplore.com/redirect?title=%E8%B4%AD%E4%B9%B0UWP%20Segoe%20MDL2%20Assets%20-%20Microsoft%20Store%20zh-CN&urlsnippet=https%3A%2F%2Fwww.microsoft.com%2Fzh-c...%C2%A0&url=http%3A%2F%2Fwww.baidu.com%2Flink%3Furl%3DYfp1DZd1WT1S6pEEigl5FhvccuSDiSnRfHmO7-lqBMda3iSABrxN8aCGUh5onei1amMrYrY9dfG2eYQnK4EZwG0mfeMqh8j5KQ7jcN-h3uHZMLbyo7KruF5IQf_DIaaW", "http://redirect.citexplore.com/redirect?title=Segoe%20MDL2%20Assets%20-%20Cheatsheet&urlsnippet=modernicons.io%2Fsegoe-m...%C2%A0&url=http%3A%2F%2Fwww.baidu.com%2Flink%3Furl%3D5-E1V0eIPOECbJgnmqWSHAlW1oDCqMTHfx6RuDX03Gmj9JnW-86hr_o7jV-eQConetyiJravZOvkwxyjcPK2za", "http://redirect.citexplore.com/redirect?title=%E5%A6%82%E4%BD%95%E4%BD%BF%E7%94%A8Segoe%20MDL2%20Assets%E5%9B%BE%E6%A0%87_%E7%99%BE%E5%BA%A6%E7%9F%A5%E9%81%93&urlsnippet=https%3A%2F%2Fzhidao.baidu.com%2Fquest...%C2%A0&url=http%3A%2F%2Fwww.baidu.com%2Flink%3Furl%3DvKpHxj__CQru8fiFajOKIBsjEC0UC71g8g33xqmhw52PKdJ6VJhZMSFidbAPSsM354nnViOrblWd5gMURpxaHhLlEy4Upb8CweclJ5elQAu", "http://redirect.citexplore.com/redirect?title=UWP%20Segoe%20MDL2%20Assets%7CWPUWP%20Segoe%20MDL2%20Assets%E4%B8%8B%E8%BD%BD%7CWP%E5%BA%94%E7%94%A8%E5%95%86%E5%BA%97%7C...&urlsnippet=www.weifengke.com%2Fapp_...%C2%A0&url=http%3A%2F%2Fwww.baidu.com%2Flink%3Furl%3D_TtYbjkvM0NH0btveaDlhou5KJXN7jcYtBKrk6rLBPCsmugFq-bnLqjYvCqJgXlT1RRL6qLRX9dZ6Q9H3eluBq" ],
    "url" : "https://www.baidu.com/baidu?tn=monline_3_dg&ie=utf-8&wd=Segoe+MDL2+Assests",
    "tabId" : 1,
    "sequenceId" : 2,
    "id" : "20154454",
    "timestamp" : 1522657570142,
    "serverTimestamp" : 1522657570015,
    "query" : "Segoe MDL2 Assests"
  } ]
}, {
  "mergedAction" : "session",
  "mergedActions" : [ {
    "action" : "serp",
    "encrypted" : true,
    "urls" : [ "http://redirect.citexplore.com/redirect?title=2017%E5%B9%B4Win10%E6%9C%89%E5%93%AA%E4%BA%9B%E5%A5%BD%E7%94%A8%E7%9A%84UWP%E5%BA%94%E7%94%A8%3F%20-%20%E7%9F%A5%E4%B9%8E&urlsnippet=https%3A%2F%2Fwww.zhihu.com%2Fquestion...%C2%A0&url=http%3A%2F%2Fwww.baidu.com%2Flink%3Furl%3DgYPtPFafAF0J_vXfIXVFkYHsFJ-JCtVWACDk_zmWoFcruFZ-FBCVArRpxTPbNKqO75qsJaGBB_sWPgQFTDwH3Mlmd8F7jfgm8kaxINW4M0a", "http://redirect.citexplore.com/redirect?title=%E8%B4%AD%E4%B9%B0%20%E7%BD%91%E6%98%93%E4%BA%91%E9%9F%B3%E4%B9%90UWP%20-%20Microsoft%20Store%20zh-CN&urlsnippet=https%3A%2F%2Fwww.microsoft.com%2Fzh-c...%C2%A0&url=http%3A%2F%2Fwww.baidu.com%2Flink%3Furl%3DmyhqfGH42i1_uq_eohA6mFstmaX13PR7s0LvdZNZ3a219XepeMBkbtr0PTB8mFSKNo4xhQkHL1j8ZqgXIc4U4RD9t7Fh6JZhyzmp3jzRS_ewxY_jZPrOsKLlKkavpLrmWFjcwiF9h6N_Gpg8r3FcFK", "http://redirect.citexplore.com/redirect?title=Introduction%20to%20Universal%20Windows%20Platform%20(UWP)%20app%20design%20(...&urlsnippet=https%3A%2F%2Fdocs.microsoft.com%2Fen-...%C2%A0&url=http%3A%2F%2Fwww.baidu.com%2Flink%3Furl%3DqXIBibKzCiy0OsqX66941Ydk99_EyHFYtm4Jg6L8JusAC_3iWqee3Q9EQCEBrAVxrpH1XmWAKcMRFvmjUT0pgYmlk5DivmNox5SiyzkVUR3NEkrEvJ5OZkESUzq8ISt3", "http://redirect.citexplore.com/redirect?title=UWP%20Windows%E5%8E%86%E5%8F%B2%E4%B8%8A%E6%9C%80%E6%BC%82%E4%BA%AE%E7%9A%84UWP%E6%A1%86%E6%9E%B6%E5%87%BA%E7%82%89!!!%20-%20%E6%98%9F%E6%9C%9F%E5%85%AB%E5%86%8D%E5%A8%B6%E4%BD%A0%20-%20%E5%8D%9A%E5%AE%A2%E5%9B%AD&urlsnippet=https%3A%2F%2Fwww.cnblogs.com%2Fhupo37...%C2%A0&url=http%3A%2F%2Fwww.baidu.com%2Flink%3Furl%3DBzDlqHRmqJuXnygIJMrnNozaalx5JXrmToN6Yajzcjrhj2jzjLgYplYS0aapQGztzNQw09RqGPtTymquCAajaK", "http://redirect.citexplore.com/redirect?title=What's%20a%20Universal%20Windows%20Platform%20(UWP)%20app%3F%20-%20UWP%20app%20...&urlsnippet=https%3A%2F%2Fdocs.microsoft.com%2Fen-...%C2%A0&url=http%3A%2F%2Fwww.baidu.com%2Flink%3Furl%3DH2g6uzi1jo97uWbFaHILeJGMJgYvhPXcn85fjxZMQG6sU8b2UPR55J4pXYRpRpFEqQQ4GnSq3nCxeEyiyE3lt1y9caNcj-zzTpKZrBMClSW", "http://redirect.citexplore.com/redirect?title=%E9%83%BD%E5%B7%B2%E7%BB%8F%E8%BF%87%E4%BA%86%E9%82%A3%E4%B9%88%E4%B9%85%20%E5%BE%AE%E8%BD%AF%E7%9A%84UWP%E8%BF%98%E6%9C%89%E6%B2%A1%E6%9C%89%E6%95%91%E4%BA%86%3F_%E7%BD%91%E6%98%93%E6%95%B0%E7%A0%81&urlsnippet=digi.163.com%2F17%2F0406%2F1...%C2%A0&url=http%3A%2F%2Fwww.baidu.com%2Flink%3Furl%3D5Fo-UfwbxSVbqDkhzP83s-rxVFlhH-lBEUlYu_KbHuSNdYKTBuoVTJ84KVPoaRPCX0slE3x1aT2_kbaX9nPDY_", "http://redirect.citexplore.com/redirect?title=Win10%20UWP%E5%BC%80%E5%8F%91%E5%BF%AB%E9%80%9F%E5%85%A5%E9%97%A8%E6%8C%87%E5%8D%97%20-%20UWP%2CWin10%2CC%20-%20IT%E4%B9%8B%E5%AE%B6&urlsnippet=https%3A%2F%2Fwww.ithome.com%2Fhtml%2Fwi...%C2%A0&url=http%3A%2F%2Fwww.baidu.com%2Flink%3Furl%3DsAWBB3KzhJ4qQD4Qc3PsEEoyiq-DNj-vw-dGe5VbI4x3pS3gMyMycfzsZuqT-ksAp-LNSTQpWW_55buKmyxx2_", "http://redirect.citexplore.com/redirect?title=%E6%99%BA%E6%9C%BA%E7%BD%91%7CWin10%7CWindows10%7CWM10%7CSurface%E8%AE%BA%E5%9D%9B%7CUWP%7CWin10%E6%89%8B%E6%9C%BA%E8%AE%BA%E5%9D%9B%7C...&urlsnippet=bbs.wfun.com%2F%C2%A0&url=http%3A%2F%2Fwww.baidu.com%2Flink%3Furl%3DHFMDeRhSiwBkeiP2xyzkdWJkChw7tQk7sZuNdjgXGzG" ],
    "url" : "https://www.baidu.com/s?ie=utf-8&f=8&rsv_bp=1&tn=monline_3_dg&wd=ssms%E7%B4%A2%E5%BC%95%E8%B6%85%E5%87%BA%E6%95%B0%E7%BB%84%E7%95%8C%E9%99%90&oq=ssms&rsv_pq=a68961e700038eff&rsv_t=699dZz50jDHjbkiSEKZ7hp51qhdO6mMN2hc3gCtVaRMkH3Qp1qI2vbFZoyFNKs54i8%2BA&rqlang=cn&rsv_enter=1&inputT=2306&rsv_sug3=218&rsv_sug1=51&rsv_sug7=100&bs=ssms",
    "tabId" : 1,
    "sequenceId" : 2,
    "id" : "20154454",
    "timestamp" : 1522738962076,
    "serverTimestamp" : 1522738963718,
    "query" : "ssms索引超出数组界限"
  }, {
    "action" : "serp",
    "encrypted" : true,
    "urls" : [ "http://redirect.citexplore.com/redirect?title=UWP%E9%A1%B9%E7%9B%AE%E5%A6%82%E4%BD%95%E9%93%BE%E6%8E%A5SQL%20Server-CSDN%E8%AE%BA%E5%9D%9B&urlsnippet=https%3A%2F%2Fbbs.csdn.net%2Ftopics%2F39...%C2%A0&url=http%3A%2F%2Fwww.baidu.com%2Flink%3Furl%3D6lBjehWrvhI5EVZTzlcBrpHbgnL0UYAzuyDvtitE0KBVUUMaQNlKLnDe4jbvzjA6JSNPFlRD81bUNaZwZ8P4sK", "http://redirect.citexplore.com/redirect?title=%E5%A6%82%E4%BD%95%E5%9C%A8%20Win10%20UWP%20%E4%B8%AD%E8%AE%BF%E9%97%AE%20SQL%20Server%20%E6%95%B0%E6%8D%AE%E5%BA%93%E7%9A%84%E6%95%B0%E6%8D%AE%20%E5%9C%A8%20C%23%20%E4%B8%AD%20%E7%94%A8%E4%BA%8E...&urlsnippet=https%3A%2F%2Fcode.msdn.microsoft.co...%C2%A0&url=http%3A%2F%2Fwww.baidu.com%2Flink%3Furl%3DXKh8pf27t5FnTeF8Ro6cbNQuUvotYXzNlOblE3brfbcBRLFij_ouMn9RcjkMXzXKj5bnSAAIoPv-m3lJvgmhtJg9uRvGaZcBj0kZAwa9yi_", "http://redirect.citexplore.com/redirect?title=%E5%A6%82%E4%BD%95%E4%BB%8EWindows%2010%20UWP%E5%BA%94%E7%94%A8%E7%A8%8B%E5%BA%8F%E8%BF%9E%E6%8E%A5%E5%88%B0SQL%20Server%E6%95%B0%E6%8D%AE%E5%BA%93%20-%20IT%E5%B1%8B-...&urlsnippet=www.it1352.com%2F4172......%C2%A0&url=http%3A%2F%2Fwww.baidu.com%2Flink%3Furl%3DrGUDcJSs1OOS5C1FLX8coVVK1edpHQ80zipYOq0hySHA0sso9zSJLwnEiW38Hoyl", "http://redirect.citexplore.com/redirect?title=%E5%A6%82%E4%BD%95%E5%9C%A8%20Win10%20UWP%20%E4%B8%AD%E8%AE%BF%E9%97%AE%20SQL%20Server%20%E6%95%B0%E6%8D%AE%E5%BA%93%E7%9A%84%E6%95%B0%E6%8D%AE&urlsnippet=https%3A%2F%2Fcode.msdn.microsoft.co...%C2%A0&url=http%3A%2F%2Fwww.baidu.com%2Flink%3Furl%3DBpthiEVEHXen-0BVHjCSJ02YB5ngrTrMU9BACGUSkDPDRRq-4oc-xdK16zhDvuFHtMVnbwYmC7LvkeQ8NdYLlBWYcjm9aECpUdk0cEVbWujXtkB-Yli-0nHRUPBc_WNF", "http://redirect.citexplore.com/redirect?title=%5BUWP%E5%BC%80%E5%8F%91%5D%E6%9F%A5%E8%AF%A2SQL%20Server%E6%95%B0%E6%8D%AE%E5%BA%93%20-%20CSDN%E5%8D%9A%E5%AE%A2&urlsnippet=https%3A%2F%2Fblog.csdn.net%2Fxiahn1a%2F...%C2%A0&url=http%3A%2F%2Fwww.baidu.com%2Flink%3Furl%3DGgO3bBmJlnO1kVYKddBHOldigmab2ErQPw67YL0nCRsx-nsYb4sbUgZSq7No_ozVwQ2M1aDqNJvS0so87wGrOq", "http://redirect.citexplore.com/redirect?title=...to%20connect%20to%20SQL%20server%20database%20from%20a%20Windows%2010%20UWP%20...&urlsnippet=https%3A%2F%2Fstackoverflow.com%2Fques...%C2%A0&url=http%3A%2F%2Fwww.baidu.com%2Flink%3Furl%3Dh-irMmqMAqOcyKPgBEEevrzNFVwKyLLsMNP5_uixLoMAuSBGpipIo5thBiVQ5RkPZSjdXlsOtAKytOAfNsWv5Qr8gBijTtdSOKKEJ9wMBqgYTYSWd1FqwvL4ouvkqiQ-tnwXxHN01P1cKsHcjabsqWGwm5wZGLULNyT_ACCMPOW", "http://redirect.citexplore.com/redirect?title=UWP%20SQL%20Server%20API%20%E2%80%93%20Welcome%20to%20the%20Windows%20developer%20feed...&urlsnippet=https%3A%2F%2Fwpdev.uservoice.com%2Ffo...%C2%A0&url=http%3A%2F%2Fwww.baidu.com%2Flink%3Furl%3DEqi6zoHcLfxTky95tY0xp20irrzNQxWgahrjchhD5aghzvtRHpOni0kF0xRuAJVaYgnjkuUEUxwLu2jMgBWz9k6wnL3cnHBrmEeYFXOfg4SJy2wTr6-PFYJSttWkuNAB-cJ2o2Dp5YwguYS0PaeMcABU5PbgFBDOByJBnSRXMVC", "http://redirect.citexplore.com/redirect?title=uwp-windows%20%E9%80%9A%E7%94%A8%20%E8%BF%9E%E6%8E%A5%E8%BF%9C%E7%A8%8B%E6%95%B0%E6%8D%AE%E5%BA%93%E2%80%94%E2%80%94CSDN%E9%97%AE%E7%AD%94%E9%A2%91%E9%81%93&urlsnippet=https%3A%2F%2Fask.csdn.net%2Fquestions...%C2%A0&url=http%3A%2F%2Fwww.baidu.com%2Flink%3Furl%3DtXChnpvFNYh4EvkGXbcGaxC06DLJyUlOugX3G_XK26w93l0uD3hwzBXFxKCgz5f5", "http://redirect.citexplore.com/redirect?title=Windows%208%20%E5%A6%82%E4%BD%95%E5%9C%A8%20Win10%20UWP%20%E4%B8%AD%E8%AE%BF%E9%97%AE%20SQL%20Server%20%E6%95%B0%E6%8D%AE%E5%BA%93%E7%9A%84%E6%95%B0%E6%8D%AE%20...&urlsnippet=https%3A%2F%2Fcode.msdn.microsoft.co...%C2%A0&url=http%3A%2F%2Fwww.baidu.com%2Flink%3Furl%3DurfWwsF0DWZAvyRby1vgN-FqWsp8hD86hE92YFuBQZW3tUh2-6gl1Y95bIFsvK6t3f0SjIZoth0JCwxv-1b_IbNP9IhyWR4drP72PaVL7a4x021HlNVoNaerY-hchI0U", "http://redirect.citexplore.com/redirect?title=Win10%20UWP%20%E5%BC%80%E5%8F%91%E7%B3%BB%E5%88%97%3A%E4%BD%BF%E7%94%A8SQLite%20-%20yan_xiaodi%20-%20%E5%8D%9A%E5%AE%A2%E5%9B%AD&urlsnippet=https%3A%2F%2Fwww.cnblogs.com%2Fyanxia...%C2%A0&url=http%3A%2F%2Fwww.baidu.com%2Flink%3Furl%3Dr4A39kqnfscXSVCZdu6ve409xKTv3E0cC6fdki0eEIZtBWIz5m3fqKi7Avw6k-ubAGfT62trt38gdnFjVgCE_q" ],
    "url" : "https://www.baidu.com/s?ie=utf-8&f=8&rsv_bp=1&tn=monline_3_dg&wd=uwp%E8%BF%9E%E6%8E%A5SQL%20server&oq=ssms%25E7%25B4%25A2%25E5%25BC%2595%25E8%25B6%2585%25E5%2587%25BA%25E6%2595%25B0%25E7%25BB%2584%25E7%2595%258C%25E9%2599%2590&rsv_pq=89bde07d0003b8c0&rsv_t=40b3ayrsvcqpgo0Wlli%2FOSzyOHAodwdIZdT5rB4aLecu5TBnYdd3bgeUXQyJsRB6Gihr&rqlang=cn&rsv_enter=1&inputT=16616&rsv_sug3=274&rsv_sug1=63&rsv_sug7=100&rsv_sug2=0&rsv_sug4=17348",
    "tabId" : 1,
    "sequenceId" : 2,
    "id" : "20154454",
    "timestamp" : 1522738971198,
    "serverTimestamp" : 1522738972726,
    "query" : "uwp连接SQL server"
  } ]
}, {
  "mergedAction" : "session",
  "mergedActions" : [ {
    "tabId" : 34,
    "url" : "https://www.baidu.com/link?url=rGUDcJSs1OOS5C1FLX8coVVK1edpHQ80zipYOq0hySHA0sso9zSJLwnEiW38Hoyl&wd=&eqid=ba61b86a00084f71000000035ac3271b",
    "sourceTabId" : 1,
    "refer" : "https://www.baidu.com/s?ie=utf-8&f=8&rsv_bp=1&tn=monline_3_dg&wd=uwp%E8%BF%9E%E6%8E%A5SQL%20server&oq=ssms%25E7%25B4%25A2%25E5%25BC%2595%25E8%25B6%2585%25E5%2587%25BA%25E6%2595%25B0%25E7%25BB%2584%25E7%2595%258C%25E9%2599%2590&rsv_pq=89bde07d0003b8c0&rsv_t=40b3ayrsvcqpgo0Wlli%2FOSzyOHAodwdIZdT5rB4aLecu5TBnYdd3bgeUXQyJsRB6Gihr&rqlang=cn&rsv_enter=1&inputT=16616&rsv_sug3=274&rsv_sug1=63&rsv_sug7=100&rsv_sug2=0&rsv_sug4=17348",
    "timestamp" : 1522739007620,
    "action" : "request",
    "sequenceId" : 2,
    "id" : "20154454",
    "serverTimestamp" : 1522739009132
  }, {
    "url" : "https://www.baidu.com/link?url=rGUDcJSs1OOS5C1FLX8coVVK1edpHQ80zipYOq0hySHA0sso9zSJLwnEiW38Hoyl&wd=&eqid=ba61b86a00084f71000000035ac3271b",
    "timestamp" : 1522739007638,
    "action" : "active",
    "sequenceId" : 2,
    "id" : "20154454",
    "serverTimestamp" : 1522739009133
  }, {
    "tabId" : 34,
    "url" : "http://www.it1352.com/417294.html",
    "refer" : "https://www.baidu.com/link?url=rGUDcJSs1OOS5C1FLX8coVVK1edpHQ80zipYOq0hySHA0sso9zSJLwnEiW38Hoyl&wd=&eqid=ba61b86a00084f71000000035ac3271b",
    "timestamp" : 1522739008212,
    "action" : "request",
    "sequenceId" : 2,
    "id" : "20154454",
    "serverTimestamp" : 1522739009763
  }, {
    "url" : "http://www.it1352.com/417294.html",
    "timestamp" : 1522739018806,
    "action" : "active",
    "sequenceId" : 2,
    "id" : "20154454",
    "serverTimestamp" : 1522739020254
  } ]
}, {
  "mergedAction" : "session",
  "mergedActions" : [ {
    "tabId" : 1,
    "url" : "https://docs.microsoft.com/en-us/windows/uwp/get-started/plan-your-app",
    "refer" : "https://uvp.neu.edu.cn/Portal/GroupAssignments/Edit?id=1008",
    "timestamp" : 1522739324082,
    "action" : "request",
    "sequenceId" : 2,
    "id" : "20154454",
    "serverTimestamp" : 1522739325606
  }, {
    "url" : "https://docs.microsoft.com/en-us/windows/uwp/get-started/plan-your-app",
    "timestamp" : 1522739334712,
    "action" : "active",
    "sequenceId" : 2,
    "id" : "20154454",
    "serverTimestamp" : 1522739336165
  }, {
    "url" : "https://docs.microsoft.com/en-us/windows/uwp/get-started/plan-your-app",
    "timestamp" : 1522741172334,
    "action" : "active",
    "sequenceId" : 2,
    "id" : "20154454",
    "serverTimestamp" : 1522741173801
  }, {
    "tabId" : 1,
    "url" : "https://docs.microsoft.com/en-us/windows/uwp/get-started/plan-your-app",
    "refer" : "https://uvp.neu.edu.cn/Portal/GroupAssignments/Edit?id=1008",
    "timestamp" : 1522741176396,
    "action" : "request",
    "sequenceId" : 2,
    "id" : "20154454",
    "serverTimestamp" : 1522741177822
  }, {
    "url" : "https://docs.microsoft.com/en-us/windows/uwp/get-started/plan-your-app",
    "timestamp" : 1522741176786,
    "action" : "active",
    "sequenceId" : 2,
    "id" : "20154454",
    "serverTimestamp" : 1522741178204
  }, {
    "tabId" : 1,
    "url" : "https://docs.microsoft.com/en-us/windows/uwp/get-started/plan-your-app",
    "refer" : "https://docs.microsoft.com/en-us/windows/uwp/get-started/learn-more",
    "timestamp" : 1522741219894,
    "action" : "request",
    "sequenceId" : 2,
    "id" : "20154454",
    "serverTimestamp" : 1522741221331
  }, {
    "url" : "https://docs.microsoft.com/en-us/windows/uwp/get-started/plan-your-app",
    "timestamp" : 1522741220448,
    "action" : "active",
    "sequenceId" : 2,
    "id" : "20154454",
    "serverTimestamp" : 1522741221858
  }, {
    "tabId" : 3,
    "url" : "https://docs.microsoft.com/en-us/windows/uwp/design/controls-and-patterns/master-details",
    "refer" : "https://docs.microsoft.com/en-us/windows/uwp/design/basics/navigation-basics",
    "timestamp" : 1522741876384,
    "action" : "request",
    "sequenceId" : 2,
    "id" : "20154454",
    "serverTimestamp" : 1522741877867
  }, {
    "url" : "https://docs.microsoft.com/en-us/windows/uwp/design/controls-and-patterns/master-details",
    "timestamp" : 1522741882910,
    "action" : "active",
    "sequenceId" : 2,
    "id" : "20154454",
    "serverTimestamp" : 1522741884353
  }, {
    "tabId" : 1,
    "url" : "https://docs.microsoft.com/en-us/windows/uwp/get-started/plan-your-app",
    "timestamp" : 1522741910574,
    "action" : "active",
    "sequenceId" : 2,
    "id" : "20154454",
    "serverTimestamp" : 1522741911991
  }, {
    "tabId" : 1,
    "url" : "https://docs.microsoft.com/en-us/windows/uwp/get-started/plan-your-app",
    "refer" : "https://docs.microsoft.com/zh-cn/windows/uwp/design/layout/screen-sizes-and-breakpoints-for-responsive-design",
    "timestamp" : 1522742685204,
    "action" : "request",
    "sequenceId" : 2,
    "id" : "20154454",
    "serverTimestamp" : 1522742686622
  }, {
    "url" : "https://docs.microsoft.com/en-us/windows/uwp/get-started/plan-your-app",
    "timestamp" : 1522742685914,
    "action" : "active",
    "sequenceId" : 2,
    "id" : "20154454",
    "serverTimestamp" : 1522742687315
  } ]
} ]