[ {
  "mergedAction" : "session",
  "mergedActions" : [ {
    "tabId" : 3,
    "url" : "https://www.cnblogs.com/hchhch/",
    "refer" : "https://msg.cnblogs.com/outbox",
    "timestamp" : 1522676969450,
    "action" : "request",
    "sequenceId" : 2,
    "id" : "20154427",
    "serverTimestamp" : 1522676969580
  }, {
    "url" : "https://www.cnblogs.com/hchhch/",
    "timestamp" : 1522676970008,
    "action" : "active",
    "sequenceId" : 2,
    "id" : "20154427",
    "serverTimestamp" : 1522676970128
  }, {
    "tabId" : 3,
    "url" : "http://www.cnblogs.com/hchhch/",
    "refer" : "https://www.cnblogs.com/hchhch/",
    "timestamp" : 1522676982682,
    "action" : "request",
    "sequenceId" : 2,
    "id" : "20154427",
    "serverTimestamp" : 1522676982810
  }, {
    "url" : "http://www.cnblogs.com/hchhch/",
    "timestamp" : 1522676983240,
    "action" : "active",
    "sequenceId" : 2,
    "id" : "20154427",
    "serverTimestamp" : 1522676983367
  }, {
    "tabId" : 3,
    "url" : "http://www.cnblogs.com/hchhch/p/8699155.html",
    "refer" : "https://i.cnblogs.com/PostDone.aspx?postid=8699155&actiontip=%e5%8f%91%e5%b8%83%e6%88%90%e5%8a%9f",
    "timestamp" : 1522685216530,
    "action" : "request",
    "sequenceId" : 2,
    "id" : "20154427",
    "serverTimestamp" : 1522685216743
  }, {
    "url" : "http://www.cnblogs.com/hchhch/p/8699155.html",
    "timestamp" : 1522685218468,
    "action" : "active",
    "sequenceId" : 2,
    "id" : "20154427",
    "serverTimestamp" : 1522685218675
  }, {
    "url" : "https://github.com/chenghuihuang/-/blob/master/%E6%92%AD%E6%94%BE/MainPage.xaml",
    "timestamp" : 1522685243628,
    "action" : "active",
    "sequenceId" : 2,
    "id" : "20154427",
    "serverTimestamp" : 1522685243838
  }, {
    "url" : "https://github.com/chenghuihuang/-/blob/master/%E6%92%AD%E6%94%BE/MainPage.xaml",
    "timestamp" : 1522685244392,
    "action" : "active",
    "sequenceId" : 2,
    "id" : "20154427",
    "serverTimestamp" : 1522685244601
  }, {
    "tabId" : 3,
    "url" : "http://www.cnblogs.com/hchhch/p/8699155.html",
    "timestamp" : 1522685251388,
    "action" : "active",
    "sequenceId" : 2,
    "id" : "20154427",
    "serverTimestamp" : 1522685251604
  }, {
    "url" : "https://github.com/chenghuihuang/-/blob/master/%E6%92%AD%E6%94%BE/MainPage.xaml.cs",
    "timestamp" : 1522685258144,
    "action" : "active",
    "sequenceId" : 2,
    "id" : "20154427",
    "serverTimestamp" : 1522685258354
  }, {
    "url" : "https://github.com/chenghuihuang/-/blob/master/%E6%92%AD%E6%94%BE/MainPage.xaml.cs",
    "timestamp" : 1522685258866,
    "action" : "active",
    "sequenceId" : 2,
    "id" : "20154427",
    "serverTimestamp" : 1522685259074
  }, {
    "tabId" : 3,
    "url" : "http://www.cnblogs.com/hchhch/p/8699155.html",
    "timestamp" : 1522685265732,
    "action" : "active",
    "sequenceId" : 2,
    "id" : "20154427",
    "serverTimestamp" : 1522685265940
  } ]
} ]