[ {
  "mergedAction" : "session",
  "mergedActions" : [ {
    "tabId" : 56,
    "url" : "https://msdn.microsoft.com/en-us/library/windows/apps/mt187272.aspx",
    "sourceTabId" : 49,
    "refer" : "https://cn.bing.com/search?q=uwp+mediaelement&qs=AS&pq=uwp+media&sk=AS1&sc=8-9&cvid=8EAB5939A53448059B4AAFCD53573079&FORM=QBLH&sp=2",
    "timestamp" : 1522563966826,
    "action" : "request",
    "sequenceId" : 4,
    "id" : "20154552",
    "serverTimestamp" : 1522563966862
  }, {
    "url" : "https://msdn.microsoft.com/en-us/library/windows/apps/mt187272.aspx",
    "timestamp" : 1522563974770,
    "action" : "active",
    "sequenceId" : 4,
    "id" : "20154552",
    "serverTimestamp" : 1522563974789
  } ]
}, {
  "mergedAction" : "session",
  "mergedActions" : [ {
    "tabId" : 1,
    "url" : "https://xfangfang.github.io/uwp/012",
    "refer" : "https://uvp.neu.edu.cn/Portal/StudentAssignments?id=1007",
    "timestamp" : 1522475033344,
    "action" : "request",
    "sequenceId" : 2,
    "id" : "20154552",
    "serverTimestamp" : 1522475031727
  }, {
    "url" : "https://xfangfang.github.io/uwp/012",
    "timestamp" : 1522475043106,
    "action" : "active",
    "sequenceId" : 2,
    "id" : "20154552",
    "serverTimestamp" : 1522475041487
  }, {
    "action" : "serp",
    "encrypted" : true,
    "urls" : [ "http://redirect.citexplore.com/redirect?title=%E6%9B%BF%E6%8D%A2%E4%B8%BA%E9%80%9A%E7%94%A8%20Windows%20%E5%B9%B3%E5%8F%B0%20(UWP)%20%E5%BA%94%E7%94%A8%E4%B8%AD%E7%9A%84%20Windows%20API%20-%20Windows%20...&urlsnippet=msdn.microsoft.com%2Fzh-...%C2%A0&url=http%3A%2F%2Fwww.baidu.com%2Flink%3Furl%3DxTjByJLoS85wR2L1UUDHjzNBVUgpSIWLz6PF8CxhH03rhZ2TBtN3a6fnRp2zU3uD4P8BZMdin2Yxo-Pfw-jptq", "http://redirect.citexplore.com/redirect?title=%E9%80%9A%E7%94%A8Windows%20%E5%B9%B3%E5%8F%B0%20(UWP)%20App%20%E4%B8%AD%20Windows%20API%20%E7%9A%84%E6%9B%BF%E4%BB%A3%E6%96%B9%E6%B3%95%20-%20...&urlsnippet=msdn.microsoft.com%2Fzh-...%C2%A0&url=http%3A%2F%2Fwww.baidu.com%2Flink%3Furl%3DeKNnbqTsJZG6CtxcS8y1wu9PjplScVr9YzJC_FV8BsynIeLBdw9bbJdAY6VMqZzbRrxyPxm2jAtCUYjhot9Oy2cXvW7ObgWOKo2FbE1ez8y", "http://redirect.citexplore.com/redirect?title=API%20reference%20for%20Universal%20Windows%20Platform%20(UWP)%20apps&urlsnippet=https%3A%2F%2Fdocs.microsoft.com%2Fen-...%C2%A0&url=http%3A%2F%2Fwww.baidu.com%2Flink%3Furl%3DNINcup4r4NJYXIhKCxfyCSlkDsacrxBRdNO9C9Q_cbrreMC3CsUd3zCnXt_5D6CQ", "http://redirect.citexplore.com/redirect?title=Win10%20UWP%E7%9A%84%E5%BC%80%E5%8F%91%E4%BD%93%E9%AA%8C%E6%98%AF%E6%80%8E%E6%A0%B7%E7%9A%84%3F%20-%20%E7%9F%A5%E4%B9%8E&urlsnippet=https%3A%2F%2Fwww.zhihu.com%2Fquestion...%C2%A0&url=http%3A%2F%2Fwww.baidu.com%2Flink%3Furl%3DOuyysSfI_ks4J2nrL5NkgNpM2uF6y_byE6s1ofj91P9ENqi_7uIARTPYORQt_4M0_MQhaWgX8VFtLgB7GEweha", "http://redirect.citexplore.com/redirect?title=Win32%E6%A1%8C%E9%9D%A2%E7%A8%8B%E5%BA%8F%E8%B0%83%E7%94%A8Windows%2010%20UWP%20API_wayyt_%E6%96%B0%E6%B5%AA%E5%8D%9A%E5%AE%A2&urlsnippet=blog.sina.com.cn%2Fs%2Fblo...%C2%A0&url=http%3A%2F%2Fwww.baidu.com%2Flink%3Furl%3DU077XrsXFZIyNPncCR6FylmHmBu-Bvnrf_jb1PDdg_2--667jr_oFxwRzT00I1g4OCROWAzVyXn9UlR8Aof34K", "http://redirect.citexplore.com/redirect?title=%E8%AF%A6%E8%A7%A3UWP%20(%E9%80%9A%E7%94%A8%20Windows%20%E5%B9%B3%E5%8F%B0)%20%E4%B8%AD%E7%9A%84%E4%B8%A4%E7%A7%8D%20HttpClient%20API%20-..._%E5%8D%9A%E5%AE%A2%E5%9B%AD&urlsnippet=https%3A%2F%2Fwww.cnblogs.com%2Fvalidv...%C2%A0&url=http%3A%2F%2Fwww.baidu.com%2Flink%3Furl%3D2j1UrsMu-n0KPlVOJuqsCxlATSF-03Ug2QNfyqGEqxd4XoI3YYram6u2jLy7UyrkBjtH4tls7Tcz9e9I0hjAtyMun-sCNVmgS5JRAf6GqN0tqiQD24MfWz27ajr-ranC", "http://redirect.citexplore.com/redirect?title=%E5%BE%AE%E8%BD%AF%E5%AE%A3%E5%B8%83UWP%E6%94%AF%E6%8C%81.NET%20Standard%202.0%2C%E6%94%AF%E6%8C%812%E4%B8%87%E4%B8%AAAPI&urlsnippet=baijiahao.baidu.com%2Fs%3F...%C2%A0&url=http%3A%2F%2Fwww.baidu.com%2Flink%3Furl%3D6PpaOi6Opb_UWysvI8bqM8kPvTwufdtW91nFbVL0TRC8zkNt32QCU5ryN6HW0XnBmh4AM5WJP3go_N4Xx7dYJi12KzbjB-0m7CFW1KtHRRG", "http://redirect.citexplore.com/redirect?title=%E4%B8%BAUWP%20%E5%BA%94%E7%94%A8%E6%8F%90%E4%BE%9B%E7%9A%84%20.NET%20%E7%BD%91%E7%BB%9C%20API%20-%20CSDN%E5%8D%9A%E5%AE%A2&urlsnippet=https%3A%2F%2Fblog.csdn.net%2Fwangpeng...%C2%A0&url=http%3A%2F%2Fwww.baidu.com%2Flink%3Furl%3DxnwLFQgXd9M_LBG-L6z5IbOu_jC1RCgdeFCPvR8IuuTK00v8o5QK1gK3LNsUBVIZoQ1LRZ-jnhHV995Ep7n0EYN6CTY_bt5QgAxsGXYJ1_e", "http://redirect.citexplore.com/redirect?title=%E7%AE%80%E6%98%93%E7%BC%96%E7%A8%8B%E3%80%8AWindows%20App%20Studio%E3%80%8B%E6%96%B0%E5%A2%9E%E4%B8%80%E5%A4%A7%E6%B3%A2Win10%20UWP%20API%20-%20Win10...&urlsnippet=https%3A%2F%2Fwww.ithome.com%2Fhtml%2Fwi...%C2%A0&url=http%3A%2F%2Fwww.baidu.com%2Flink%3Furl%3DpRk3_Z4wD5AzUJEC1d62DJnQtLvh3fOBLe-10uV17ZnfZeRZAG5eTocPJ54sRD41W54uKeVnhQaFNFakdfVKA_" ],
    "url" : "https://www.baidu.com/s?ie=utf-8&f=8&rsv_bp=0&rsv_idx=1&tn=99104831_hao_pg&wd=UWP%20API&rsv_pq=dba5ab590005448e&rsv_t=f89e8WEEVnSAjtDGgnBv8detgjEujZJVXb3NUzSrwae68eRjiZXfFckPj7WdtH8jTk%2BCPlaj&rqlang=cn&rsv_enter=1&rsv_sug3=7&rsv_sug1=4&rsv_sug7=100&rsv_sug2=0&inputT=4734&rsv_sug4=4734",
    "tabId" : 13,
    "sequenceId" : 4,
    "id" : "20154552",
    "timestamp" : 1522475078232,
    "serverTimestamp" : 1522475076878,
    "query" : "UWP API"
  }, {
    "tabId" : 26,
    "url" : "https://www.baidu.com/link?url=xnwLFQgXd9M_LBG-L6z5IbOu_jC1RCgdeFCPvR8IuuTK00v8o5QK1gK3LNsUBVIZoQ1LRZ-jnhHV995Ep7n0EYN6CTY_bt5QgAxsGXYJ1_e&wd=&eqid=83848bf20004d71f000000035abf2043",
    "sourceTabId" : 13,
    "refer" : "https://www.baidu.com/s?ie=utf-8&f=8&rsv_bp=0&rsv_idx=1&tn=99104831_hao_pg&wd=UWP%20API&rsv_pq=dba5ab590005448e&rsv_t=f89e8WEEVnSAjtDGgnBv8detgjEujZJVXb3NUzSrwae68eRjiZXfFckPj7WdtH8jTk%2BCPlaj&rqlang=cn&rsv_enter=1&rsv_sug3=7&rsv_sug1=4&rsv_sug7=100&rsv_sug2=0&inputT=4734&rsv_sug4=4734",
    "timestamp" : 1522475110218,
    "action" : "request",
    "sequenceId" : 4,
    "id" : "20154552",
    "serverTimestamp" : 1522475108637
  }, {
    "url" : "https://www.baidu.com/link?url=xnwLFQgXd9M_LBG-L6z5IbOu_jC1RCgdeFCPvR8IuuTK00v8o5QK1gK3LNsUBVIZoQ1LRZ-jnhHV995Ep7n0EYN6CTY_bt5QgAxsGXYJ1_e&wd=&eqid=83848bf20004d71f000000035abf2043",
    "timestamp" : 1522475110236,
    "action" : "active",
    "sequenceId" : 4,
    "id" : "20154552",
    "serverTimestamp" : 1522475108639
  }, {
    "tabId" : 26,
    "url" : "https://blog.csdn.net/wangpeng198688/article/details/50216599",
    "refer" : "https://www.baidu.com/link?url=xnwLFQgXd9M_LBG-L6z5IbOu_jC1RCgdeFCPvR8IuuTK00v8o5QK1gK3LNsUBVIZoQ1LRZ-jnhHV995Ep7n0EYN6CTY_bt5QgAxsGXYJ1_e&wd=&eqid=83848bf20004d71f000000035abf2043",
    "timestamp" : 1522475111166,
    "action" : "request",
    "sequenceId" : 4,
    "id" : "20154552",
    "serverTimestamp" : 1522475109597
  }, {
    "tabId" : 26,
    "url" : "https://blog.csdn.net/wangpeng198688/article/details/50216599",
    "timestamp" : 1522475133198,
    "action" : "active",
    "sequenceId" : 4,
    "id" : "20154552",
    "serverTimestamp" : 1522475131597
  }, {
    "tabId" : 26,
    "url" : "https://blog.csdn.net/wangpeng198688/article/details/50216599",
    "timestamp" : 1522475221290,
    "action" : "active",
    "sequenceId" : 4,
    "id" : "20154552",
    "serverTimestamp" : 1522475219718
  }, {
    "tabId" : 58,
    "url" : "https://www.baidu.com/link?url=VtN_ciV3NSYqWTpDtVP8va2mJ0-ckDAH4ytof-hONTzaCFaZ_bM8GnMXpYfmdd0CupNBoos7oBIbpefo4Tz96nl4Q8GzRdyUTUORzzSpAugP5rIDPBSY6A8eZCvZIuQ5&wd=&eqid=edfbedbb00056873000000035abf20ed",
    "sourceTabId" : 13,
    "refer" : "https://www.baidu.com/s?ie=utf-8&f=8&rsv_bp=1&rsv_idx=1&tn=99104831_hao_pg&wd=StorageFile&oq=UWP%2520API&rsv_pq=83848bf20004d71f&rsv_t=c096cNeBwc6EHNK9NBCisuu9CXqD2Is%2Bdl1niTM%2FMXSyoztjU7vV1TIzGrDUtgWd7DOVV%2FWY&rqlang=cn&rsv_enter=1&inputT=5160&rsv_sug3=19&rsv_sug1=13&rsv_sug7=100&rsv_sug2=0&rsv_sug4=6208",
    "timestamp" : 1522475254858,
    "action" : "request",
    "sequenceId" : 4,
    "id" : "20154552",
    "serverTimestamp" : 1522475253277
  }, {
    "url" : "https://www.baidu.com/link?url=VtN_ciV3NSYqWTpDtVP8va2mJ0-ckDAH4ytof-hONTzaCFaZ_bM8GnMXpYfmdd0CupNBoos7oBIbpefo4Tz96nl4Q8GzRdyUTUORzzSpAugP5rIDPBSY6A8eZCvZIuQ5&wd=&eqid=edfbedbb00056873000000035abf20ed",
    "timestamp" : 1522475254892,
    "action" : "active",
    "sequenceId" : 4,
    "id" : "20154552",
    "serverTimestamp" : 1522475253279
  }, {
    "tabId" : 58,
    "url" : "https://msdn.microsoft.com/zh-cn/library/windows/apps/windows.storage.storagefile",
    "refer" : "https://www.baidu.com/link?url=VtN_ciV3NSYqWTpDtVP8va2mJ0-ckDAH4ytof-hONTzaCFaZ_bM8GnMXpYfmdd0CupNBoos7oBIbpefo4Tz96nl4Q8GzRdyUTUORzzSpAugP5rIDPBSY6A8eZCvZIuQ5&wd=&eqid=edfbedbb00056873000000035abf20ed",
    "timestamp" : 1522475258362,
    "action" : "request",
    "sequenceId" : 4,
    "id" : "20154552",
    "serverTimestamp" : 1522475256758
  }, {
    "tabId" : 26,
    "url" : "https://blog.csdn.net/wangpeng198688/article/details/50216599",
    "timestamp" : 1522475258590,
    "action" : "active",
    "sequenceId" : 4,
    "id" : "20154552",
    "serverTimestamp" : 1522475256958
  }, {
    "tabId" : 58,
    "url" : "https://msdn.microsoft.com/zh-cn/library/windows/apps/windows.storage.storagefile",
    "timestamp" : 1522475259262,
    "action" : "active",
    "sequenceId" : 4,
    "id" : "20154552",
    "serverTimestamp" : 1522475257632
  }, {
    "url" : "https://msdn.microsoft.com/zh-cn/library/windows/apps/windows.storage.storagefile",
    "timestamp" : 1522475262850,
    "action" : "active",
    "sequenceId" : 4,
    "id" : "20154552",
    "serverTimestamp" : 1522475261278
  }, {
    "tabId" : 58,
    "url" : "https://docs.microsoft.com/zh-cn/uwp/api/",
    "refer" : "https://msdn.microsoft.com/zh-cn/library/windows/apps/windows.storage.storagefile",
    "timestamp" : 1522475269686,
    "action" : "request",
    "sequenceId" : 4,
    "id" : "20154552",
    "serverTimestamp" : 1522475268108
  }, {
    "url" : "https://docs.microsoft.com/zh-cn/uwp/api/",
    "timestamp" : 1522475272376,
    "action" : "active",
    "sequenceId" : 4,
    "id" : "20154552",
    "serverTimestamp" : 1522475270758
  }, {
    "tabId" : 58,
    "url" : "https://msdn.microsoft.com/zh-cn/library/windows/apps/windows.storage.storagefile",
    "refer" : "https://docs.microsoft.com/zh-cn/uwp/api/",
    "timestamp" : 1522475280846,
    "action" : "request",
    "sequenceId" : 4,
    "id" : "20154552",
    "serverTimestamp" : 1522475279273
  }, {
    "url" : "https://msdn.microsoft.com/zh-cn/library/windows/apps/windows.storage.storagefile",
    "timestamp" : 1522475282428,
    "action" : "active",
    "sequenceId" : 4,
    "id" : "20154552",
    "serverTimestamp" : 1522475280799
  }, {
    "url" : "https://msdn.microsoft.com/zh-cn/library/windows/apps/windows.storage.storagefile",
    "timestamp" : 1522475288768,
    "action" : "active",
    "sequenceId" : 4,
    "id" : "20154552",
    "serverTimestamp" : 1522475287178
  }, {
    "tabId" : 26,
    "url" : "https://blog.csdn.net/wangpeng198688/article/details/50216599",
    "timestamp" : 1522475333688,
    "action" : "active",
    "sequenceId" : 4,
    "id" : "20154552",
    "serverTimestamp" : 1522475332113
  }, {
    "tabId" : 93,
    "url" : "https://www.baidu.com/link?url=PitD1EC6JTK04t4mPdDMSg-PVit7RvoFVvmyL8hJaAJZ2Q-_OiTGOufC_Y0ia_GIQ4KKhs68uQevHHCQnB8Ic1ypsDWMm7drkaikyCK8h2y&wd=&eqid=edfbedbb00056873000000035abf20ed",
    "sourceTabId" : 13,
    "refer" : "https://www.baidu.com/s?ie=utf-8&f=8&rsv_bp=1&rsv_idx=1&tn=99104831_hao_pg&wd=StorageFile&oq=UWP%2520API&rsv_pq=83848bf20004d71f&rsv_t=c096cNeBwc6EHNK9NBCisuu9CXqD2Is%2Bdl1niTM%2FMXSyoztjU7vV1TIzGrDUtgWd7DOVV%2FWY&rqlang=cn&rsv_enter=1&inputT=5160&rsv_sug3=19&rsv_sug1=13&rsv_sug7=100&rsv_sug2=0&rsv_sug4=6208",
    "timestamp" : 1522475345330,
    "action" : "request",
    "sequenceId" : 4,
    "id" : "20154552",
    "serverTimestamp" : 1522475343752
  }, {
    "url" : "https://www.baidu.com/link?url=PitD1EC6JTK04t4mPdDMSg-PVit7RvoFVvmyL8hJaAJZ2Q-_OiTGOufC_Y0ia_GIQ4KKhs68uQevHHCQnB8Ic1ypsDWMm7drkaikyCK8h2y&wd=&eqid=edfbedbb00056873000000035abf20ed",
    "timestamp" : 1522475345362,
    "action" : "active",
    "sequenceId" : 4,
    "id" : "20154552",
    "serverTimestamp" : 1522475343758
  }, {
    "tabId" : 93,
    "url" : "https://blog.csdn.net/lindexi_gd/article/details/51784500",
    "refer" : "https://www.baidu.com/link?url=PitD1EC6JTK04t4mPdDMSg-PVit7RvoFVvmyL8hJaAJZ2Q-_OiTGOufC_Y0ia_GIQ4KKhs68uQevHHCQnB8Ic1ypsDWMm7drkaikyCK8h2y&wd=&eqid=edfbedbb00056873000000035abf20ed",
    "timestamp" : 1522475345864,
    "action" : "request",
    "sequenceId" : 4,
    "id" : "20154552",
    "serverTimestamp" : 1522475344278
  }, {
    "url" : "https://blog.csdn.net/lindexi_gd/article/details/51784500",
    "timestamp" : 1522475413160,
    "action" : "active",
    "sequenceId" : 4,
    "id" : "20154552",
    "serverTimestamp" : 1522475411657
  }, {
    "tabId" : 144,
    "url" : "https://www.baidu.com/link?url=tndIBAwD1_v9Lz_FTrLDwdygsoiXCUS0_mfjtqxC5JSJHCZNmbZGc_m3Ok9jKW9HVG1bnY1aKwqMoCpOYfr-zItKQyWQFowaG8hkhm0HDDa&wd=&eqid=d1d35b100005b42d000000035abf2349",
    "sourceTabId" : 13,
    "refer" : "https://www.baidu.com/s?ie=utf-8&f=8&rsv_bp=1&rsv_idx=1&tn=99104831_hao_pg&wd=UWP%20API&oq=API&rsv_pq=a50a408d00053711&rsv_t=c57e%2BUqT6nmf7%2B1abC5yVVbbzbYBApIdjUwUyKvG5fM3pW9PU694m5LPABJq3758eCJd0iWa&rqlang=cn&rsv_enter=1&inputT=2540&rsv_sug3=28&rsv_sug1=19&rsv_sug7=100&rsv_sug2=0&rsv_sug4=2810",
    "timestamp" : 1522475859340,
    "action" : "request",
    "sequenceId" : 4,
    "id" : "20154552",
    "serverTimestamp" : 1522475857742
  }, {
    "url" : "https://www.baidu.com/link?url=tndIBAwD1_v9Lz_FTrLDwdygsoiXCUS0_mfjtqxC5JSJHCZNmbZGc_m3Ok9jKW9HVG1bnY1aKwqMoCpOYfr-zItKQyWQFowaG8hkhm0HDDa&wd=&eqid=d1d35b100005b42d000000035abf2349",
    "timestamp" : 1522475859362,
    "action" : "active",
    "sequenceId" : 4,
    "id" : "20154552",
    "serverTimestamp" : 1522475857747
  }, {
    "tabId" : 26,
    "url" : "https://blog.csdn.net/wangpeng198688/article/details/50216599",
    "timestamp" : 1522475872398,
    "action" : "active",
    "sequenceId" : 4,
    "id" : "20154552",
    "serverTimestamp" : 1522475870782
  }, {
    "action" : "serp",
    "encrypted" : true,
    "urls" : [ "http://redirect.citexplore.com/redirect?title=UWP%20%E6%94%B9%E5%8F%98Button%E6%A0%B7%E5%BC%8F%20-%205%E5%8F%AA%E7%8C%AB%20-%20%E5%8D%9A%E5%AE%A2%E5%9B%AD&urlsnippet=https%3A%2F%2Fwww.cnblogs.com%2FMzwCat...%C2%A0&url=http%3A%2F%2Fwww.baidu.com%2Flink%3Furl%3Do-f0rg6qrgP6kIDYmhVTKCTbq7jXrTnnQ871mWnQnZQ3Xzq6mY9lj2m09SoBwor8Pw8PHJ7bJ_dICJhjEKFi8_", "http://redirect.citexplore.com/redirect?title=UWP%20Button%20%E7%B1%BB%E6%8E%A7%E4%BB%B6%E2%80%94%E2%80%94Button%20-%20lovevv%20-%20%E5%8D%9A%E5%AE%A2%E5%9B%AD&urlsnippet=https%3A%2F%2Fwww.cnblogs.com%2Fshilia...%C2%A0&url=http%3A%2F%2Fwww.baidu.com%2Flink%3Furl%3DSob38cZAZunmAsc5-EiPiElmG-WLLcBNyad0TlxB0IUcmd4_U_G23ZMTVYdafy4YobS_yNdOcHc53dFaNTldfa", "http://redirect.citexplore.com/redirect?title=Button%20Class%20(Windows.UI.Xaml.Controls)%20-%20UWP%20app%20developer%20%7C...&urlsnippet=https%3A%2F%2Fdocs.microsoft.com%2Fen-...%C2%A0&url=http%3A%2F%2Fwww.baidu.com%2Flink%3Furl%3De8wCur8GgGajFSSCkOarM7Ar4NPkrKcNJTOgoigjZDZwEYkIFIr6OWKyp0-zW8nVgwwGN4GEu9aQBHaWz1CB2sJ4j5JA-wwx-H6t7vqxkQZ_rac1is_ha83OyNHfSD4X", "http://redirect.citexplore.com/redirect?title=Buttons%20-%20UWP%20app%20developer%20%7C%20Microsoft%20Docs&urlsnippet=msdn.microsoft.com%2Fen-...%C2%A0&url=http%3A%2F%2Fwww.baidu.com%2Flink%3Furl%3DueKSmeBz1k1MGNgbByQoskXdeLsvmT_y63qRdcQWkPuv1m31y5Q3kCWlb6TyeOOtyQTNAC_2BgrDOAuN7iImwFZ_ofpq2dFOBaK41EXSY87", "http://redirect.citexplore.com/redirect?title=win10%20UWP%20button%20-%20CSDN%E5%8D%9A%E5%AE%A2&urlsnippet=https%3A%2F%2Fblog.csdn.net%2Flindexi_...%C2%A0&url=http%3A%2F%2Fwww.baidu.com%2Flink%3Furl%3DSgvMYpbYVDBGcGbn5bC9yJuH0PuEjfhZCzE8Irb3geUMw6J5ksjZ1XDYfgwQt48DToUngIiyBzPJG65Cc61exfCB950JxGUv-sAOOXjuNA3", "http://redirect.citexplore.com/redirect?title=%5BUWP%5D%E5%88%9B%E5%BB%BA%E4%B8%80%E4%B8%AA%E8%BF%9B%E5%BA%A6%E6%8C%89%E9%92%AE%20-%20C%23%E7%9F%A5%E8%AF%86%E5%BA%93&urlsnippet=lib.csdn.net%2Farticle%2Fc...%C2%A0&url=http%3A%2F%2Fwww.baidu.com%2Flink%3Furl%3DaJ9jvk89UXPsqsgcSapzFmulxi5SYu9mN6j48wWoIJga9kpM4CorzAMJysmEjjfIG3MCV6ZZs62ygaBlcy0voq", "http://redirect.citexplore.com/redirect?title=%5BUWP%5D%E6%B5%85%E8%B0%88%E6%8C%89%E9%92%AE%E8%AE%BE%E8%AE%A1%20-%20dino.c%20-%20%E5%8D%9A%E5%AE%A2%E5%9B%AD&urlsnippet=https%3A%2F%2Fwww.cnblogs.com%2Fdino62...%C2%A0&url=http%3A%2F%2Fwww.baidu.com%2Flink%3Furl%3DCQaxdxGCU3tTgt3YeeGhgL--3WtF4ozY9Uxh16kx2VNUtfhCoEc8UOTQz-uIhJ0-bvu48C2bZZixiwpsw-Jana", "http://redirect.citexplore.com/redirect?title=UWP%20%E5%9C%86%E8%A7%92%E6%8C%89%E9%92%AE%E6%A0%B7%E5%BC%8F%20-%20CSDN%E5%8D%9A%E5%AE%A2&urlsnippet=https%3A%2F%2Fblog.csdn.net%2Fhotmee%2Fa...%C2%A0&url=http%3A%2F%2Fwww.baidu.com%2Flink%3Furl%3DJkF4XR3Ldh0NAhNz-30E4wqOCgycS2QTFsXvy2dYLGAhtmtO7lACPlbUYZVBNqLeexYATogyKsMsEEqNNx26e_", "http://redirect.citexplore.com/redirect?title=win10%20uwp%20%E6%8C%89%E4%B8%8B%E7%AD%89%E5%BE%85%E6%8C%89%E9%92%AE%20-%20CSDN%E5%8D%9A%E5%AE%A2&urlsnippet=https%3A%2F%2Fblog.csdn.net%2Flindexi_...%C2%A0&url=http%3A%2F%2Fwww.baidu.com%2Flink%3Furl%3DAOWPlKYD6oICM5VvYthi05zvTHMCwRdLQoI1fYmxpOI1GHQOBZYCoxItgWIs6pY85-GjRvNp8wQDmT00Imrn64KeJsPVG9YO1_0cAp8QB8W" ],
    "url" : "https://www.baidu.com/s?ie=utf-8&f=3&rsv_bp=1&rsv_idx=1&tn=99104831_hao_pg&wd=UWP%20button&oq=UWP%2520API&rsv_pq=d1d35b100005b42d&rsv_t=f553lakS7Zsm3i%2F3z2UXak0Ak%2BKxzUUKvzjBkg6TyV6IbHvLjvMktrO50XnQJ4FL3obF8HgI&rqlang=cn&rsv_enter=1&inputT=1016&rsv_sug3=35&rsv_sug1=24&rsv_sug7=100&rsv_sug2=0&prefixsug=UWP%2520button&rsp=0&rsv_sug4=2190",
    "tabId" : 13,
    "sequenceId" : 4,
    "id" : "20154552",
    "timestamp" : 1522475887638,
    "serverTimestamp" : 1522475886072,
    "query" : "UWP button"
  }, {
    "tabId" : 1,
    "url" : "http://www.cnblogs.com/lotsofone/p/8672841.html?githuburl=https://github.com/lotsofone/HomeWorkPlayer",
    "refer" : "https://uvp.neu.edu.cn/Portal/StudentAssignments?id=1007",
    "timestamp" : 1522476396538,
    "action" : "request",
    "sequenceId" : 2,
    "id" : "20154552",
    "serverTimestamp" : 1522476395027
  }, {
    "url" : "http://www.cnblogs.com/lotsofone/p/8672841.html?githuburl=https://github.com/lotsofone/HomeWorkPlayer",
    "timestamp" : 1522476407880,
    "action" : "active",
    "sequenceId" : 2,
    "id" : "20154552",
    "serverTimestamp" : 1522476406257
  } ]
}, {
  "mergedAction" : "session",
  "mergedActions" : [ {
    "action" : "serp",
    "encrypted" : true,
    "urls" : [ "http://redirect.citexplore.com/redirect?title=Introduction%20to%20Universal%20Windows%20Platform%20(UWP)%20app%20design%20(...&urlsnippet=https%3A%2F%2Fdocs.microsoft.com%2Fen-...%C2%A0&url=http%3A%2F%2Fwww.baidu.com%2Flink%3Furl%3D7K2P480KGX9MK4fmOBoybEcLk4xvGgu4V2onhD4SV6g8xQZ5XVT7FUIQtiJrsF03GT7nusXOprR8frLYTkvbqZ9gQdjcBBV1HeipmxBuJIKOmv66JeWBeJ_d06lyuOmM", "http://redirect.citexplore.com/redirect?title=%E8%B4%AD%E4%B9%B0%20%E7%BD%91%E6%98%93%E4%BA%91%E9%9F%B3%E4%B9%90UWP%20-%20Microsoft%20Store%20zh-CN&urlsnippet=https%3A%2F%2Fwww.microsoft.com%2Fzh-c...%C2%A0&url=http%3A%2F%2Fwww.baidu.com%2Flink%3Furl%3DGt4Psf4_IFc_sSTCU6cdaoQCAxm-jDiS4YPXeJYaPwRINspU-Ycael2MpcgLDol8-VNR5ufV-2PuDxCEhN7TPC3PkYLxQPHtRUH_qY4S7bUU9WUIIorBvPwfS-QqPWZ-NJsvhkjmoz8iS_3UYR2-Ma", "http://redirect.citexplore.com/redirect?title=2017%E5%B9%B4Win10%E6%9C%89%E5%93%AA%E4%BA%9B%E5%A5%BD%E7%94%A8%E7%9A%84UWP%E5%BA%94%E7%94%A8%3F%20-%20%E7%9F%A5%E4%B9%8E&urlsnippet=https%3A%2F%2Fwww.zhihu.com%2Fquestion...%C2%A0&url=http%3A%2F%2Fwww.baidu.com%2Flink%3Furl%3DpQ9bnqUorl59sFKiDAYhcPxtIvKP55ZVZHaEVTMtUQj90-KRzOtwSdAfmTqVlGIEOc1WU4VGGMef0JIfziCI559QI3ICmn9CRjeqMGpfXSG", "http://redirect.citexplore.com/redirect?title=%E6%99%BA%E6%9C%BA%E7%BD%91%7CWin10%7CWindows10%7CWM10%7CSurface%E8%AE%BA%E5%9D%9B%7CUWP%7CWin10%E6%89%8B%E6%9C%BA%E8%AE%BA%E5%9D%9B%7C...&urlsnippet=bbs.wfun.com%2F%C2%A0&url=http%3A%2F%2Fwww.baidu.com%2Flink%3Furl%3DkJ3REZ3s81zD-JeFcNyptzjBf0CMY1uffL2AKV3bZba", "http://redirect.citexplore.com/redirect?title=What's%20a%20Universal%20Windows%20Platform%20(UWP)%20app%3F%20-%20UWP%20app%20...&urlsnippet=https%3A%2F%2Fdocs.microsoft.com%2Fen-...%C2%A0&url=http%3A%2F%2Fwww.baidu.com%2Flink%3Furl%3DV30xY3pjcAq3w6LfaD5Mjct6OhcM3scetMkFIug9j5csgMkD7KTX7aXxrIWPO3VPI_gWRqwhd0E4Ghg_UE4SHybG_8sMV4n8KIafe7hzkcq", "http://redirect.citexplore.com/redirect?title=UWP.CN%7CWin10%E9%80%9A%E7%94%A8%E5%BA%94%E7%94%A8%E5%88%86%E4%BA%AB%E5%B9%B3%E5%8F%B0&urlsnippet=uwp.cn%2F%C2%A0&url=http%3A%2F%2Fwww.baidu.com%2Flink%3Furl%3D7y_cS6DTVQktukjeW14gmxRu_9_xKIxhWSZpO-ijeR_", "http://redirect.citexplore.com/redirect?title=UWP%20Windows%E5%8E%86%E5%8F%B2%E4%B8%8A%E6%9C%80%E6%BC%82%E4%BA%AE%E7%9A%84UWP%E6%A1%86%E6%9E%B6%E5%87%BA%E7%82%89!!!%20-%20%E6%98%9F%E6%9C%9F%E5%85%AB%E5%86%8D%E5%A8%B6%E4%BD%A0%20-%20%E5%8D%9A%E5%AE%A2%E5%9B%AD&urlsnippet=https%3A%2F%2Fwww.cnblogs.com%2Fhupo37...%C2%A0&url=http%3A%2F%2Fwww.baidu.com%2Flink%3Furl%3Dcq-VWM62FfAYraDyiNokLr_HCwW6wHFh0L1zubKKIMJmvvSdP6hHpg47ik-Ycvpy7ddXCMnmi5D7kcS2nL9CDK", "http://redirect.citexplore.com/redirect?title=%E9%83%BD%E5%B7%B2%E7%BB%8F%E8%BF%87%E4%BA%86%E9%82%A3%E4%B9%88%E4%B9%85%20%E5%BE%AE%E8%BD%AF%E7%9A%84UWP%E8%BF%98%E6%9C%89%E6%B2%A1%E6%9C%89%E6%95%91%E4%BA%86%3F_%E7%BD%91%E6%98%93%E6%95%B0%E7%A0%81&urlsnippet=digi.163.com%2F17%2F0406%2F1...%C2%A0&url=http%3A%2F%2Fwww.baidu.com%2Flink%3Furl%3DeRHejQUu7o5BLrNLrWHg6dTUAFJYhFGXLnT3WfChFbuOX6QZXa-rBt8IWTbjkdN1mT79hYFXa9Usihi6gzaR_K" ],
    "url" : "https://www.baidu.com/?tn=99104831_hao_pg",
    "tabId" : 13,
    "sequenceId" : 4,
    "id" : "20154552",
    "timestamp" : 1522475074232,
    "serverTimestamp" : 1522475072623,
    "query" : ""
  }, {
    "tabId" : 20,
    "url" : "https://www.baidu.com/link?url=xTjByJLoS85wR2L1UUDHjzNBVUgpSIWLz6PF8CxhH03rhZ2TBtN3a6fnRp2zU3uD4P8BZMdin2Yxo-Pfw-jptq&wd=&eqid=83848bf20004d71f000000035abf2043",
    "sourceTabId" : 13,
    "refer" : "https://www.baidu.com/s?ie=utf-8&f=8&rsv_bp=0&rsv_idx=1&tn=99104831_hao_pg&wd=UWP%20API&rsv_pq=dba5ab590005448e&rsv_t=f89e8WEEVnSAjtDGgnBv8detgjEujZJVXb3NUzSrwae68eRjiZXfFckPj7WdtH8jTk%2BCPlaj&rqlang=cn&rsv_enter=1&rsv_sug3=7&rsv_sug1=4&rsv_sug7=100&rsv_sug2=0&inputT=4734&rsv_sug4=4734",
    "timestamp" : 1522475096098,
    "action" : "request",
    "sequenceId" : 4,
    "id" : "20154552",
    "serverTimestamp" : 1522475099863
  }, {
    "url" : "https://www.baidu.com/link?url=xTjByJLoS85wR2L1UUDHjzNBVUgpSIWLz6PF8CxhH03rhZ2TBtN3a6fnRp2zU3uD4P8BZMdin2Yxo-Pfw-jptq&wd=&eqid=83848bf20004d71f000000035abf2043",
    "timestamp" : 1522475096128,
    "action" : "active",
    "sequenceId" : 4,
    "id" : "20154552",
    "serverTimestamp" : 1522475099867
  }, {
    "tabId" : 20,
    "url" : "https://msdn.microsoft.com/zh-cn/library/mt592894.aspx",
    "refer" : "https://www.baidu.com/link?url=xTjByJLoS85wR2L1UUDHjzNBVUgpSIWLz6PF8CxhH03rhZ2TBtN3a6fnRp2zU3uD4P8BZMdin2Yxo-Pfw-jptq&wd=&eqid=83848bf20004d71f000000035abf2043",
    "timestamp" : 1522475098548,
    "action" : "request",
    "sequenceId" : 4,
    "id" : "20154552",
    "serverTimestamp" : 1522475099863
  }, {
    "tabId" : 20,
    "url" : "https://msdn.microsoft.com/zh-cn/library/mt592894.aspx",
    "timestamp" : 1522475110868,
    "action" : "active",
    "sequenceId" : 4,
    "id" : "20154552",
    "serverTimestamp" : 1522475109277
  }, {
    "action" : "serp",
    "encrypted" : true,
    "urls" : [ "http://redirect.citexplore.com/redirect?title=StorageFile%20Class%20(Windows)&urlsnippet=msdn.microsoft.com%2Fzh-...%C2%A0&url=http%3A%2F%2Fwww.baidu.com%2Flink%3Furl%3DVtN_ciV3NSYqWTpDtVP8va2mJ0-ckDAH4ytof-hONTzaCFaZ_bM8GnMXpYfmdd0CupNBoos7oBIbpefo4Tz96nl4Q8GzRdyUTUORzzSpAugP5rIDPBSY6A8eZCvZIuQ5", "http://redirect.citexplore.com/redirect?title=StorageFile%20Class%20(Windows.Storage)%20-%20UWP%20app%20developer%20%7C%20...&urlsnippet=msdn.microsoft.com%2Fen-...%C2%A0&url=http%3A%2F%2Fwww.baidu.com%2Flink%3Furl%3DpTgInyDfPyj5a6XVclaYpjq4O-bX46QeJzcLLjH_HJkvsNQZVs8KHDuqMjYrqVSr7hMYmpwnwA3DG_jSaFzcAYRG17ezZzXtHg9JxlPb0BfruGxJoPhBW2PdetuWuetK", "http://redirect.citexplore.com/redirect?title=win10%20uwp%20%E4%BB%8EStorageFile%E8%8E%B7%E5%8F%96%E6%96%87%E4%BB%B6%E5%A4%A7%E5%B0%8F%20-%20CSDN%E5%8D%9A%E5%AE%A2&urlsnippet=https%3A%2F%2Fblog.csdn.net%2Flindexi_...%C2%A0&url=http%3A%2F%2Fwww.baidu.com%2Flink%3Furl%3DPitD1EC6JTK04t4mPdDMSg-PVit7RvoFVvmyL8hJaAJZ2Q-_OiTGOufC_Y0ia_GIQ4KKhs68uQevHHCQnB8Ic1ypsDWMm7drkaikyCK8h2y", "http://redirect.citexplore.com/redirect?title=C%23%20StorageFile.GetFileFromApplicationUriAsync%20%E6%97%A0%E6%B3%95..._%E7%99%BE%E5%BA%A6%E7%9F%A5%E9%81%93&urlsnippet=https%3A%2F%2Fzhidao.baidu.com%2Fquest...%C2%A0&url=http%3A%2F%2Fwww.baidu.com%2Flink%3Furl%3D6jRNliAN_CQYHzMtsdyj5IgVWkUhvQOCrsszr-_hK9EGGys2mlI9IqLYDteeQcdgrrmuoCDtB-FmUimYJOT3nmRPZDX6ba--OaF4wIXGhjm", "http://redirect.citexplore.com/redirect?title=Open%E4%B8%ADFileStorage%E4%BD%BF%E7%94%A8%20-%20CSDN%E5%8D%9A%E5%AE%A2&urlsnippet=https%3A%2F%2Fblog.csdn.net%2Fyzhang6_...%C2%A0&url=http%3A%2F%2Fwww.baidu.com%2Flink%3Furl%3DHxEwkKWyaHA6-c8-QhWXk0hWMGNLtcPCZP95yEArNxTHLBbq1eP4ONh5IaujUjdH0NopcM003aQuEF6vTLWP9VkyzOJrSIIP0ossFRHEvD7", "http://redirect.citexplore.com/redirect?title=StorageFile.ContentType%20%7C%20contentType%20Property%20(Windows)&urlsnippet=msdn.microsoft.com%2Fzh-...%C2%A0&url=http%3A%2F%2Fwww.baidu.com%2Flink%3Furl%3DjM9PquJWyFEjLPWSKwE6xxHxIdBVxasIa1kOnvDSK6qk5O3NhKBpE3nm9CexcIknYegJu5G3rW7MuVTvLQ6C4AgH2EIT_IwOSedzZ7os1DVyHVWDo2w64u6qxpYW2Rdu4BEIKdhroUOJzrexVo6j3a", "http://redirect.citexplore.com/redirect?title=File%20Storage%20-%20Laravel%20-%20The%20PHP%20Framework%20For%20Web%20Artisans&urlsnippet=https%3A%2F%2Flaravel.com%2Fdocs%2F5.5%2Ff...%C2%A0&url=http%3A%2F%2Fwww.baidu.com%2Flink%3Furl%3DH0CFM_CdG5iIRD4q2AZ5lmaL7iNKpl19NVwqFZVHUhsEh8eo-Y2eftxEpAKZK2z5YaFCGX9H5t532Asc2qYQ1q", "http://redirect.citexplore.com/redirect?title=OpenCV%20FileStorage%20%E4%BD%BF%E7%94%A8%E8%AE%B0%E5%BD%95%20-%20tyusr%20-%20%E5%8D%9A%E5%AE%A2%E5%9B%AD&urlsnippet=https%3A%2F%2Fwww.cnblogs.com%2Ffourse...%C2%A0&url=http%3A%2F%2Fwww.baidu.com%2Flink%3Furl%3DoytjGClnOs1JzQKg-ow32kBaY4M7D5fEajccYMhHqtBPjlBkFZBSnqBtLR1oHJTV8Vr4BSHy1I4gxFZpyREvy_", "http://redirect.citexplore.com/redirect?title=StorageFile%3A%3AGetFileFromPathAsync%20does%20not%20work&urlsnippet=social.msdn.microsoft....%C2%A0&url=http%3A%2F%2Fwww.baidu.com%2Flink%3Furl%3Dd-LrG8pdyr-UggLDkehnCl_PjbWPpULAbOaKmYz5m2wyp-m2oSdEeO6zRYAT-Gz9E9J6q_F-PpdsQ2_SZQiHJWvIsjUXnNQJ1nkuTjJtj9V6xufRhU8byTgPI99nK8lrynWqkMRtPzTj7Xp92d_J_jNBYszqZyzx9Cegi4RI6W3", "http://redirect.citexplore.com/redirect?title=OpenCV%20%E2%80%94%E6%95%B0%E6%8D%AE%E6%8C%81%E4%B9%85%E5%8C%96%3A%20FileStorage%E7%B1%BB%E7%9A%84%E6%95%B0%E6%8D%AE%E5%AD%98%E5%8F%96%E6%93%8D%E4%BD%9C%E4%B8%8E%E7%A4%BA%E4%BE%8B%20-%20CSDN...&urlsnippet=https%3A%2F%2Fblog.csdn.net%2Firacer%2Fa...%C2%A0&url=http%3A%2F%2Fwww.baidu.com%2Flink%3Furl%3D5x7QaR5YpJPumOlzzIPSmuWmbwI7XzIu83RLtknw2STpeMFQTNEJSmcy9xUMCpgUuC1VcuU6i5yTNT6Xm_ABkK" ],
    "url" : "https://www.baidu.com/s?ie=utf-8&f=8&rsv_bp=1&rsv_idx=1&tn=99104831_hao_pg&wd=StorageFile&oq=UWP%2520API&rsv_pq=83848bf20004d71f&rsv_t=c096cNeBwc6EHNK9NBCisuu9CXqD2Is%2Bdl1niTM%2FMXSyoztjU7vV1TIzGrDUtgWd7DOVV%2FWY&rqlang=cn&rsv_enter=1&inputT=5160&rsv_sug3=19&rsv_sug1=13&rsv_sug7=100&rsv_sug2=0&rsv_sug4=6208",
    "tabId" : 13,
    "sequenceId" : 4,
    "id" : "20154552",
    "timestamp" : 1522475248022,
    "serverTimestamp" : 1522475246453,
    "query" : "StorageFile"
  }, {
    "action" : "serp",
    "encrypted" : true,
    "urls" : [ "http://redirect.citexplore.com/redirect?title=%E6%9B%BF%E6%8D%A2%E4%B8%BA%E9%80%9A%E7%94%A8%20Windows%20%E5%B9%B3%E5%8F%B0%20(UWP)%20%E5%BA%94%E7%94%A8%E4%B8%AD%E7%9A%84%20Windows%20API%20-%20Windows%20...&urlsnippet=msdn.microsoft.com%2Fzh-...%C2%A0&url=http%3A%2F%2Fwww.baidu.com%2Flink%3Furl%3Djbb09x1pRc_0I3mCj7jCFQG915phiQ8qWW_qjhkTKVQU8YRYjs82eGXXaHAmhpsh0dzwOYR0hdej3iT-iv2taK", "http://redirect.citexplore.com/redirect?title=%E9%80%9A%E7%94%A8Windows%20%E5%B9%B3%E5%8F%B0%20(UWP)%20App%20%E4%B8%AD%20Windows%20API%20%E7%9A%84%E6%9B%BF%E4%BB%A3%E6%96%B9%E6%B3%95%20-%20...&urlsnippet=msdn.microsoft.com%2Fzh-...%C2%A0&url=http%3A%2F%2Fwww.baidu.com%2Flink%3Furl%3DtndIBAwD1_v9Lz_FTrLDwdygsoiXCUS0_mfjtqxC5JSJHCZNmbZGc_m3Ok9jKW9HVG1bnY1aKwqMoCpOYfr-zItKQyWQFowaG8hkhm0HDDa", "http://redirect.citexplore.com/redirect?title=API%20reference%20for%20Universal%20Windows%20Platform%20(UWP)%20apps&urlsnippet=https%3A%2F%2Fdocs.microsoft.com%2Fen-...%C2%A0&url=http%3A%2F%2Fwww.baidu.com%2Flink%3Furl%3DOvn9K4RaDFbf8k_aEz-aiMwVAZtdHNbs7GIuP86170bf6rLecvNAJ52hi-4_Z2gh", "http://redirect.citexplore.com/redirect?title=Win10%20UWP%E7%9A%84%E5%BC%80%E5%8F%91%E4%BD%93%E9%AA%8C%E6%98%AF%E6%80%8E%E6%A0%B7%E7%9A%84%3F%20-%20%E7%9F%A5%E4%B9%8E&urlsnippet=https%3A%2F%2Fwww.zhihu.com%2Fquestion...%C2%A0&url=http%3A%2F%2Fwww.baidu.com%2Flink%3Furl%3DUqs-PXGqOSPjm0Y_a3SXLWJrif6nLGOcG8fMApbnFFaCppjGeKkGs2iWAxLL8yT9XwmlbZCPaF8bd3CWkvL-5a", "http://redirect.citexplore.com/redirect?title=Win32%E6%A1%8C%E9%9D%A2%E7%A8%8B%E5%BA%8F%E8%B0%83%E7%94%A8Windows%2010%20UWP%20API_wayyt_%E6%96%B0%E6%B5%AA%E5%8D%9A%E5%AE%A2&urlsnippet=blog.sina.com.cn%2Fs%2Fblo...%C2%A0&url=http%3A%2F%2Fwww.baidu.com%2Flink%3Furl%3DeZsg6ICo7Egz5-iffU0hrYAwac9oh7BaVQy7zoeG0MczZwgirbPy0EAkqOjr5mjEUGe-VjK4u8-0wFdCYhK7ka", "http://redirect.citexplore.com/redirect?title=%E8%AF%A6%E8%A7%A3UWP%20(%E9%80%9A%E7%94%A8%20Windows%20%E5%B9%B3%E5%8F%B0)%20%E4%B8%AD%E7%9A%84%E4%B8%A4%E7%A7%8D%20HttpClient%20API%20-..._%E5%8D%9A%E5%AE%A2%E5%9B%AD&urlsnippet=https%3A%2F%2Fwww.cnblogs.com%2Fvalidv...%C2%A0&url=http%3A%2F%2Fwww.baidu.com%2Flink%3Furl%3DiMMUnVOiHc72F5Y4TxBB6yVkU-PqovSwkMBoQWFjp7NmkH6tKnmI7gsUd7gR7U9Bx4FHEsb8ND3Ct24IuN3_RJgigrGFCXWrWgBUGOEIGHIdivnmgCs5SLml5morrFTL", "http://redirect.citexplore.com/redirect?title=%E5%BE%AE%E8%BD%AF%E5%AE%A3%E5%B8%83UWP%E6%94%AF%E6%8C%81.NET%20Standard%202.0%2C%E6%94%AF%E6%8C%812%E4%B8%87%E4%B8%AAAPI&urlsnippet=baijiahao.baidu.com%2Fs%3F...%C2%A0&url=http%3A%2F%2Fwww.baidu.com%2Flink%3Furl%3DUBq1u-DULqoUwq3TYSq6ZtWNGFJHqEzksZmIxPcYr4fHSfdqFx3CxK0QjwNIvGFQkNNk59r3HCYQYYaTLA0jyqzFJ-bM-izR6uhL72XEWGu", "http://redirect.citexplore.com/redirect?title=%E4%B8%BAUWP%20%E5%BA%94%E7%94%A8%E6%8F%90%E4%BE%9B%E7%9A%84%20.NET%20%E7%BD%91%E7%BB%9C%20API%20-%20CSDN%E5%8D%9A%E5%AE%A2&urlsnippet=https%3A%2F%2Fblog.csdn.net%2Fwangpeng...%C2%A0&url=http%3A%2F%2Fwww.baidu.com%2Flink%3Furl%3DhYwAPyJxFwDejf0L-vcqUzrKvRhgaBhPBICZV9Yj4ym-v6H1iuwE2DzxlJ6zs83Lg9Ut2Cv2dl89XhY-QeTrjoP9ylp6FHu_wI4IiloDW7O", "http://redirect.citexplore.com/redirect?title=%E7%AE%80%E6%98%93%E7%BC%96%E7%A8%8B%E3%80%8AWindows%20App%20Studio%E3%80%8B%E6%96%B0%E5%A2%9E%E4%B8%80%E5%A4%A7%E6%B3%A2Win10%20UWP%20API%20-%20Win10...&urlsnippet=https%3A%2F%2Fwww.ithome.com%2Fhtml%2Fwi...%C2%A0&url=http%3A%2F%2Fwww.baidu.com%2Flink%3Furl%3DshZWmU73qjZoze7jlgvQrCKSSbLhltpWvhJLXPBflpkyQzj9gnL4dkyMYiJCBERgLsHLDxIDWcZv6-5NhhK_7K" ],
    "url" : "https://www.baidu.com/s?ie=utf-8&f=8&rsv_bp=1&rsv_idx=1&tn=99104831_hao_pg&wd=UWP%20API&oq=API&rsv_pq=a50a408d00053711&rsv_t=c57e%2BUqT6nmf7%2B1abC5yVVbbzbYBApIdjUwUyKvG5fM3pW9PU694m5LPABJq3758eCJd0iWa&rqlang=cn&rsv_enter=1&inputT=2540&rsv_sug3=28&rsv_sug1=19&rsv_sug7=100&rsv_sug2=0&rsv_sug4=2810",
    "tabId" : 13,
    "sequenceId" : 4,
    "id" : "20154552",
    "timestamp" : 1522475852540,
    "serverTimestamp" : 1522475850912,
    "query" : "UWP API"
  }, {
    "action" : "serp",
    "encrypted" : false,
    "urls" : [ "https://docs.microsoft.com/en-us/uwp/api/Windows.UI.Xaml.Controls.MediaElement", "https://docs.microsoft.com/en-us/uwp/api/Windows.UI.Xaml.Controls.MediaElement", "https://msdn.microsoft.com/en-us/library/windows/apps/mt187272.aspx", "https://msdn.microsoft.com/en-us/library/windows/apps/mt187272.aspx", "https://social.msdn.microsoft.com/Forums/en-US/4f379990-3ab2-4c18-a663-14143ebc21ea/uwpxaml-mediaelement-51-audio?forum=wpdevelop", "https://social.msdn.microsoft.com/Forums/en-US/4f379990-3ab2-4c18-a663-14143ebc21ea/uwpxaml-mediaelement-51-audio?forum=wpdevelop", "https://stackoverflow.com/questions/39293215/mediaelement-in-windows-uwp-app-not-playing-audio", "https://stackoverflow.com/questions/39293215/mediaelement-in-windows-uwp-app-not-playing-audio", "https://www.reddit.com/r/WPDev/comments/48scfj/uwp_mediaelement_get_current_media/", "https://www.reddit.com/r/WPDev/comments/48scfj/uwp_mediaelement_get_current_media/", "https://stackoverflow.com/questions/36033372/source-of-mediaelement", "https://stackoverflow.com/questions/36033372/source-of-mediaelement", "https://www.flickr.com/photos/131411397@N02/27117417895/", "https://www.flickr.com/photos/131411397@N02/27117417895/", "https://blogs.msdn.microsoft.com/cdndevs/2015/07/31/uwp-new-controls-part-5-media/", "https://blogs.msdn.microsoft.com/cdndevs/2015/07/31/uwp-new-controls-part-5-media/", "https://code.msdn.microsoft.com/windowsapps/How-to-use-media-element-7dfdd53d", "https://code.msdn.microsoft.com/windowsapps/How-to-use-media-element-7dfdd53d", "https://github.com/kakone/VLC.MediaElement/issues/55", "https://github.com/kakone/VLC.MediaElement/issues/55" ],
    "url" : "https://cn.bing.com/search?q=uwp+mediaelement&qs=AS&pq=uwp+media&sk=AS1&sc=8-9&cvid=8EAB5939A53448059B4AAFCD53573079&FORM=QBLH&sp=2",
    "tabId" : 49,
    "sequenceId" : 4,
    "id" : "20154552",
    "timestamp" : 1522563948338,
    "serverTimestamp" : 1522563948391,
    "query" : "uwp mediaelement"
  } ]
}, {
  "mergedAction" : "session",
  "mergedActions" : [ {
    "tabId" : 1,
    "url" : "https://msdn.microsoft.com/en-us/library/windows/apps/mt187272.aspx",
    "refer" : "http://ipgw.neu.edu.cn/srun_portal_pc.php?ac_id=1&",
    "timestamp" : 1522591806222,
    "action" : "request",
    "sequenceId" : 2,
    "id" : "20154552",
    "serverTimestamp" : 1522591809350
  }, {
    "url" : "https://msdn.microsoft.com/en-us/library/windows/apps/mt187272.aspx",
    "timestamp" : 1522591812430,
    "action" : "active",
    "sequenceId" : 2,
    "id" : "20154552",
    "serverTimestamp" : 1522591811990
  }, {
    "tabId" : 1,
    "url" : "https://msdn.microsoft.com/en-us/library/windows/apps/mt187272.aspx",
    "timestamp" : 1522592266194,
    "action" : "active",
    "sequenceId" : 2,
    "id" : "20154552",
    "serverTimestamp" : 1522592265756
  }, {
    "tabId" : 1,
    "url" : "https://msdn.microsoft.com/en-us/library/windows/apps/mt187272.aspx",
    "timestamp" : 1522592279258,
    "action" : "active",
    "sequenceId" : 2,
    "id" : "20154552",
    "serverTimestamp" : 1522592278835
  }, {
    "tabId" : 1,
    "url" : "https://msdn.microsoft.com/en-us/library/windows/apps/mt187272.aspx",
    "timestamp" : 1522592351606,
    "action" : "active",
    "sequenceId" : 2,
    "id" : "20154552",
    "serverTimestamp" : 1522592351169
  }, {
    "tabId" : 1,
    "url" : "https://msdn.microsoft.com/en-us/library/windows/apps/mt187272.aspx",
    "timestamp" : 1522592389016,
    "action" : "active",
    "sequenceId" : 2,
    "id" : "20154552",
    "serverTimestamp" : 1522592388579
  }, {
    "tabId" : 1,
    "url" : "https://msdn.microsoft.com/en-us/library/windows/apps/mt185406.aspx",
    "refer" : "https://msdn.microsoft.com/en-us/library/windows/apps/mt187272.aspx",
    "timestamp" : 1522593541514,
    "action" : "request",
    "sequenceId" : 2,
    "id" : "20154552",
    "serverTimestamp" : 1522593541113
  }, {
    "url" : "https://msdn.microsoft.com/en-us/library/windows/apps/mt185406.aspx",
    "timestamp" : 1522593549756,
    "action" : "active",
    "sequenceId" : 2,
    "id" : "20154552",
    "serverTimestamp" : 1522593549325
  }, {
    "tabId" : 1,
    "url" : "https://msdn.microsoft.com/en-us/library/windows/apps/mt185406.aspx",
    "refer" : "https://developer.microsoft.com/en-us/windows/apps",
    "timestamp" : 1522593567950,
    "action" : "request",
    "sequenceId" : 2,
    "id" : "20154552",
    "serverTimestamp" : 1522593567538
  }, {
    "url" : "https://msdn.microsoft.com/en-us/library/windows/apps/mt185406.aspx",
    "timestamp" : 1522593571806,
    "action" : "active",
    "sequenceId" : 2,
    "id" : "20154552",
    "serverTimestamp" : 1522593571384
  }, {
    "action" : "serp",
    "encrypted" : false,
    "urls" : [ "https://docs.microsoft.com/en-us/uwp/api/Windows.UI.Xaml.Controls.StackPanel", "https://docs.microsoft.com/en-us/uwp/api/Windows.UI.Xaml.Controls.StackPanel", "https://docs.microsoft.com/en-us/windows/uwp/design/layout/grid-tutorial", "https://docs.microsoft.com/en-us/windows/uwp/design/layout/grid-tutorial", "https://channel9.msdn.com/Series/Windows-10-development-for-absolute-beginners/UWP-009-XAML-Layout-with-StackPanel", "https://channel9.msdn.com/Series/Windows-10-development-for-absolute-beginners/UWP-009-XAML-Layout-with-StackPanel", "https://social.msdn.microsoft.com/Forums/en-US/3075f6e2-97be-46f2-af4f-f60636f09fe7/uwphow-to-bind-a-list-of-items-to-textbox-inside-stackpanel?forum=wpdevelop", "https://social.msdn.microsoft.com/Forums/en-US/3075f6e2-97be-46f2-af4f-f60636f09fe7/uwphow-to-bind-a-list-of-items-to-textbox-inside-stackpanel?forum=wpdevelop", "https://stackoverflow.com/questions/36603448/uwp-textbox-wont-stretch-in-stackpanel", "https://stackoverflow.com/questions/36603448/uwp-textbox-wont-stretch-in-stackpanel", "https://msdn.microsoft.com/en-us/library/windows/apps/system.windows.controls.stackpanel(v=vs.105).aspx", "https://msdn.microsoft.com/en-us/library/windows/apps/system.windows.controls.stackpanel(v=vs.105).aspx", "https://www.c-sharpcorner.com/article/changing-stackpanel-background-using-coding4fun-colorslider-control-in-uwp-with/", "https://www.c-sharpcorner.com/article/changing-stackpanel-background-using-coding4fun-colorslider-control-in-uwp-with/", "http://marek.piasecki.staff.iiar.pwr.wroc.pl/dydaktyka/mc/L10/UWP-009-XAML_Layout_with_StackPanel.pdf", "http://marek.piasecki.staff.iiar.pwr.wroc.pl/dydaktyka/mc/L10/UWP-009-XAML_Layout_with_StackPanel.pdf", "https://www.c-sharpcorner.com/uploadfile/mahesh/stackpanel-in-wpf/", "https://www.c-sharpcorner.com/uploadfile/mahesh/stackpanel-in-wpf/", "https://www.youtube.com/watch?v=IMDWgJfXQkw", "https://www.youtube.com/watch?v=IMDWgJfXQkw" ],
    "url" : "https://cn.bing.com/search?q=uwp+stackpanel&qs=AS&pq=uwp+stack&sc=8-9&cvid=AE817573F82B4619A46E1A7A49410489&FORM=QBLH&sp=1",
    "tabId" : 66,
    "sequenceId" : 6,
    "id" : "20154552",
    "timestamp" : 1522593618484,
    "serverTimestamp" : 1522593618053,
    "query" : "uwp stackpanel"
  }, {
    "tabId" : 87,
    "url" : "https://docs.microsoft.com/en-us/uwp/api/Windows.UI.Xaml.Controls.StackPanel",
    "sourceTabId" : 66,
    "refer" : "https://cn.bing.com/search?q=uwp+stackpanel&qs=AS&pq=uwp+stack&sc=8-9&cvid=AE817573F82B4619A46E1A7A49410489&FORM=QBLH&sp=1",
    "timestamp" : 1522593692042,
    "action" : "request",
    "sequenceId" : 6,
    "id" : "20154552",
    "serverTimestamp" : 1522593691614
  }, {
    "tabId" : 87,
    "url" : "https://docs.microsoft.com/en-us/uwp/api/Windows.UI.Xaml.Controls.StackPanel",
    "timestamp" : 1522593701538,
    "action" : "active",
    "sequenceId" : 6,
    "id" : "20154552",
    "serverTimestamp" : 1522593701108
  }, {
    "url" : "https://docs.microsoft.com/en-us/uwp/api/Windows.UI.Xaml.Controls.StackPanel",
    "timestamp" : 1522593708286,
    "action" : "active",
    "sequenceId" : 6,
    "id" : "20154552",
    "serverTimestamp" : 1522593707854
  }, {
    "tabId" : 87,
    "url" : "https://docs.microsoft.com/en-us/uwp/api/Windows.UI.Xaml.Controls.StackPanel",
    "timestamp" : 1522594591440,
    "action" : "active",
    "sequenceId" : 6,
    "id" : "20154552",
    "serverTimestamp" : 1522594591025
  }, {
    "tabId" : 1,
    "url" : "https://msdn.microsoft.com/en-us/library/windows/apps/mt187272.aspx",
    "refer" : "https://msdn.microsoft.com/en-us/library/windows/apps/mt228348.aspx",
    "timestamp" : 1522594879958,
    "action" : "request",
    "sequenceId" : 2,
    "id" : "20154552",
    "serverTimestamp" : 1522594879544
  }, {
    "url" : "https://msdn.microsoft.com/en-us/library/windows/apps/mt187272.aspx",
    "timestamp" : 1522594884248,
    "action" : "active",
    "sequenceId" : 2,
    "id" : "20154552",
    "serverTimestamp" : 1522594883825
  }, {
    "tabId" : 1,
    "url" : "https://msdn.microsoft.com/en-us/library/windows/apps/mt187272.aspx",
    "timestamp" : 1522595485386,
    "action" : "active",
    "sequenceId" : 2,
    "id" : "20154552",
    "serverTimestamp" : 1522595484997
  }, {
    "action" : "serp",
    "encrypted" : true,
    "urls" : [ "http://redirect.citexplore.com/redirect?title=%E6%9C%AC%E5%9C%B0%E6%96%87%E4%BB%B6%E7%9A%84URL_%E7%99%BE%E5%BA%A6%E7%9F%A5%E9%81%93&urlsnippet=https%3A%2F%2Fzhidao.baidu.com%2Fquest...%C2%A0&url=http%3A%2F%2Fwww.baidu.com%2Flink%3Furl%3DH8iPTWwjGAeI3Kgg378DN-cadQEcKTvA6JDUYjO5aMiGKu1lrx89vt8ZP3r8ogQcOFQ8J4RRpkOBYQ_abyd0Oq", "http://redirect.citexplore.com/redirect?title=file%20URI%20scheme%2Cfile%3A%2F%2F%2Curl%E6%8A%8A%E6%9C%AC%E5%9C%B0%E6%96%87%E4%BB%B6%E5%9C%B0%E5%9D%80%E5%88%B6%E4%BD%9C%E4%B8%BA%E7%BD%91%E9%A1%B5..._%E6%96%B0%E6%B5%AA%E5%8D%9A%E5%AE%A2&urlsnippet=blog.sina.com.cn%2Fs%2Fblo...%C2%A0&url=http%3A%2F%2Fwww.baidu.com%2Flink%3Furl%3DNAnE-ZCDLu3mujxhmWjFu0nZAVdDCwg_sO2QxyM6DJy8jP5Y03WJ12cvwFlKsIMUdnpzghcplIFp7y_ai8t8ia", "http://redirect.citexplore.com/redirect?title=UWP%E5%BA%94%E7%94%A8%E7%9A%84%E8%AE%BF%E9%97%AE%E6%96%87%E4%BB%B6%E8%B5%84%E6%BA%90%E7%9A%84URI%20-%20CSDN%E5%8D%9A%E5%AE%A2&urlsnippet=https%3A%2F%2Fblog.csdn.net%2Fazs14789...%C2%A0&url=http%3A%2F%2Fwww.baidu.com%2Flink%3Furl%3DelQOu3RncvprVOqwPWBzWq_EiQZ5-kaivU1zL1_qI_V-rQ4n1fKNxE7nwUkmwnwa3t76WmiFIjqAxEnJQfybTow2RBC_TEygaDXPFL7oXra", "http://redirect.citexplore.com/redirect?title=android%E5%9B%BE%E7%89%87%E6%96%87%E4%BB%B6%E7%9A%84%E8%B7%AF%E5%BE%84%E5%9C%B0%E5%9D%80%E4%B8%8EUri%E7%9A%84%E7%9B%B8%E4%BA%92%E8%BD%AC%E6%8D%A2%E6%96%B9%E6%B3%95_Android_%E8%84%9A%E6%9C%AC%E4%B9%8B%E5%AE%B6&urlsnippet=www.jb51.net%2Farticle%2F1...%C2%A0&url=http%3A%2F%2Fwww.baidu.com%2Flink%3Furl%3DMCgyWr3Ho2McDIZm9q_hBvKbhoYj3NDBzGwJaBpqx_SFK7hic4ljDitNdV--1i_4", "http://redirect.citexplore.com/redirect?title=%E5%A6%82%E4%BD%95%E5%B0%86%E6%8C%87%E5%AE%9AURI%E6%95%B0%E6%8D%AE%E4%B8%8B%E8%BD%BD%E5%88%B0%E6%9C%AC%E5%9C%B0%E6%96%87%E4%BB%B6.rar-CSDN%E4%B8%8B%E8%BD%BD&urlsnippet=https%3A%2F%2Fdownload.csdn.net%2Fdown...%C2%A0&url=http%3A%2F%2Fwww.baidu.com%2Flink%3Furl%3D48rYl4tzPaR_sF9YMekop-j6zAhnW64tKEJkLbrQdWIDAjeEkI1MQhnari7khFkIg-3Pp7yT1f0ty7_LrOX8r_", "http://redirect.citexplore.com/redirect?title=%E9%80%9A%E8%BF%87URI%E8%8E%B7%E5%8F%96%E7%9A%84%E6%96%87%E4%BB%B6%E8%B7%AF%E5%BE%84%E4%B8%BAnull%E7%9A%84%E8%A7%A3%E5%86%B3%E6%96%B9%E6%B3%95%20-%20CSDN%E5%8D%9A%E5%AE%A2&urlsnippet=https%3A%2F%2Fblog.csdn.net%2Fdj0379%2Fa...%C2%A0&url=http%3A%2F%2Fwww.baidu.com%2Flink%3Furl%3DyJe96Lt9NCQYpmkTzNGzJQlLmSLh1IX0ni2QDxgPsqQ2jXAPmy7XhQ6rFPZ4Rqa2v7BMFkSbFDrveQjETG1Km_", "http://redirect.citexplore.com/redirect?title=Android%20Uri%E8%8E%B7%E5%8F%96%E7%9C%9F%E5%AE%9E%E8%B7%AF%E5%BE%84%E4%BB%A5%E5%8F%8A%E6%96%87%E4%BB%B6%E5%90%8D%E7%9A%84%E6%96%B9%E6%B3%95%20-%20CSDN%E5%8D%9A%E5%AE%A2&urlsnippet=https%3A%2F%2Fblog.csdn.net%2Fmikogodz...%C2%A0&url=http%3A%2F%2Fwww.baidu.com%2Flink%3Furl%3Dpng0kQb50roQUEEzJ1SGrEP-y2I5N4EateNz5vWeGP8Jk-vvGmhmc4Ah1L24X7iYDI2BDrUbVssJxgQ-PcT3AS771AAS4G_Kf9Y_lw5FGV_", "http://redirect.citexplore.com/redirect?title=android%E5%9B%BE%E7%89%87%E6%96%87%E4%BB%B6%E7%9A%84%E8%B7%AF%E5%BE%84%E5%9C%B0%E5%9D%80%E4%B8%8EUri%E7%9A%84%E7%9B%B8%E4%BA%92%E8%BD%AC%E6%8D%A2%20-%20%E6%B3%A1%E5%9C%A8%E7%BD%91%E4%B8%8A%E7%9A%84%E6%97%A5%E5%AD%90&urlsnippet=www.jcodecraeer.com%2Fa%2F...%C2%A0&url=http%3A%2F%2Fwww.baidu.com%2Flink%3Furl%3D7ooVBUCpja-1l0f4VCDnG60zxe6dOY-xvWLYwWipiKRdEeUd3Dx82GysWiE-hM4Zzy3k9CUfEp2xK-qA5fQMnSoPN6vpu3NRaRhfwk8yj9iugIddOV2lilUk7TEATL4N", "http://redirect.citexplore.com/redirect?title=C%23%20System.Uri%E7%B1%BB_%E8%8E%B7%E5%8F%96Url%E7%9A%84%E5%90%84%E7%A7%8D%E5%B1%9E%E6%80%A7_%E6%96%87%E4%BB%B6%E5%90%8D_%E5%8F%82%E6%95%B0_%E5%9F%9F%E5%90%8D_%E7%AB%AF..._%E5%8D%9A%E5%AE%A2%E5%9B%AD&urlsnippet=https%3A%2F%2Fwww.cnblogs.com%2Fmingxu...%C2%A0&url=http%3A%2F%2Fwww.baidu.com%2Flink%3Furl%3D3325OmycHP1L5ls8bJMVxfq3Zh-c4yPNfsCoPtwbM9uF8y7JXR7d47Rte1LaJb52I6uRz7INUCcYNZcjwb-1cK", "http://redirect.citexplore.com/redirect?title=java%20-%20%E5%AE%89%E5%8D%93%E5%BC%80%E5%8F%91%2C%E6%96%87%E4%BB%B6%E7%9B%AE%E5%BD%95%E8%BD%AC%E5%8C%96%E4%B8%BAuri%E8%AF%A5%E5%A6%82%E4%BD%95%E5%81%9A%20-%20SegmentFault%20%E6%80%9D%E5%90%A6&urlsnippet=https%3A%2F%2Fsegmentfault.com%2Fq%2F101...%C2%A0&url=http%3A%2F%2Fwww.baidu.com%2Flink%3Furl%3DScRHwJMFWf7G5_gLIj0ZMsetYG1clxXyXMMPgIJxPHAA0ALmjbgCZUUSEMV7Fly3EWPBD85-zf6ibxOX58LGLK" ],
    "url" : "https://www.baidu.com/?tn=78000241_5_hao_pg",
    "tabId" : 174,
    "sequenceId" : 12,
    "id" : "20154552",
    "timestamp" : 1522595565140,
    "serverTimestamp" : 1522595564720,
    "query" : ""
  }, {
    "action" : "serp",
    "encrypted" : true,
    "urls" : [ "http://redirect.citexplore.com/redirect?title=2017%E5%B9%B4Win10%E6%9C%89%E5%93%AA%E4%BA%9B%E5%A5%BD%E7%94%A8%E7%9A%84UWP%E5%BA%94%E7%94%A8%3F%20-%20%E7%9F%A5%E4%B9%8E&urlsnippet=https%3A%2F%2Fwww.zhihu.com%2Fquestion...%C2%A0&url=http%3A%2F%2Fwww.baidu.com%2Flink%3Furl%3DUuekK9jcovyLgxFY8el-y3f3g1E0Re41SJqOyHhnXx4vvXY_jsydZZCq_giGBEZmciObu5d0Sk4eM5MjO2V52IWttSls90d0ZxYCrTOBkf7", "http://redirect.citexplore.com/redirect?title=%E8%B4%AD%E4%B9%B0%20%E7%BD%91%E6%98%93%E4%BA%91%E9%9F%B3%E4%B9%90UWP%20-%20Microsoft%20Store%20zh-CN&urlsnippet=https%3A%2F%2Fwww.microsoft.com%2Fzh-c...%C2%A0&url=http%3A%2F%2Fwww.baidu.com%2Flink%3Furl%3D4EP3Cc9Y605uNe3wZySKr1PjIklt2xusMy5Jth2My6YO3K0srsoix8jBq25R1DPLFy_DrI4pPnIbrfCDLV1LEvP3cmbqN4z9ikyYNf8LRuZWUJdE0RC6mptBHDqQ0HkQbdtnB0aIuTrYCpOy2VfD7K", "http://redirect.citexplore.com/redirect?title=Introduction%20to%20Universal%20Windows%20Platform%20(UWP)%20app%20design%20(...&urlsnippet=https%3A%2F%2Fdocs.microsoft.com%2Fen-...%C2%A0&url=http%3A%2F%2Fwww.baidu.com%2Flink%3Furl%3D505VbBwlNgb8pZZydXkyr2LC7Uz-qowtmQTwORDxUqNfFam5HJiLR9D7T5zbUieKhdX4opb5V57W6LowZr1xJea_rPTi8dZg6eRI1bJ0MMQyigv8uop5GGSE23825XNh", "http://redirect.citexplore.com/redirect?title=What's%20a%20Universal%20Windows%20Platform%20(UWP)%20app%3F%20-%20UWP%20app%20...&urlsnippet=https%3A%2F%2Fdocs.microsoft.com%2Fen-...%C2%A0&url=http%3A%2F%2Fwww.baidu.com%2Flink%3Furl%3DxY8Z4MPSiMY3VPNKznkOF-jdm7-mYfH-14FbiyaMVC5HtwojVlRHDMYQ9Oe7rQSIXtEQF4QdD30StCWhJIFhkwidDcEsH8cESoKBWVIjGA7", "http://redirect.citexplore.com/redirect?title=UWP%20Windows%E5%8E%86%E5%8F%B2%E4%B8%8A%E6%9C%80%E6%BC%82%E4%BA%AE%E7%9A%84UWP%E6%A1%86%E6%9E%B6%E5%87%BA%E7%82%89!!!%20-%20%E6%98%9F%E6%9C%9F%E5%85%AB%E5%86%8D%E5%A8%B6%E4%BD%A0%20-%20%E5%8D%9A%E5%AE%A2%E5%9B%AD&urlsnippet=https%3A%2F%2Fwww.cnblogs.com%2Fhupo37...%C2%A0&url=http%3A%2F%2Fwww.baidu.com%2Flink%3Furl%3DcYBBYHqVy6fE5C4ukQNwvMXWv2EYHUXcrHOYH_T4Y0RT2GQxepTNZhf-kFvEB4VBJG3onw0Ow_PqMpx2gWRYVa", "http://redirect.citexplore.com/redirect?title=%E9%83%BD%E5%B7%B2%E7%BB%8F%E8%BF%87%E4%BA%86%E9%82%A3%E4%B9%88%E4%B9%85%20%E5%BE%AE%E8%BD%AF%E7%9A%84UWP%E8%BF%98%E6%9C%89%E6%B2%A1%E6%9C%89%E6%95%91%E4%BA%86%3F_%E7%BD%91%E6%98%93%E6%95%B0%E7%A0%81&urlsnippet=digi.163.com%2F17%2F0406%2F1...%C2%A0&url=http%3A%2F%2Fwww.baidu.com%2Flink%3Furl%3DERQ1MrsnJmhuLGhEwWqll4RJYo81u8ZDL2DQ1q9l_V0u13bhbqWZbN_-6iLOMOtoOVEXCRGYfxkPSl55Hk_QQK", "http://redirect.citexplore.com/redirect?title=Win10%20UWP%E5%BC%80%E5%8F%91%E5%BF%AB%E9%80%9F%E5%85%A5%E9%97%A8%E6%8C%87%E5%8D%97%20-%20UWP%2CWin10%2CC%20-%20IT%E4%B9%8B%E5%AE%B6&urlsnippet=https%3A%2F%2Fwww.ithome.com%2Fhtml%2Fwi...%C2%A0&url=http%3A%2F%2Fwww.baidu.com%2Flink%3Furl%3DfMZDONBoB0cB6kAxT1PzEz_-JyjF3pK4AMD9UZtZK2-l7xfMkkAt7LLhPSsR8RZCLi9QkmCI9w0zmjwDrin-Ca", "http://redirect.citexplore.com/redirect?title=UWP.CN%7CWin10%E9%80%9A%E7%94%A8%E5%BA%94%E7%94%A8%E5%88%86%E4%BA%AB%E5%B9%B3%E5%8F%B0&urlsnippet=uwp.cn%2F%C2%A0&url=http%3A%2F%2Fwww.baidu.com%2Flink%3Furl%3D9w6G-EWDuuzCeAAwGJwRpq-TYabzpmTkz9Fkqpq3OKK" ],
    "url" : "https://www.baidu.com/s?ie=utf-8&f=8&rsv_bp=0&rsv_idx=1&tn=78000241_5_hao_pg&wd=%E6%9C%AC%E5%9C%B0%E6%96%87%E4%BB%B6%E7%9A%84URI%E6%80%8E%E4%B9%88%E5%86%99&rsv_pq=ab32b54d000ab060&rsv_t=8af38B1J6dLrld04JJ1akMml%2B0ZTuxQT8eF0jlWo7Dr%2FWMqyTA0yrz5z7lwFTuOqCGo5SiOYc3k&rqlang=cn&rsv_enter=1&rsv_sug3=29&rsv_sug1=24&rsv_sug7=100&rsv_sug2=0&inputT=11470&rsv_sug4=11470",
    "tabId" : 174,
    "sequenceId" : 12,
    "id" : "20154552",
    "timestamp" : 1522596064262,
    "serverTimestamp" : 1522596063846,
    "query" : "本地文件的URI怎么写"
  }, {
    "action" : "serp",
    "encrypted" : true,
    "urls" : [ "http://redirect.citexplore.com/redirect?title=%E6%9B%BF%E6%8D%A2%E4%B8%BA%E9%80%9A%E7%94%A8%20Windows%20%E5%B9%B3%E5%8F%B0%20(UWP)%20%E5%BA%94%E7%94%A8%E4%B8%AD%E7%9A%84%20Windows%20API%20-%20Windows%20...&urlsnippet=msdn.microsoft.com%2Fzh-...%C2%A0&url=http%3A%2F%2Fwww.baidu.com%2Flink%3Furl%3D0o6N5ZfzXk32_325PJmHZxFLHssXlevhUNOiL8hDx_kXb2WxHXhxWhXsdhf_sskOB_PSdChaydmbVAd_kAdbi_", "http://redirect.citexplore.com/redirect?title=%E9%80%9A%E7%94%A8Windows%20%E5%B9%B3%E5%8F%B0%20(UWP)%20App%20%E4%B8%AD%20Windows%20API%20%E7%9A%84%E6%9B%BF%E4%BB%A3%E6%96%B9%E6%B3%95%20-%20...&urlsnippet=msdn.microsoft.com%2Fzh-...%C2%A0&url=http%3A%2F%2Fwww.baidu.com%2Flink%3Furl%3DFAtj1NLxLH0s2Jz7q_GbkDU3lQ5AmpPWxOj7I8X8cFD5xxBgu3wv17JXBdTXUnJjdDVvJ08nnhTGOIR1ry2b00AisC34sH4ZbpRVhyOFkVS", "http://redirect.citexplore.com/redirect?title=API%20reference%20for%20Universal%20Windows%20Platform%20(UWP)%20apps&urlsnippet=https%3A%2F%2Fdocs.microsoft.com%2Fen-...%C2%A0&url=http%3A%2F%2Fwww.baidu.com%2Flink%3Furl%3DBKhNyaRhHwXFGhU9yAccgM4bX_jTnOApoVSO7X0pE5jRg6wJOjETNVFy5wnbqm3j", "http://redirect.citexplore.com/redirect?title=Win10%20UWP%E7%9A%84%E5%BC%80%E5%8F%91%E4%BD%93%E9%AA%8C%E6%98%AF%E6%80%8E%E6%A0%B7%E7%9A%84%3F%20-%20%E7%9F%A5%E4%B9%8E&urlsnippet=https%3A%2F%2Fwww.zhihu.com%2Fquestion...%C2%A0&url=http%3A%2F%2Fwww.baidu.com%2Flink%3Furl%3Dy_HgjWLVzkGd07lHNi3oPrOW0joIxYaBcbnc9_wbbD7z9tkz90hDDC79CY8gm3wRfqsIOq95QtAdkfKX0YvkfK", "http://redirect.citexplore.com/redirect?title=Win32%E6%A1%8C%E9%9D%A2%E7%A8%8B%E5%BA%8F%E8%B0%83%E7%94%A8Windows%2010%20UWP%20API_wayyt_%E6%96%B0%E6%B5%AA%E5%8D%9A%E5%AE%A2&urlsnippet=blog.sina.com.cn%2Fs%2Fblo...%C2%A0&url=http%3A%2F%2Fwww.baidu.com%2Flink%3Furl%3DaZF6QSlTHVIuyj04mryuf2KmCHsuov3NtJOeO_Y_TBTB-doA1mY8tvs7MOuK2OC2Dx8srdSebajYvxw6IzmU9a", "http://redirect.citexplore.com/redirect?title=%E8%AF%A6%E8%A7%A3UWP%20(%E9%80%9A%E7%94%A8%20Windows%20%E5%B9%B3%E5%8F%B0)%20%E4%B8%AD%E7%9A%84%E4%B8%A4%E7%A7%8D%20HttpClient%20API%20-..._%E5%8D%9A%E5%AE%A2%E5%9B%AD&urlsnippet=https%3A%2F%2Fwww.cnblogs.com%2Fvalidv...%C2%A0&url=http%3A%2F%2Fwww.baidu.com%2Flink%3Furl%3DfIyPO74ub3pLNvFB7cgoAlAP9rT3u40RIdhTiRNWh_vbv3gQaNSwQNNVLjk7y6Z2feJEnCkEea_K8HTjSrTW_G9ssSRH5V7Ij2adLwCnynjTUbJyabZXuSEXP9M0rrho", "http://redirect.citexplore.com/redirect?title=%E5%BE%AE%E8%BD%AF%E5%AE%A3%E5%B8%83UWP%E6%94%AF%E6%8C%81.NET%20Standard%202.0%2C%E6%94%AF%E6%8C%812%E4%B8%87%E4%B8%AAAPI&urlsnippet=baijiahao.baidu.com%2Fs%3F...%C2%A0&url=http%3A%2F%2Fwww.baidu.com%2Flink%3Furl%3DiwoTeY6btCWfUJG88vOTCuYdwKAmZMknTJrWFSUPGyI5YZC9lG3UTjLQkw8hhF5mGvaSdO4Q1Y3G31g5uJYWtN4wo4PvxhOwiF7bUKAHrVa", "http://redirect.citexplore.com/redirect?title=%E4%B8%BAUWP%20%E5%BA%94%E7%94%A8%E6%8F%90%E4%BE%9B%E7%9A%84%20.NET%20%E7%BD%91%E7%BB%9C%20API%20-%20CSDN%E5%8D%9A%E5%AE%A2&urlsnippet=https%3A%2F%2Fblog.csdn.net%2Fwangpeng...%C2%A0&url=http%3A%2F%2Fwww.baidu.com%2Flink%3Furl%3DSDcnMWjnECebUjjot6rMsAh5pAHrKFYlEPspgmLMH_eQPydKh17S-AL8uBfISiKRNUWiZwrj7K1Vvow0K0wSJBp6vy5DhO04Ai11HTVAhSa", "http://redirect.citexplore.com/redirect?title=%E7%AE%80%E6%98%93%E7%BC%96%E7%A8%8B%E3%80%8AWindows%20App%20Studio%E3%80%8B%E6%96%B0%E5%A2%9E%E4%B8%80%E5%A4%A7%E6%B3%A2Win10%20UWP%20API%20-%20Win10...&urlsnippet=https%3A%2F%2Fwww.ithome.com%2Fhtml%2Fwi...%C2%A0&url=http%3A%2F%2Fwww.baidu.com%2Flink%3Furl%3DohLNsy40fEj5tO_E3MVTt83-KxhO027nqleVj1HUDmBvrOmWrKZouDyiXIxNJ3lA1238It06qmovrccRT8FPHq" ],
    "url" : "https://www.baidu.com/s?ie=utf-8&f=8&rsv_bp=1&rsv_idx=1&tn=78000241_5_hao_pg&wd=UWP%20api&oq=%25E6%259C%25AC%25E5%259C%25B0%25E6%2596%2587%25E4%25BB%25B6%25E7%259A%2584URI%25E6%2580%258E%25E4%25B9%2588%25E5%2586%2599&rsv_pq=adba1785000a8101&rsv_t=72d25rKyviopdWnjcHMnTaHY9oB47iyYQ%2F2afqX4tTtgomlS5ciZNTL6MzEBGHK51CifSUH45DI&rqlang=cn&rsv_enter=1&inputT=47864&rsv_sug3=45&rsv_sug1=36&rsv_sug7=100&rsv_sug2=0&rsv_sug4=49630",
    "tabId" : 174,
    "sequenceId" : 12,
    "id" : "20154552",
    "timestamp" : 1522596072242,
    "serverTimestamp" : 1522596071826,
    "query" : "UWP api"
  }, {
    "tabId" : 258,
    "url" : "https://www.baidu.com/link?url=SDcnMWjnECebUjjot6rMsAh5pAHrKFYlEPspgmLMH_eQPydKh17S-AL8uBfISiKRNUWiZwrj7K1Vvow0K0wSJBp6vy5DhO04Ai11HTVAhSa&wd=&eqid=cde2a982000ba7cf000000035ac0f8e6",
    "sourceTabId" : 174,
    "refer" : "https://www.baidu.com/s?ie=utf-8&f=8&rsv_bp=1&rsv_idx=1&tn=78000241_5_hao_pg&wd=UWP%20api&oq=%25E6%259C%25AC%25E5%259C%25B0%25E6%2596%2587%25E4%25BB%25B6%25E7%259A%2584URI%25E6%2580%258E%25E4%25B9%2588%25E5%2586%2599&rsv_pq=adba1785000a8101&rsv_t=72d25rKyviopdWnjcHMnTaHY9oB47iyYQ%2F2afqX4tTtgomlS5ciZNTL6MzEBGHK51CifSUH45DI&rqlang=cn&rsv_enter=1&inputT=47864&rsv_sug3=45&rsv_sug1=36&rsv_sug7=100&rsv_sug2=0&rsv_sug4=49630",
    "timestamp" : 1522596122622,
    "action" : "request",
    "sequenceId" : 12,
    "id" : "20154552",
    "serverTimestamp" : 1522596122235
  }, {
    "url" : "https://www.baidu.com/link?url=SDcnMWjnECebUjjot6rMsAh5pAHrKFYlEPspgmLMH_eQPydKh17S-AL8uBfISiKRNUWiZwrj7K1Vvow0K0wSJBp6vy5DhO04Ai11HTVAhSa&wd=&eqid=cde2a982000ba7cf000000035ac0f8e6",
    "timestamp" : 1522596122652,
    "action" : "active",
    "sequenceId" : 12,
    "id" : "20154552",
    "serverTimestamp" : 1522596122250
  }, {
    "tabId" : 258,
    "url" : "https://blog.csdn.net/wangpeng198688/article/details/50216599",
    "refer" : "https://www.baidu.com/link?url=SDcnMWjnECebUjjot6rMsAh5pAHrKFYlEPspgmLMH_eQPydKh17S-AL8uBfISiKRNUWiZwrj7K1Vvow0K0wSJBp6vy5DhO04Ai11HTVAhSa&wd=&eqid=cde2a982000ba7cf000000035ac0f8e6",
    "timestamp" : 1522596123344,
    "action" : "request",
    "sequenceId" : 12,
    "id" : "20154552",
    "serverTimestamp" : 1522596122949
  }, {
    "url" : "https://blog.csdn.net/wangpeng198688/article/details/50216599",
    "timestamp" : 1522596126166,
    "action" : "active",
    "sequenceId" : 12,
    "id" : "20154552",
    "serverTimestamp" : 1522596125764
  }, {
    "tabId" : 290,
    "url" : "https://www.baidu.com/link?url=fIyPO74ub3pLNvFB7cgoAlAP9rT3u40RIdhTiRNWh_vbv3gQaNSwQNNVLjk7y6Z2feJEnCkEea_K8HTjSrTW_G9ssSRH5V7Ij2adLwCnynjTUbJyabZXuSEXP9M0rrho&wd=&eqid=cde2a982000ba7cf000000035ac0f8e6",
    "sourceTabId" : 174,
    "refer" : "https://www.baidu.com/s?ie=utf-8&f=8&rsv_bp=1&rsv_idx=1&tn=78000241_5_hao_pg&wd=UWP%20api&oq=%25E6%259C%25AC%25E5%259C%25B0%25E6%2596%2587%25E4%25BB%25B6%25E7%259A%2584URI%25E6%2580%258E%25E4%25B9%2588%25E5%2586%2599&rsv_pq=adba1785000a8101&rsv_t=72d25rKyviopdWnjcHMnTaHY9oB47iyYQ%2F2afqX4tTtgomlS5ciZNTL6MzEBGHK51CifSUH45DI&rqlang=cn&rsv_enter=1&inputT=47864&rsv_sug3=45&rsv_sug1=36&rsv_sug7=100&rsv_sug2=0&rsv_sug4=49630",
    "timestamp" : 1522596154156,
    "action" : "request",
    "sequenceId" : 12,
    "id" : "20154552",
    "serverTimestamp" : 1522596153782
  }, {
    "url" : "https://www.baidu.com/link?url=fIyPO74ub3pLNvFB7cgoAlAP9rT3u40RIdhTiRNWh_vbv3gQaNSwQNNVLjk7y6Z2feJEnCkEea_K8HTjSrTW_G9ssSRH5V7Ij2adLwCnynjTUbJyabZXuSEXP9M0rrho&wd=&eqid=cde2a982000ba7cf000000035ac0f8e6",
    "timestamp" : 1522596154192,
    "action" : "active",
    "sequenceId" : 12,
    "id" : "20154552",
    "serverTimestamp" : 1522596153799
  }, {
    "tabId" : 290,
    "url" : "https://www.cnblogs.com/validvoid/p/demystifying-httpclient-apis-in-the-uwp.html",
    "refer" : "https://www.baidu.com/link?url=fIyPO74ub3pLNvFB7cgoAlAP9rT3u40RIdhTiRNWh_vbv3gQaNSwQNNVLjk7y6Z2feJEnCkEea_K8HTjSrTW_G9ssSRH5V7Ij2adLwCnynjTUbJyabZXuSEXP9M0rrho&wd=&eqid=cde2a982000ba7cf000000035ac0f8e6",
    "timestamp" : 1522596154772,
    "action" : "request",
    "sequenceId" : 12,
    "id" : "20154552",
    "serverTimestamp" : 1522596154379
  }, {
    "url" : "https://www.cnblogs.com/validvoid/p/demystifying-httpclient-apis-in-the-uwp.html",
    "timestamp" : 1522596156898,
    "action" : "active",
    "sequenceId" : 12,
    "id" : "20154552",
    "serverTimestamp" : 1522596156508
  }, {
    "tabId" : 87,
    "url" : "https://docs.microsoft.com/en-us/uwp/api/Windows.UI.Xaml.Controls.StackPanel",
    "timestamp" : 1522596173148,
    "action" : "active",
    "sequenceId" : 6,
    "id" : "20154552",
    "serverTimestamp" : 1522596172738
  }, {
    "tabId" : 1,
    "url" : "https://msdn.microsoft.com/en-us/library/windows/apps/mt187272.aspx",
    "timestamp" : 1522597208070,
    "action" : "active",
    "sequenceId" : 2,
    "id" : "20154552",
    "serverTimestamp" : 1522597207665
  }, {
    "tabId" : 1,
    "url" : "https://msdn.microsoft.com/en-us/library/windows/apps/mt187272.aspx",
    "refer" : "https://msdn.microsoft.com/en-us/library/windows/apps/mt187272.aspx",
    "timestamp" : 1522597308526,
    "action" : "request",
    "sequenceId" : 2,
    "id" : "20154552",
    "serverTimestamp" : 1522597308129
  }, {
    "url" : "https://msdn.microsoft.com/en-us/library/windows/apps/mt187272.aspx",
    "timestamp" : 1522597315156,
    "action" : "active",
    "sequenceId" : 2,
    "id" : "20154552",
    "serverTimestamp" : 1522597314771
  }, {
    "tabId" : 1,
    "url" : "https://msdn.microsoft.com/en-us/library/windows/apps/mt187272.aspx",
    "refer" : "https://developer.microsoft.com/en-us/windows/apps/develop",
    "timestamp" : 1522597458366,
    "action" : "request",
    "sequenceId" : 26,
    "id" : "20154552",
    "serverTimestamp" : 1522597457993
  }, {
    "url" : "https://msdn.microsoft.com/en-us/library/windows/apps/mt187272.aspx",
    "timestamp" : 1522597461360,
    "action" : "active",
    "sequenceId" : 26,
    "id" : "20154552",
    "serverTimestamp" : 1522597460952
  }, {
    "tabId" : 1,
    "url" : "https://msdn.microsoft.com/en-us/library/windows/apps/mt187272.aspx",
    "timestamp" : 1522597559354,
    "action" : "active",
    "sequenceId" : 26,
    "id" : "20154552",
    "serverTimestamp" : 1522597558965
  }, {
    "tabId" : 1,
    "url" : "https://msdn.microsoft.com/en-us/library/windows/apps/mt187272.aspx",
    "timestamp" : 1522597835202,
    "action" : "active",
    "sequenceId" : 26,
    "id" : "20154552",
    "serverTimestamp" : 1522597834806
  }, {
    "tabId" : 66,
    "url" : "http://www.cnblogs.com/xxl-xxl/p/8687868.html",
    "refer" : "https://uvp.neu.edu.cn/Portal/StudentAssignments?id=1007",
    "timestamp" : 1522598278946,
    "action" : "request",
    "sequenceId" : 6,
    "id" : "20154552",
    "serverTimestamp" : 1522598278566
  }, {
    "url" : "http://www.cnblogs.com/xxl-xxl/p/8687868.html",
    "timestamp" : 1522598280352,
    "action" : "active",
    "sequenceId" : 6,
    "id" : "20154552",
    "serverTimestamp" : 1522598279956
  }, {
    "tabId" : 1,
    "url" : "https://msdn.microsoft.com/en-us/library/windows/apps/mt187272.aspx",
    "timestamp" : 1522598320436,
    "action" : "active",
    "sequenceId" : 26,
    "id" : "20154552",
    "serverTimestamp" : 1522598320042
  } ]
}, {
  "mergedAction" : "session",
  "mergedActions" : [ {
    "tabId" : 8,
    "url" : "https://blog.csdn.net/troublor/article/details/79780303",
    "refer" : "https://uvp.neu.edu.cn/Portal/StudentAssignments?id=1007",
    "timestamp" : 1522840753748,
    "action" : "request",
    "sequenceId" : 4,
    "id" : "20154552",
    "serverTimestamp" : 1522840752826
  }, {
    "url" : "https://blog.csdn.net/troublor/article/details/79780303",
    "timestamp" : 1522840821412,
    "action" : "active",
    "sequenceId" : 4,
    "id" : "20154552",
    "serverTimestamp" : 1522840820399
  } ]
} ]