[ {
  "mergedAction" : "session",
  "mergedActions" : [ {
    "action" : "serp",
    "encrypted" : true,
    "urls" : [ "http://www.aizhuanji.com/a/rw0JZzOW.html", "https://my-fe.pub/post/css-record-3.html", "https://cn.aliyun.com/jiaocheng/10347.html", "http://google.co.jp/patents/CN101506301A?cl=en", "https://zhuanlan.zhihu.com/lynettelu", "https://www.google.com.hk/interstitial?url=http://www.suchso.com/projecteactual/wpf-jiaocheng-metro-bianpinghua-ui-MahAppsMetro.html", "https://docs_dotph_microsoft_dotph_com.proxy.live/zh-cn/windows/uwp/monetize/get-product-info-for-apps-and-add-ons", "http://codercdy.com:8989/V_Visual%20C%23%20Step%20by%20Step%20eight%20edition.pdf", "http://www.voidcn.com/article/p-kzuhzigo-zm.html", "http://www.th7.cn/Program/WPF/2011-07-02/8121.shtml" ],
    "url" : "https://www.google.com.hk/search?q=progressring%E5%A6%82%E4%BD%95%E6%B7%BB%E5%8A%A0%E7%99%BE%E5%88%86%E6%AF%94&newwindow=1&safe=strict&ei=39i9WvmqHsSa0gTagqXQDQ&start=10&sa=N&biw=1264&bih=617",
    "tabId" : 2,
    "sequenceId" : 1,
    "id" : "20154564",
    "timestamp" : 1522391308615,
    "serverTimestamp" : 1522391309389,
    "query" : "progressring如何添加百分比"
  }, {
    "action" : "serp",
    "encrypted" : true,
    "urls" : [ "https://docs.microsoft.com/en-us/uwp/api/windows.ui.xaml.controls.progressring", "https://msdn.microsoft.com/en-us/library/windows/apps/mt299146.aspx", "https://msdn.microsoft.com/de-de/library/windows/desktop/windows.ui.xaml.controls.progressring", "https://yq.aliyun.com/wenji/82657", "https://blog.csdn.net/nomasp/article/details/50263383", "http://blog.csdn.net/lindexi_gd/article/details/54558114", "http://www.cnblogs.com/wzk89/archive/2012/10/11/2719970.html", "http://www.cnblogs.com/finehappy/p/6648452.html", "http://m.jishurensheng.com/559446986.html", "https://idiotwu.me/css3-progress-ring/" ],
    "url" : "https://www.google.com.hk/search?newwindow=1&safe=strict&biw=1264&bih=617&ei=Cdm9Wp7qAYWW0gSUoLvQCQ&q=progressring%E5%A6%82%E4%BD%95%E6%B7%BB%E5%8A%A0%E6%96%87%E5%AD%97&oq=progressring%E5%A6%82%E4%BD%95%E6%B7%BB%E5%8A%A0%E6%96%87%E5%AD%97&gs_l=psy-ab.3...70411.74092.0.74420.11.10.0.0.0.0.0.0..0.0....0...1.1j4.64.psy-ab..11.0.0....0.U25Mlqq6qig",
    "tabId" : 2,
    "sequenceId" : 1,
    "id" : "20154564",
    "timestamp" : 1522391401943,
    "serverTimestamp" : 1522391402731,
    "query" : "progressring如何添加文字"
  }, {
    "action" : "serp",
    "encrypted" : true,
    "urls" : [ "https://www.w3cplus.com/svg/building-progress-ring-quickly.html", "https://github.com/Blankj/ProgressRing", "https://blog.csdn.net/sunny906/article/details/34846897", "https://www.microsoft.com/china/msdn/x-platform/design_02.html", "https://msdn.microsoft.com/zh-cn/library/hh750082.aspx", "https://docs.microsoft.com/zh-cn/xamarin/ios/watchos/platform/complications", "https://lindexi.gitee.io/lindexi/category/UWP", "http://www.xinyoukj.com/bbs/portal.php?mod=view&aid=10662", "http://www.czzczlw.com/blog.csdn.net/SYIF88/article/details/78017681", "http://blog.press.lc/2017/08/uwp-25-26.html" ],
    "url" : "https://www.google.com.hk/search?newwindow=1&safe=strict&biw=1264&bih=617&ei=htq9WuSqHcGk0gSA_bigBA&q=%E8%83%BD%E5%90%A6%E5%9C%A8progressring%E4%B8%8A%E5%8A%A0%E8%BF%9B%E5%BA%A6%E6%83%85%E5%86%B5&oq=%E8%83%BD%E5%90%A6%E5%9C%A8progressring%E4%B8%8A%E5%8A%A0%E8%BF%9B%E5%BA%A6%E6%83%85%E5%86%B5&gs_l=psy-ab.3...357838.368410.0.368579.42.26.0.0.0.0.0.0..0.0....0...1.1j4.64.psy-ab..42.0.0....0.q87WZIBBfrk",
    "tabId" : 2,
    "sequenceId" : 1,
    "id" : "20154564",
    "timestamp" : 1522392070446,
    "serverTimestamp" : 1522392071244,
    "query" : "能否在progressring上加进度情况"
  } ]
}, {
  "mergedAction" : "session",
  "mergedActions" : [ {
    "action" : "serp",
    "encrypted" : true,
    "urls" : [ "https://docs.microsoft.com/en-us/uwp/api/windows.ui.xaml.controls.progressring", "https://msdn.microsoft.com/zh-cn/library/windows/apps/mt299146.aspx", "https://www.tutorialspoint.com/xaml/xaml_progressring.htm", "https://github.com/Blankj/ProgressRing/blob/master/README.md", "http://mahapps.com/controls/progress-ring.html", "https://www.c-sharpcorner.com/article/how-to-use-progressring-control-in-universal-application-development-with-xaml-a/", "https://www.codeproject.com/Articles/700185/Windows-Progress-Ring", "https://stackoverflow.com/questions/29381626/progressring-is-not-showing-while-the-app-runs", "https://stackoverflow.com/q/44492397" ],
    "url" : "https://www.google.com.hk/search?q=progressring&oq=progressring&aqs=chrome..69i57j69i60l2.4655j0j7&sourceid=chrome&ie=UTF-8",
    "tabId" : 2,
    "sequenceId" : 1,
    "id" : "20154564",
    "timestamp" : 1522390890094,
    "serverTimestamp" : 1522390890846,
    "query" : "progressring"
  }, {
    "action" : "serp",
    "encrypted" : true,
    "urls" : [ "https://docs.microsoft.com/en-us/uwp/api/windows.ui.xaml.controls.progressring", "https://msdn.microsoft.com/zh-cn/library/windows/apps/mt299146.aspx", "https://www.tutorialspoint.com/xaml/xaml_progressring.htm", "https://github.com/Blankj/ProgressRing/blob/master/README.md", "http://mahapps.com/controls/progress-ring.html", "https://www.c-sharpcorner.com/article/how-to-use-progressring-control-in-universal-application-development-with-xaml-a/", "https://www.codeproject.com/Articles/700185/Windows-Progress-Ring", "https://stackoverflow.com/questions/29381626/progressring-is-not-showing-while-the-app-runs", "https://stackoverflow.com/q/44492397" ],
    "url" : "https://www.google.com.hk/search?q=progressring&oq=progressring&aqs=chrome..69i57j0j69i60l2j0l2.2644j0j4&sourceid=chrome&ie=UTF-8",
    "tabId" : 2,
    "sequenceId" : 1,
    "id" : "20154564",
    "timestamp" : 1522391195659,
    "serverTimestamp" : 1522391196427,
    "query" : "progressring"
  }, {
    "tabId" : 4,
    "url" : "https://msdn.microsoft.com/zh-cn/library/windows/apps/mt299146.aspx",
    "sourceTabId" : 2,
    "refer" : "https://www.google.com.hk/search?q=progressring&oq=progressring&aqs=chrome..69i57j0j69i60l2j0l2.2644j0j4&sourceid=chrome&ie=UTF-8",
    "timestamp" : 1522391201180,
    "action" : "request",
    "sequenceId" : 1,
    "id" : "20154564",
    "serverTimestamp" : 1522391201950
  }, {
    "tabId" : 4,
    "url" : "https://msdn.microsoft.com/zh-cn/library/windows/apps/mt299146.aspx",
    "timestamp" : 1522391204798,
    "action" : "active",
    "sequenceId" : 1,
    "id" : "20154564",
    "serverTimestamp" : 1522391205563
  }, {
    "tabId" : 4,
    "url" : "https://docs.microsoft.com/zh-cn/windows/uwp/design/controls-and-patterns/xaml-styles",
    "refer" : "https://msdn.microsoft.com/zh-cn/library/windows/apps/mt299146.aspx",
    "timestamp" : 1522391228724,
    "action" : "request",
    "sequenceId" : 1,
    "id" : "20154564",
    "serverTimestamp" : 1522391229489
  }, {
    "tabId" : 6,
    "url" : "http://www.cnblogs.com/lonelyxmas/category/1083052.html",
    "sourceTabId" : 2,
    "refer" : "https://www.google.com.hk/search?newwindow=1&safe=strict&ei=mdi9WtDyKIzo0gS9qZWgCA&q=progressring%E5%A6%82%E4%BD%95%E6%B7%BB%E5%8A%A0%E7%99%BE%E5%88%86%E6%AF%94&oq=progressring%E5%A6%82%E4%BD%95%E6%B7%BB%E5%8A%A0%E7%99%BE%E5%88%86%E6%AF%94&gs_l=psy-ab.3...46346.58698.0.58866.32.20.0.0.0.0.0.0..0.0....0...1.1j4.64.psy-ab..32.0.0....0.4DHFdA57odg",
    "timestamp" : 1522391290296,
    "action" : "request",
    "sequenceId" : 1,
    "id" : "20154564",
    "serverTimestamp" : 1522391291069
  }, {
    "tabId" : 6,
    "url" : "http://www.cnblogs.com/lonelyxmas/category/1083052.html",
    "timestamp" : 1522391291527,
    "action" : "active",
    "sequenceId" : 1,
    "id" : "20154564",
    "serverTimestamp" : 1522391292297
  }, {
    "tabId" : 8,
    "url" : "https://yq.aliyun.com/wenji/82657",
    "sourceTabId" : 2,
    "refer" : "https://www.google.com.hk/search?newwindow=1&safe=strict&biw=1264&bih=617&ei=Cdm9Wp7qAYWW0gSUoLvQCQ&q=progressring%E5%A6%82%E4%BD%95%E6%B7%BB%E5%8A%A0%E6%96%87%E5%AD%97&oq=progressring%E5%A6%82%E4%BD%95%E6%B7%BB%E5%8A%A0%E6%96%87%E5%AD%97&gs_l=psy-ab.3...70411.74092.0.74420.11.10.0.0.0.0.0.0..0.0....0...1.1j4.64.psy-ab..11.0.0....0.U25Mlqq6qig",
    "timestamp" : 1522391412890,
    "action" : "request",
    "sequenceId" : 1,
    "id" : "20154564",
    "serverTimestamp" : 1522391413665
  }, {
    "tabId" : 8,
    "url" : "https://yq.aliyun.com/wenji/82657",
    "timestamp" : 1522391416875,
    "action" : "active",
    "sequenceId" : 1,
    "id" : "20154564",
    "serverTimestamp" : 1522391417654
  }, {
    "tabId" : 10,
    "url" : "https://blog.csdn.net/lindexi_gd/article/details/54558114",
    "sourceTabId" : 2,
    "refer" : "https://www.google.com.hk/search?newwindow=1&safe=strict&biw=1264&bih=617&ei=Cdm9Wp7qAYWW0gSUoLvQCQ&q=progressring%E5%A6%82%E4%BD%95%E6%B7%BB%E5%8A%A0%E6%96%87%E5%AD%97&oq=progressring%E5%A6%82%E4%BD%95%E6%B7%BB%E5%8A%A0%E6%96%87%E5%AD%97&gs_l=psy-ab.3...70411.74092.0.74420.11.10.0.0.0.0.0.0..0.0....0...1.1j4.64.psy-ab..11.0.0....0.U25Mlqq6qig",
    "timestamp" : 1522391450289,
    "action" : "request",
    "sequenceId" : 1,
    "id" : "20154564",
    "serverTimestamp" : 1522391451063
  }, {
    "tabId" : 10,
    "url" : "https://blog.csdn.net/lindexi_gd/article/details/54558114",
    "timestamp" : 1522391474812,
    "action" : "active",
    "sequenceId" : 1,
    "id" : "20154564",
    "serverTimestamp" : 1522391475590
  }, {
    "tabId" : 12,
    "url" : "http://m.jishurensheng.com/559446986.html",
    "sourceTabId" : 2,
    "refer" : "https://www.google.com.hk/search?newwindow=1&safe=strict&biw=1264&bih=617&ei=Cdm9Wp7qAYWW0gSUoLvQCQ&q=progressring%E5%A6%82%E4%BD%95%E6%B7%BB%E5%8A%A0%E6%96%87%E5%AD%97&oq=progressring%E5%A6%82%E4%BD%95%E6%B7%BB%E5%8A%A0%E6%96%87%E5%AD%97&gs_l=psy-ab.3...70411.74092.0.74420.11.10.0.0.0.0.0.0..0.0....0...1.1j4.64.psy-ab..11.0.0....0.U25Mlqq6qig",
    "timestamp" : 1522391613941,
    "action" : "request",
    "sequenceId" : 1,
    "id" : "20154564",
    "serverTimestamp" : 1522391614724
  }, {
    "tabId" : 12,
    "url" : "http://m.jishurensheng.com/559446986.html",
    "timestamp" : 1522391613957,
    "action" : "active",
    "sequenceId" : 1,
    "id" : "20154564",
    "serverTimestamp" : 1522391614738
  }, {
    "tabId" : 12,
    "url" : "http://m.jishurensheng.com/559446986.html",
    "timestamp" : 1522391624171,
    "action" : "active",
    "sequenceId" : 1,
    "id" : "20154564",
    "serverTimestamp" : 1522391624955
  }, {
    "tabId" : 12,
    "url" : "http://m.jishurensheng.com/559446986.html",
    "timestamp" : 1522391657532,
    "action" : "active",
    "sequenceId" : 1,
    "id" : "20154564",
    "serverTimestamp" : 1522391658315
  }, {
    "action" : "serp",
    "encrypted" : true,
    "urls" : [ "http://www.wenwenti.info/article/816501", "https://my-fe.pub/post/css-record-3.html", "http://www.voidcn.com/article/p-fojhdvdk-cn.html", "http://m.jishurensheng.com/461062966.html", "http://www.ui.cn/detail/191149.html", "http://www.code4app.com/thread-10795-1-1.html", "http://www.fengfly.com/plus/view-210013-1.html", "http://ju.outofmemory.cn/entry/137537", "https://www.ctolib.com/docs-windowsappbook-c-part-control.html", "https://lindexi.gitee.io/lindexi/category/UWP" ],
    "url" : "https://www.google.com.hk/search?q=progressring%E5%A6%82%E4%BD%95%E6%B7%BB%E5%8A%A0%E6%96%87%E5%AD%97&newwindow=1&safe=strict&ei=Z9m9WtP7MMbB0gTevK0Y&start=10&sa=N&biw=1264&bih=617",
    "tabId" : 2,
    "sequenceId" : 1,
    "id" : "20154564",
    "timestamp" : 1522391689300,
    "serverTimestamp" : 1522391690083,
    "query" : "progressring如何添加文字"
  }, {
    "tabId" : 14,
    "url" : "http://www.wenwenti.info/article/816501",
    "sourceTabId" : 2,
    "refer" : "https://www.google.com.hk/search?q=progressring%E5%A6%82%E4%BD%95%E6%B7%BB%E5%8A%A0%E6%96%87%E5%AD%97&newwindow=1&safe=strict&ei=Z9m9WtP7MMbB0gTevK0Y&start=10&sa=N&biw=1264&bih=617",
    "timestamp" : 1522391699102,
    "action" : "request",
    "sequenceId" : 1,
    "id" : "20154564",
    "serverTimestamp" : 1522391699889
  }, {
    "tabId" : 14,
    "url" : "http://www.wenwenti.info/article/816501",
    "timestamp" : 1522391747278,
    "action" : "active",
    "sequenceId" : 1,
    "id" : "20154564",
    "serverTimestamp" : 1522391748089
  }, {
    "tabId" : 14,
    "url" : "http://www.wenwenti.info/article/816501",
    "timestamp" : 1522391802245,
    "action" : "active",
    "sequenceId" : 1,
    "id" : "20154564",
    "serverTimestamp" : 1522391803043
  }, {
    "tabId" : 16,
    "url" : "http://www.voidcn.com/article/p-fojhdvdk-cn.html",
    "sourceTabId" : 2,
    "refer" : "https://www.google.com.hk/search?q=progressring%E5%A6%82%E4%BD%95%E6%B7%BB%E5%8A%A0%E6%96%87%E5%AD%97&newwindow=1&safe=strict&ei=Z9m9WtP7MMbB0gTevK0Y&start=10&sa=N&biw=1264&bih=617",
    "timestamp" : 1522391808452,
    "action" : "request",
    "sequenceId" : 1,
    "id" : "20154564",
    "serverTimestamp" : 1522391809251
  }, {
    "tabId" : 16,
    "url" : "http://www.voidcn.com/article/p-fojhdvdk-cn.html",
    "timestamp" : 1522391812456,
    "action" : "active",
    "sequenceId" : 1,
    "id" : "20154564",
    "serverTimestamp" : 1522391813247
  }, {
    "tabId" : 18,
    "url" : "http://m.jishurensheng.com/461062966.html",
    "sourceTabId" : 2,
    "refer" : "https://www.google.com.hk/search?q=progressring%E5%A6%82%E4%BD%95%E6%B7%BB%E5%8A%A0%E6%96%87%E5%AD%97&newwindow=1&safe=strict&ei=Z9m9WtP7MMbB0gTevK0Y&start=10&sa=N&biw=1264&bih=617",
    "timestamp" : 1522391894551,
    "action" : "request",
    "sequenceId" : 1,
    "id" : "20154564",
    "serverTimestamp" : 1522391895342
  }, {
    "tabId" : 18,
    "url" : "http://m.jishurensheng.com/461062966.html",
    "timestamp" : 1522391894561,
    "action" : "active",
    "sequenceId" : 1,
    "id" : "20154564",
    "serverTimestamp" : 1522391895382
  }, {
    "tabId" : 20,
    "url" : "http://www.fengfly.com/plus/view-210013-1.html",
    "sourceTabId" : 2,
    "refer" : "https://www.google.com.hk/search?q=progressring%E5%A6%82%E4%BD%95%E6%B7%BB%E5%8A%A0%E6%96%87%E5%AD%97&newwindow=1&safe=strict&ei=Z9m9WtP7MMbB0gTevK0Y&start=10&sa=N&biw=1264&bih=617",
    "timestamp" : 1522391931806,
    "action" : "request",
    "sequenceId" : 1,
    "id" : "20154564",
    "serverTimestamp" : 1522391932612
  }, {
    "tabId" : 20,
    "url" : "http://www.fengfly.com/plus/view-210013-1.html",
    "timestamp" : 1522391937452,
    "action" : "active",
    "sequenceId" : 1,
    "id" : "20154564",
    "serverTimestamp" : 1522391938244
  }, {
    "tabId" : 20,
    "url" : "http://www.fengfly.com/plus/view-210013-1.html",
    "timestamp" : 1522391939952,
    "action" : "active",
    "sequenceId" : 1,
    "id" : "20154564",
    "serverTimestamp" : 1522391940759
  }, {
    "tabId" : 16,
    "url" : "http://www.voidcn.com/article/p-fojhdvdk-cn.html",
    "timestamp" : 1522392039244,
    "action" : "active",
    "sequenceId" : 1,
    "id" : "20154564",
    "serverTimestamp" : 1522392040043
  }, {
    "tabId" : 24,
    "url" : "https://blog.csdn.net/sunny906/article/details/34846897",
    "sourceTabId" : 2,
    "refer" : "https://www.google.com.hk/search?newwindow=1&safe=strict&biw=1264&bih=617&ei=htq9WuSqHcGk0gSA_bigBA&q=%E8%83%BD%E5%90%A6%E5%9C%A8progressring%E4%B8%8A%E5%8A%A0%E8%BF%9B%E5%BA%A6%E6%83%85%E5%86%B5&oq=%E8%83%BD%E5%90%A6%E5%9C%A8progressring%E4%B8%8A%E5%8A%A0%E8%BF%9B%E5%BA%A6%E6%83%85%E5%86%B5&gs_l=psy-ab.3...357838.368410.0.368579.42.26.0.0.0.0.0.0..0.0....0...1.1j4.64.psy-ab..42.0.0....0.q87WZIBBfrk",
    "timestamp" : 1522392086264,
    "action" : "request",
    "sequenceId" : 1,
    "id" : "20154564",
    "serverTimestamp" : 1522392087064
  }, {
    "tabId" : 24,
    "url" : "https://blog.csdn.net/sunny906/article/details/34846897",
    "timestamp" : 1522392089526,
    "action" : "active",
    "sequenceId" : 1,
    "id" : "20154564",
    "serverTimestamp" : 1522392090325
  }, {
    "tabId" : 26,
    "url" : "https://blog.csdn.net/sunny906/article/details/34423453",
    "sourceTabId" : 24,
    "refer" : "https://blog.csdn.net/sunny906/article/details/34846897",
    "timestamp" : 1522392136472,
    "action" : "request",
    "sequenceId" : 1,
    "id" : "20154564",
    "serverTimestamp" : 1522392137285
  }, {
    "tabId" : 26,
    "url" : "https://blog.csdn.net/sunny906/article/details/34423453",
    "timestamp" : 1522392138725,
    "action" : "active",
    "sequenceId" : 1,
    "id" : "20154564",
    "serverTimestamp" : 1522392139550
  }, {
    "tabId" : 24,
    "url" : "https://blog.csdn.net/sunny906/article/details/34846897",
    "timestamp" : 1522392143303,
    "action" : "active",
    "sequenceId" : 1,
    "id" : "20154564",
    "serverTimestamp" : 1522392144107
  }, {
    "tabId" : 12,
    "url" : "http://m.jishurensheng.com/559446986.html",
    "timestamp" : 1522392171311,
    "action" : "active",
    "sequenceId" : 1,
    "id" : "20154564",
    "serverTimestamp" : 1522392172128
  }, {
    "tabId" : 10,
    "url" : "https://blog.csdn.net/lindexi_gd/article/details/54558114",
    "timestamp" : 1522392172571,
    "action" : "active",
    "sequenceId" : 1,
    "id" : "20154564",
    "serverTimestamp" : 1522392173375
  }, {
    "tabId" : 8,
    "url" : "https://yq.aliyun.com/wenji/82657",
    "timestamp" : 1522392198309,
    "action" : "active",
    "sequenceId" : 1,
    "id" : "20154564",
    "serverTimestamp" : 1522392199119
  }, {
    "tabId" : 28,
    "url" : "https://blog.csdn.net/lzq520210/article/details/46403133",
    "sourceTabId" : 2,
    "refer" : "https://www.google.com.hk/search?newwindow=1&safe=strict&biw=1264&bih=617&ei=A9y9WqKOOITZ0gSj37_gDg&q=progressring%E4%B8%8Eprogressbar%E7%9A%84%E5%8C%BA%E5%88%AB&oq=progressring%E4%B8%8Eprogressbar%E7%9A%84%E5%8C%BA%E5%88%AB&gs_l=psy-ab.3...78778.93496.0.94349.47.32.0.0.0.0.0.0..0.0....0...1.1j4.64.psy-ab..47.0.0....0.QLN3jxOiiLM",
    "timestamp" : 1522392202439,
    "action" : "request",
    "sequenceId" : 1,
    "id" : "20154564",
    "serverTimestamp" : 1522392203242
  }, {
    "tabId" : 28,
    "url" : "https://blog.csdn.net/lzq520210/article/details/46403133",
    "timestamp" : 1522392204070,
    "action" : "active",
    "sequenceId" : 1,
    "id" : "20154564",
    "serverTimestamp" : 1522392204876
  }, {
    "tabId" : 30,
    "url" : "https://www.bbsmax.com/A/rV57nRljJP/",
    "sourceTabId" : 2,
    "refer" : "https://www.google.com.hk/search?newwindow=1&safe=strict&biw=1264&bih=617&ei=A9y9WqKOOITZ0gSj37_gDg&q=progressring%E4%B8%8Eprogressbar%E7%9A%84%E5%8C%BA%E5%88%AB&oq=progressring%E4%B8%8Eprogressbar%E7%9A%84%E5%8C%BA%E5%88%AB&gs_l=psy-ab.3...78778.93496.0.94349.47.32.0.0.0.0.0.0..0.0....0...1.1j4.64.psy-ab..47.0.0....0.QLN3jxOiiLM",
    "timestamp" : 1522392232594,
    "action" : "request",
    "sequenceId" : 1,
    "id" : "20154564",
    "serverTimestamp" : 1522392233426
  }, {
    "tabId" : 30,
    "url" : "https://www.bbsmax.com/A/rV57nRljJP/",
    "timestamp" : 1522392234462,
    "action" : "active",
    "sequenceId" : 1,
    "id" : "20154564",
    "serverTimestamp" : 1522392235266
  }, {
    "tabId" : 32,
    "url" : "http://www.cnblogs.com/finehappy/archive/2017/03/30.html",
    "sourceTabId" : 2,
    "refer" : "https://www.google.com.hk/search?newwindow=1&safe=strict&biw=1264&bih=617&ei=A9y9WqKOOITZ0gSj37_gDg&q=progressring%E4%B8%8Eprogressbar%E7%9A%84%E5%8C%BA%E5%88%AB&oq=progressring%E4%B8%8Eprogressbar%E7%9A%84%E5%8C%BA%E5%88%AB&gs_l=psy-ab.3...78778.93496.0.94349.47.32.0.0.0.0.0.0..0.0....0...1.1j4.64.psy-ab..47.0.0....0.QLN3jxOiiLM",
    "timestamp" : 1522392261317,
    "action" : "request",
    "sequenceId" : 1,
    "id" : "20154564",
    "serverTimestamp" : 1522392262136
  }, {
    "tabId" : 32,
    "url" : "http://www.cnblogs.com/finehappy/archive/2017/03/30.html",
    "timestamp" : 1522392261952,
    "action" : "active",
    "sequenceId" : 1,
    "id" : "20154564",
    "serverTimestamp" : 1522392262758
  }, {
    "tabId" : 34,
    "url" : "http://www.cnblogs.com/finehappy/archive/2017/03/30.html",
    "sourceTabId" : 2,
    "refer" : "https://www.google.com.hk/search?newwindow=1&safe=strict&biw=1264&bih=617&ei=A9y9WqKOOITZ0gSj37_gDg&q=progressring%E4%B8%8Eprogressbar%E7%9A%84%E5%8C%BA%E5%88%AB&oq=progressring%E4%B8%8Eprogressbar%E7%9A%84%E5%8C%BA%E5%88%AB&gs_l=psy-ab.3...78778.93496.0.94349.47.32.0.0.0.0.0.0..0.0....0...1.1j4.64.psy-ab..47.0.0....0.QLN3jxOiiLM",
    "timestamp" : 1522392271958,
    "action" : "request",
    "sequenceId" : 1,
    "id" : "20154564",
    "serverTimestamp" : 1522392272765
  }, {
    "tabId" : 34,
    "url" : "http://www.cnblogs.com/finehappy/archive/2017/03/30.html",
    "timestamp" : 1522392272319,
    "action" : "active",
    "sequenceId" : 1,
    "id" : "20154564",
    "serverTimestamp" : 1522392273125
  }, {
    "tabId" : 36,
    "url" : "http://www.bkjia.com/Windows_Phonejc/442749.html",
    "sourceTabId" : 2,
    "refer" : "https://www.google.com.hk/search?newwindow=1&safe=strict&biw=1264&bih=617&ei=A9y9WqKOOITZ0gSj37_gDg&q=progressring%E4%B8%8Eprogressbar%E7%9A%84%E5%8C%BA%E5%88%AB&oq=progressring%E4%B8%8Eprogressbar%E7%9A%84%E5%8C%BA%E5%88%AB&gs_l=psy-ab.3...78778.93496.0.94349.47.32.0.0.0.0.0.0..0.0....0...1.1j4.64.psy-ab..47.0.0....0.QLN3jxOiiLM",
    "timestamp" : 1522392294570,
    "action" : "request",
    "sequenceId" : 1,
    "id" : "20154564",
    "serverTimestamp" : 1522392295378
  }, {
    "tabId" : 36,
    "url" : "http://www.bkjia.com/Windows_Phonejc/442749.html",
    "timestamp" : 1522392305437,
    "action" : "active",
    "sequenceId" : 1,
    "id" : "20154564",
    "serverTimestamp" : 1522392306247
  }, {
    "tabId" : 38,
    "url" : "https://yq.aliyun.com/articles/265562",
    "sourceTabId" : 2,
    "refer" : "https://www.google.com.hk/search?newwindow=1&safe=strict&biw=1264&bih=617&ei=A9y9WqKOOITZ0gSj37_gDg&q=progressring%E4%B8%8Eprogressbar%E7%9A%84%E5%8C%BA%E5%88%AB&oq=progressring%E4%B8%8Eprogressbar%E7%9A%84%E5%8C%BA%E5%88%AB&gs_l=psy-ab.3...78778.93496.0.94349.47.32.0.0.0.0.0.0..0.0....0...1.1j4.64.psy-ab..47.0.0....0.QLN3jxOiiLM",
    "timestamp" : 1522392353521,
    "action" : "request",
    "sequenceId" : 1,
    "id" : "20154564",
    "serverTimestamp" : 1522392354371
  }, {
    "tabId" : 38,
    "url" : "https://yq.aliyun.com/articles/265562",
    "timestamp" : 1522392356126,
    "action" : "active",
    "sequenceId" : 1,
    "id" : "20154564",
    "serverTimestamp" : 1522392356937
  }, {
    "action" : "serp",
    "encrypted" : true,
    "urls" : [ "http://www.h3399.cn/201703/65535.html", "http://m.jishurensheng.com/461062966.html", "http://www.jishurensheng.com/461062966.html", "http://www.it1352.com/432597.html", "https://hk.saowen.com/a/4a4bb3550da4dbaf3f0e3f1429ddee393aa2f1608e7ca21836d05e279d30e98c", "http://www.bijishequ.com/detail/345745?p=77-87", "http://1unjs0os.longxiewudi.cn/7mpyz9d/c97b7_96392.html", "http://www.aspphp.online/bianchen/dnet/gydnet/201701/13905.html", "http://www.voidcn.com/article/p-qlwsmwik-ed.html", "https://zhuanlan.zhihu.com/p/24995088/voters" ],
    "url" : "https://www.google.com.hk/search?q=progressring%E4%B8%8Eprogressbar%E7%9A%84%E5%8C%BA%E5%88%AB&newwindow=1&safe=strict&ei=aty9Wv7MCsan0gST9aioBg&start=10&sa=N&biw=1264&bih=617",
    "tabId" : 2,
    "sequenceId" : 1,
    "id" : "20154564",
    "timestamp" : 1522392380794,
    "serverTimestamp" : 1522392381618,
    "query" : "progressring与progressbar的区别"
  }, {
    "tabId" : 40,
    "url" : "http://www.h3399.cn/201703/65535.html",
    "sourceTabId" : 2,
    "refer" : "https://www.google.com.hk/search?q=progressring%E4%B8%8Eprogressbar%E7%9A%84%E5%8C%BA%E5%88%AB&newwindow=1&safe=strict&ei=aty9Wv7MCsan0gST9aioBg&start=10&sa=N&biw=1264&bih=617",
    "timestamp" : 1522392385854,
    "action" : "request",
    "sequenceId" : 1,
    "id" : "20154564",
    "serverTimestamp" : 1522392386670
  }, {
    "tabId" : 40,
    "url" : "http://www.h3399.cn/201703/65535.html",
    "timestamp" : 1522392386533,
    "action" : "active",
    "sequenceId" : 1,
    "id" : "20154564",
    "serverTimestamp" : 1522392387353
  } ]
}, {
  "mergedAction" : "session",
  "mergedActions" : [ {
    "tabId" : 39,
    "url" : "https://docs.microsoft.com/en-us/windows/uwp/design/controls-and-patterns/progress-controls",
    "timestamp" : 1522232787110,
    "action" : "active",
    "sequenceId" : 3,
    "id" : "20154564",
    "serverTimestamp" : 1522232788923
  }, {
    "tabId" : 39,
    "url" : "https://docs.microsoft.com/en-us/windows/uwp/design/controls-and-patterns/progress-controls",
    "timestamp" : 1522232923944,
    "action" : "active",
    "sequenceId" : 3,
    "id" : "20154564",
    "serverTimestamp" : 1522232925737
  }, {
    "tabId" : 39,
    "url" : "https://docs.microsoft.com/en-us/windows/uwp/design/controls-and-patterns/progress-controls",
    "timestamp" : 1522232949681,
    "action" : "active",
    "sequenceId" : 3,
    "id" : "20154564",
    "serverTimestamp" : 1522232951476
  }, {
    "tabId" : 35,
    "url" : "https://www.jianshu.com/p/362a53350b7e",
    "refer" : "https://uvp.neu.edu.cn/Portal/GroupAssignments?id=1006",
    "timestamp" : 1522238475073,
    "action" : "request",
    "sequenceId" : 3,
    "id" : "20154564",
    "serverTimestamp" : 1522238475365
  }, {
    "tabId" : 35,
    "url" : "https://www.jianshu.com/p/362a53350b7e",
    "timestamp" : 1522238476452,
    "action" : "active",
    "sequenceId" : 3,
    "id" : "20154564",
    "serverTimestamp" : 1522238476743
  }, {
    "tabId" : 49,
    "url" : "https://github.com/NEUuvpGroup8/NEUSecretary",
    "timestamp" : 1522238568982,
    "action" : "active",
    "sequenceId" : 10,
    "id" : "20154564",
    "serverTimestamp" : 1522239474290
  }, {
    "tabId" : 35,
    "url" : "https://www.jianshu.com/p/362a53350b7e",
    "timestamp" : 1522238674268,
    "action" : "active",
    "sequenceId" : 3,
    "id" : "20154564",
    "serverTimestamp" : 1522238674540
  }, {
    "tabId" : 39,
    "url" : "https://docs.microsoft.com/en-us/windows/uwp/design/controls-and-patterns/progress-controls",
    "timestamp" : 1522238678730,
    "action" : "active",
    "sequenceId" : 3,
    "id" : "20154564",
    "serverTimestamp" : 1522238678934
  }, {
    "tabId" : 35,
    "url" : "https://www.jianshu.com/p/362a53350b7e",
    "timestamp" : 1522238681651,
    "action" : "active",
    "sequenceId" : 3,
    "id" : "20154564",
    "serverTimestamp" : 1522238681860
  }, {
    "tabId" : 39,
    "url" : "https://docs.microsoft.com/en-us/windows/uwp/design/controls-and-patterns/progress-controls",
    "timestamp" : 1522238806907,
    "action" : "active",
    "sequenceId" : 3,
    "id" : "20154564",
    "serverTimestamp" : 1522238807075
  }, {
    "tabId" : 49,
    "url" : "https://github.com/NEUuvpGroup8/NEUSecretary",
    "timestamp" : 1522239080083,
    "action" : "active",
    "sequenceId" : 10,
    "id" : "20154564",
    "serverTimestamp" : 1522239474290
  }, {
    "tabId" : 35,
    "url" : "https://blog.csdn.net/Zhanglinfeng_infi/article/details/79684927",
    "refer" : "https://uvp.neu.edu.cn/Portal/GroupAssignments?id=1006",
    "timestamp" : 1522239373391,
    "action" : "request",
    "sequenceId" : 3,
    "id" : "20154564",
    "serverTimestamp" : 1522239373405
  }, {
    "tabId" : 35,
    "url" : "https://blog.csdn.net/Zhanglinfeng_infi/article/details/79684927",
    "timestamp" : 1522239375925,
    "action" : "active",
    "sequenceId" : 3,
    "id" : "20154564",
    "serverTimestamp" : 1522239375939
  }, {
    "tabId" : 35,
    "url" : "https://blog.csdn.net/Zhanglinfeng_infi/article/details/79684927",
    "refer" : "https://uvp.neu.edu.cn/Portal/GroupAssignments?id=1006",
    "timestamp" : 1522239420759,
    "action" : "request",
    "sequenceId" : 3,
    "id" : "20154564",
    "serverTimestamp" : 1522239420751
  }, {
    "tabId" : 35,
    "url" : "https://blog.csdn.net/Zhanglinfeng_infi/article/details/79684927",
    "timestamp" : 1522239422432,
    "action" : "active",
    "sequenceId" : 3,
    "id" : "20154564",
    "serverTimestamp" : 1522239422425
  }, {
    "tabId" : 35,
    "url" : "https://blog.csdn.net/Zhanglinfeng_infi/article/details/79684927",
    "timestamp" : 1522239556725,
    "action" : "active",
    "sequenceId" : 3,
    "id" : "20154564",
    "serverTimestamp" : 1522239556673
  }, {
    "tabId" : 49,
    "url" : "https://github.com/NEUuvpGroup8/NEUSecretary",
    "timestamp" : 1522239706034,
    "action" : "active",
    "sequenceId" : 10,
    "id" : "20154564",
    "serverTimestamp" : 1522239705956
  }, {
    "tabId" : 49,
    "url" : "https://github.com/NEUuvpGroup8/NEUSecretary",
    "timestamp" : 1522239706951,
    "action" : "active",
    "sequenceId" : 10,
    "id" : "20154564",
    "serverTimestamp" : 1522239706878
  }, {
    "tabId" : 35,
    "url" : "https://www.jianshu.com/p/362a53350b7e",
    "refer" : "https://uvp.neu.edu.cn/Portal/GroupAssignments?id=1006",
    "timestamp" : 1522239741838,
    "action" : "request",
    "sequenceId" : 3,
    "id" : "20154564",
    "serverTimestamp" : 1522239741742
  }, {
    "tabId" : 35,
    "url" : "https://www.jianshu.com/p/362a53350b7e",
    "timestamp" : 1522239742851,
    "action" : "active",
    "sequenceId" : 3,
    "id" : "20154564",
    "serverTimestamp" : 1522239742755
  }, {
    "tabId" : 35,
    "url" : "https://blog.csdn.net/Zhanglinfeng_infi/article/details/79684927",
    "refer" : "https://uvp.neu.edu.cn/Portal/GroupAssignments?id=1006",
    "timestamp" : 1522239748714,
    "action" : "request",
    "sequenceId" : 3,
    "id" : "20154564",
    "serverTimestamp" : 1522239748643
  }, {
    "tabId" : 35,
    "url" : "https://blog.csdn.net/Zhanglinfeng_infi/article/details/79684927",
    "timestamp" : 1522239750990,
    "action" : "active",
    "sequenceId" : 3,
    "id" : "20154564",
    "serverTimestamp" : 1522239750892
  }, {
    "tabId" : 49,
    "url" : "https://github.com/NEUuvpGroup8/NEUSecretary",
    "timestamp" : 1522239808473,
    "action" : "active",
    "sequenceId" : 10,
    "id" : "20154564",
    "serverTimestamp" : 1522239808361
  }, {
    "tabId" : 49,
    "url" : "https://github.com/NEUuvpGroup8/NEUSecretary",
    "timestamp" : 1522239859637,
    "action" : "active",
    "sequenceId" : 10,
    "id" : "20154564",
    "serverTimestamp" : 1522239859543
  }, {
    "tabId" : 49,
    "url" : "https://github.com/NEUuvpGroup8/NEUSecretary",
    "timestamp" : 1522239861019,
    "action" : "active",
    "sequenceId" : 10,
    "id" : "20154564",
    "serverTimestamp" : 1522239860867
  }, {
    "tabId" : 49,
    "url" : "https://github.com/NEUuvpGroup8/NEUSecretary",
    "timestamp" : 1522239938226,
    "action" : "active",
    "sequenceId" : 10,
    "id" : "20154564",
    "serverTimestamp" : 1522239938060
  }, {
    "tabId" : 49,
    "url" : "https://github.com/NEUuvpGroup8/NEUSecretary/blob/master/README.md",
    "timestamp" : 1522240012580,
    "action" : "active",
    "sequenceId" : 10,
    "id" : "20154564",
    "serverTimestamp" : 1522240012384
  }, {
    "tabId" : 49,
    "url" : "https://github.com/NEUuvpGroup8/NEUSecretary/blob/master/README.md",
    "timestamp" : 1522240013837,
    "action" : "active",
    "sequenceId" : 10,
    "id" : "20154564",
    "serverTimestamp" : 1522240013641
  }, {
    "tabId" : 49,
    "url" : "https://github.com/NEUuvpGroup8/NEUSecretary/blob/master/README.md",
    "timestamp" : 1522240183733,
    "action" : "active",
    "sequenceId" : 10,
    "id" : "20154564",
    "serverTimestamp" : 1522240183501
  }, {
    "tabId" : 49,
    "url" : "https://github.com/NEUuvpGroup8/NEUSecretary/blob/master/README.md",
    "timestamp" : 1522240413719,
    "action" : "active",
    "sequenceId" : 10,
    "id" : "20154564",
    "serverTimestamp" : 1522240413417
  }, {
    "tabId" : 49,
    "url" : "https://github.com/NEUuvpGroup8/NEUSecretary",
    "timestamp" : 1522240423045,
    "action" : "active",
    "sequenceId" : 10,
    "id" : "20154564",
    "serverTimestamp" : 1522240422755
  }, {
    "tabId" : 49,
    "url" : "https://github.com/NEUuvpGroup8/NEUSecretary",
    "timestamp" : 1522240439361,
    "action" : "active",
    "sequenceId" : 10,
    "id" : "20154564",
    "serverTimestamp" : 1522240439076
  }, {
    "tabId" : 49,
    "url" : "https://github.com/NEUuvpGroup8/NEUSecretary",
    "timestamp" : 1522240447705,
    "action" : "active",
    "sequenceId" : 10,
    "id" : "20154564",
    "serverTimestamp" : 1522240447395
  }, {
    "tabId" : 49,
    "url" : "https://github.com/NEUuvpGroup8/NEUSecretary",
    "timestamp" : 1522240586049,
    "action" : "active",
    "sequenceId" : 10,
    "id" : "20154564",
    "serverTimestamp" : 1522240585693
  }, {
    "tabId" : 49,
    "url" : "https://github.com/NEUuvpGroup8/NEUSecretary",
    "timestamp" : 1522240586834,
    "action" : "active",
    "sequenceId" : 10,
    "id" : "20154564",
    "serverTimestamp" : 1522240586478
  }, {
    "tabId" : 49,
    "url" : "https://github.com/NEUuvpGroup8/NEUSecretary",
    "timestamp" : 1522240695676,
    "action" : "active",
    "sequenceId" : 10,
    "id" : "20154564",
    "serverTimestamp" : 1522240695301
  }, {
    "tabId" : 49,
    "url" : "https://github.com/NEUuvpGroup8/NEUSecretary",
    "timestamp" : 1522240824020,
    "action" : "active",
    "sequenceId" : 10,
    "id" : "20154564",
    "serverTimestamp" : 1522240823595
  }, {
    "tabId" : 53,
    "url" : "https://blog.csdn.net/mintcheese/article/details/79733358",
    "refer" : "https://uvp.neu.edu.cn/Portal/GroupAssignments?id=1006",
    "timestamp" : 1522241249857,
    "action" : "request",
    "sequenceId" : 8,
    "id" : "20154564",
    "serverTimestamp" : 1522241249381
  }, {
    "tabId" : 53,
    "url" : "https://blog.csdn.net/mintcheese/article/details/79733358",
    "timestamp" : 1522241252024,
    "action" : "active",
    "sequenceId" : 8,
    "id" : "20154564",
    "serverTimestamp" : 1522241251511
  }, {
    "tabId" : 53,
    "url" : "https://blog.csdn.net/mintcheese/article/details/79733358",
    "timestamp" : 1522241274555,
    "action" : "active",
    "sequenceId" : 8,
    "id" : "20154564",
    "serverTimestamp" : 1522241274061
  } ]
}, {
  "mergedAction" : "session",
  "mergedActions" : [ {
    "tabId" : 4,
    "url" : "https://blog.csdn.net/mintcheese/article/details/79733358",
    "refer" : "https://uvp.neu.edu.cn/Portal/GroupAssignments?id=1006",
    "timestamp" : 1522249040936,
    "action" : "request",
    "sequenceId" : 1,
    "id" : "20154564",
    "serverTimestamp" : 1522249041925
  }, {
    "tabId" : 4,
    "url" : "https://blog.csdn.net/mintcheese/article/details/79733358",
    "timestamp" : 1522249043107,
    "action" : "active",
    "sequenceId" : 1,
    "id" : "20154564",
    "serverTimestamp" : 1522249044183
  }, {
    "tabId" : 4,
    "url" : "https://ddqszcxy.github.io/002",
    "refer" : "https://uvp.neu.edu.cn/Portal/StudentAssignments?id=1005",
    "timestamp" : 1522249793243,
    "action" : "request",
    "sequenceId" : 1,
    "id" : "20154564",
    "serverTimestamp" : 1522249794261
  } ]
}, {
  "mergedAction" : "session",
  "mergedActions" : [ {
    "action" : "serp",
    "encrypted" : true,
    "urls" : [ "https://docs.microsoft.com/zh-cn/windows/uwp/design/controls-and-patterns/progress-controls", "https://docs.microsoft.com/en-us/uwp/api/windows.ui.xaml.controls.progressring", "https://blog.csdn.net/linwh8/article/details/64927137", "https://forums.xamarin.com/discussion/100973/activityindicator-rendered-as-a-progressring-in-uwp", "https://stackoverflow.com/q/44492397", "https://idiotwu.me/css3-progress-ring/", "https://www.bbsmax.com/R/rV57n3MLJP/", "https://www.bbsmax.com/R/kmzLoVRbdG/", "http://www.cnblogs.com/lonelyxmas/category/1083052.html", "http://ju.outofmemory.cn/entry/347590" ],
    "url" : "https://www.google.com.hk/search?newwindow=1&safe=strict&ei=mdi9WtDyKIzo0gS9qZWgCA&q=progressring%E5%A6%82%E4%BD%95%E6%B7%BB%E5%8A%A0%E7%99%BE%E5%88%86%E6%AF%94&oq=progressring%E5%A6%82%E4%BD%95%E6%B7%BB%E5%8A%A0%E7%99%BE%E5%88%86%E6%AF%94&gs_l=psy-ab.3...46346.58698.0.58866.32.20.0.0.0.0.0.0..0.0....0...1.1j4.64.psy-ab..32.0.0....0.4DHFdA57odg",
    "tabId" : 2,
    "sequenceId" : 1,
    "id" : "20154564",
    "timestamp" : 1522391265963,
    "serverTimestamp" : 1522391266729,
    "query" : "progressring如何添加百分比"
  } ]
}, {
  "mergedAction" : "session",
  "mergedActions" : [ {
    "tabId" : 2,
    "url" : "https://blog.csdn.net/troublor/article/details/79780303",
    "refer" : "https://uvp.neu.edu.cn/Portal/StudentAssignments?id=1007",
    "timestamp" : 1522590444035,
    "action" : "request",
    "sequenceId" : 1,
    "id" : "20154564",
    "serverTimestamp" : 1522590443705
  }, {
    "tabId" : 2,
    "url" : "https://blog.csdn.net/troublor/article/details/79780303",
    "timestamp" : 1522590467119,
    "action" : "active",
    "sequenceId" : 1,
    "id" : "20154564",
    "serverTimestamp" : 1522590466774
  }, {
    "tabId" : 2,
    "url" : "http://www.cnblogs.com/xxl-xxl/p/8687868.html",
    "refer" : "https://uvp.neu.edu.cn/Portal/StudentAssignments?id=1007",
    "timestamp" : 1522590487864,
    "action" : "request",
    "sequenceId" : 1,
    "id" : "20154564",
    "serverTimestamp" : 1522590487526
  }, {
    "tabId" : 2,
    "url" : "http://www.cnblogs.com/xxl-xxl/p/8687868.html",
    "timestamp" : 1522590488479,
    "action" : "active",
    "sequenceId" : 1,
    "id" : "20154564",
    "serverTimestamp" : 1522590488147
  }, {
    "tabId" : 2,
    "url" : "https://xfangfang.github.io/uwp/012",
    "refer" : "https://uvp.neu.edu.cn/Portal/StudentAssignments?id=1007",
    "timestamp" : 1522590514885,
    "action" : "request",
    "sequenceId" : 1,
    "id" : "20154564",
    "serverTimestamp" : 1522590514542
  }, {
    "tabId" : 2,
    "url" : "https://xfangfang.github.io/uwp/012",
    "timestamp" : 1522590519814,
    "action" : "active",
    "sequenceId" : 1,
    "id" : "20154564",
    "serverTimestamp" : 1522590519472
  }, {
    "tabId" : 2,
    "url" : "https://g1ntoki0522.github.io/2018/03/31/Naive-Media-Player/",
    "refer" : "https://uvp.neu.edu.cn/Portal/StudentAssignments?id=1007",
    "timestamp" : 1522591142609,
    "action" : "request",
    "sequenceId" : 1,
    "id" : "20154564",
    "serverTimestamp" : 1522591143557
  }, {
    "tabId" : 2,
    "url" : "https://g1ntoki0522.github.io/2018/03/31/Naive-Media-Player/",
    "timestamp" : 1522591148831,
    "action" : "active",
    "sequenceId" : 1,
    "id" : "20154564",
    "serverTimestamp" : 1522591149800
  }, {
    "action" : "serp",
    "encrypted" : true,
    "urls" : [ "https://blog.csdn.net/linwh8/article/details/70314698", "https://docs.microsoft.com/zh-cn/windows/uwp/audio-video-camera/play-audio-and-video-with-mediaplayer", "http://www.cnblogs.com/gnielee/archive/2010/05/06/wpf4-media-player-mediaelement.html", "http://www.cnblogs.com/tianma3798/p/5926249.html", "https://www.cnblogs.com/lovecsharp094/p/5628287.html", "https://www.cnblogs.com/TianFang/p/7827988.html", "https://www.bbsmax.com/R/mo5kj8ovJw/", "https://developer.qiniu.com/pili/kb/3848/web-player-is-recommended", "https://github.com/amamiya/SYEngine/blob/master/!GUIDE/Segment/Segment.md", "http://know.webhek.com/html5/html5-video-audio.html" ],
    "url" : "https://www.google.com.hk/search?q=%E7%94%A8mediaplayerelement%E5%86%99%E4%B8%80%E4%B8%AA%E6%92%AD%E6%94%BE%E5%99%A8&oq=%E7%94%A8mediaplayerelement%E5%86%99%E4%B8%80%E4%B8%AA%E6%92%AD%E6%94%BE%E5%99%A8&aqs=chrome..69i57.468833j0j7&sourceid=chrome&ie=UTF-8",
    "tabId" : 15,
    "sequenceId" : 5,
    "id" : "20154564",
    "timestamp" : 1522591988187,
    "serverTimestamp" : 1522591989164,
    "query" : "用mediaplayerelement写一个播放器"
  }, {
    "tabId" : 19,
    "url" : "https://blog.csdn.net/linwh8/article/details/70314698",
    "sourceTabId" : 15,
    "refer" : "https://www.google.com.hk/search?q=%E7%94%A8mediaplayerelement%E5%86%99%E4%B8%80%E4%B8%AA%E6%92%AD%E6%94%BE%E5%99%A8&oq=%E7%94%A8mediaplayerelement%E5%86%99%E4%B8%80%E4%B8%AA%E6%92%AD%E6%94%BE%E5%99%A8&aqs=chrome..69i57.468833j0j7&sourceid=chrome&ie=UTF-8",
    "timestamp" : 1522592017036,
    "action" : "request",
    "sequenceId" : 5,
    "id" : "20154564",
    "serverTimestamp" : 1522592018011
  }, {
    "tabId" : 19,
    "url" : "https://blog.csdn.net/linwh8/article/details/70314698",
    "timestamp" : 1522592021410,
    "action" : "active",
    "sequenceId" : 5,
    "id" : "20154564",
    "serverTimestamp" : 1522592022386
  }, {
    "tabId" : 21,
    "url" : "http://www.cnblogs.com/gnielee/archive/2010/05/06/wpf4-media-player-mediaelement.html",
    "sourceTabId" : 15,
    "refer" : "https://www.google.com.hk/search?q=%E7%94%A8mediaplayerelement%E5%86%99%E4%B8%80%E4%B8%AA%E6%92%AD%E6%94%BE%E5%99%A8&oq=%E7%94%A8mediaplayerelement%E5%86%99%E4%B8%80%E4%B8%AA%E6%92%AD%E6%94%BE%E5%99%A8&aqs=chrome..69i57.468833j0j7&sourceid=chrome&ie=UTF-8",
    "timestamp" : 1522592258195,
    "action" : "request",
    "sequenceId" : 5,
    "id" : "20154564",
    "serverTimestamp" : 1522592259182
  }, {
    "tabId" : 21,
    "url" : "http://www.cnblogs.com/gnielee/archive/2010/05/06/wpf4-media-player-mediaelement.html",
    "timestamp" : 1522592262472,
    "action" : "active",
    "sequenceId" : 5,
    "id" : "20154564",
    "serverTimestamp" : 1522592263457
  }, {
    "tabId" : 23,
    "url" : "http://www.cnblogs.com/tianma3798/p/5926249.html",
    "sourceTabId" : 15,
    "refer" : "https://www.google.com.hk/search?q=%E7%94%A8mediaplayerelement%E5%86%99%E4%B8%80%E4%B8%AA%E6%92%AD%E6%94%BE%E5%99%A8&oq=%E7%94%A8mediaplayerelement%E5%86%99%E4%B8%80%E4%B8%AA%E6%92%AD%E6%94%BE%E5%99%A8&aqs=chrome..69i57.468833j0j7&sourceid=chrome&ie=UTF-8",
    "timestamp" : 1522592318276,
    "action" : "request",
    "sequenceId" : 5,
    "id" : "20154564",
    "serverTimestamp" : 1522592319284
  }, {
    "tabId" : 23,
    "url" : "http://www.cnblogs.com/tianma3798/p/5926249.html",
    "timestamp" : 1522592318980,
    "action" : "active",
    "sequenceId" : 5,
    "id" : "20154564",
    "serverTimestamp" : 1522592319982
  }, {
    "tabId" : 23,
    "url" : "http://www.cnblogs.com/tianma3798/p/5926249.html",
    "timestamp" : 1522596550243,
    "action" : "active",
    "sequenceId" : 5,
    "id" : "20154564",
    "serverTimestamp" : 1522596550390
  }, {
    "tabId" : 25,
    "url" : "http://www.cnblogs.com/gnielee/archive/2010/05/06/wpf4-media-player-mediaelement.html",
    "sourceTabId" : 15,
    "refer" : "https://www.google.com.hk/search?q=%E7%94%A8mediaplayerelement%E5%86%99%E4%B8%80%E4%B8%AA%E6%92%AD%E6%94%BE%E5%99%A8&oq=%E7%94%A8mediaplayerelement%E5%86%99%E4%B8%80%E4%B8%AA%E6%92%AD%E6%94%BE%E5%99%A8&aqs=chrome..69i57.468833j0j7&sourceid=chrome&ie=UTF-8",
    "timestamp" : 1522596551306,
    "action" : "request",
    "sequenceId" : 5,
    "id" : "20154564",
    "serverTimestamp" : 1522596551559
  }, {
    "tabId" : 19,
    "url" : "https://blog.csdn.net/linwh8/article/details/70314698",
    "timestamp" : 1522596675749,
    "action" : "active",
    "sequenceId" : 5,
    "id" : "20154564",
    "serverTimestamp" : 1522596675896
  }, {
    "tabId" : 25,
    "url" : "http://www.cnblogs.com/gnielee/archive/2010/05/06/wpf4-media-player-mediaelement.html",
    "timestamp" : 1522596676799,
    "action" : "active",
    "sequenceId" : 5,
    "id" : "20154564",
    "serverTimestamp" : 1522596676954
  }, {
    "tabId" : 27,
    "url" : "https://blog.csdn.net/linwh8/article/details/70314698",
    "sourceTabId" : 15,
    "refer" : "https://www.google.com.hk/search?q=%E7%94%A8mediaplayerelement%E5%86%99%E4%B8%80%E4%B8%AA%E6%92%AD%E6%94%BE%E5%99%A8&oq=%E7%94%A8mediaplayerelement%E5%86%99%E4%B8%80%E4%B8%AA%E6%92%AD%E6%94%BE%E5%99%A8&aqs=chrome..69i57.468833j0j7&sourceid=chrome&ie=UTF-8",
    "timestamp" : 1522596710670,
    "action" : "request",
    "sequenceId" : 5,
    "id" : "20154564",
    "serverTimestamp" : 1522596710969
  }, {
    "tabId" : 27,
    "url" : "https://blog.csdn.net/linwh8/article/details/70314698",
    "timestamp" : 1522596715949,
    "action" : "active",
    "sequenceId" : 5,
    "id" : "20154564",
    "serverTimestamp" : 1522596716097
  }, {
    "tabId" : 27,
    "url" : "https://blog.csdn.net/lindexi_gd",
    "refer" : "https://blog.csdn.net/linwh8/article/details/70314698",
    "timestamp" : 1522596725674,
    "action" : "request",
    "sequenceId" : 5,
    "id" : "20154564",
    "serverTimestamp" : 1522596725881
  }, {
    "tabId" : 27,
    "url" : "https://blog.csdn.net/lindexi_gd",
    "timestamp" : 1522596727591,
    "action" : "active",
    "sequenceId" : 5,
    "id" : "20154564",
    "serverTimestamp" : 1522596727742
  }, {
    "tabId" : 27,
    "url" : "https://blog.csdn.net/linwh8/article/details/70314698",
    "refer" : "https://blog.csdn.net/lindexi_gd",
    "timestamp" : 1522596730376,
    "action" : "request",
    "sequenceId" : 5,
    "id" : "20154564",
    "serverTimestamp" : 1522596730539
  }, {
    "tabId" : 27,
    "url" : "https://blog.csdn.net/linwh8/article/details/70314698",
    "timestamp" : 1522596732510,
    "action" : "active",
    "sequenceId" : 5,
    "id" : "20154564",
    "serverTimestamp" : 1522596732703
  } ]
}, {
  "mergedAction" : "session",
  "mergedActions" : [ {
    "action" : "serp",
    "encrypted" : true,
    "urls" : [ "https://blog.csdn.net/linwh8/article/details/70314698", "https://docs.microsoft.com/zh-cn/windows/uwp/audio-video-camera/play-audio-and-video-with-mediaplayer", "http://www.cnblogs.com/gnielee/archive/2010/05/06/wpf4-media-player-mediaelement.html", "http://www.cnblogs.com/tianma3798/p/5926249.html", "https://www.cnblogs.com/lovecsharp094/p/5628287.html", "https://www.cnblogs.com/TianFang/p/7827988.html", "https://www.bbsmax.com/R/mo5kj8ovJw/", "https://developer.qiniu.com/pili/kb/3848/web-player-is-recommended", "https://github.com/amamiya/SYEngine/blob/master/!GUIDE/Segment/Segment.md", "http://know.webhek.com/html5/html5-video-audio.html" ],
    "url" : "https://www.google.com.hk/search?q=%E7%94%A8mediaplayerelement%E5%86%99%E4%B8%80%E4%B8%AA%E6%92%AD%E6%94%BE%E5%99%A8&oq=%E7%94%A8mediaplayerelement%E5%86%99%E4%B8%80%E4%B8%AA%E6%92%AD%E6%94%BE%E5%99%A8&aqs=chrome..69i57.468833j0j7&sourceid=chrome&ie=UTF-8",
    "tabId" : 21,
    "sequenceId" : 4,
    "id" : "20154564",
    "timestamp" : 1522597676865,
    "serverTimestamp" : 1522597675911,
    "query" : "用mediaplayerelement写一个播放器"
  }, {
    "tabId" : 29,
    "url" : "https://docs.microsoft.com/en-us/uwp/api/windows.ui.xaml.controls.mediaplayerelement",
    "sourceTabId" : 21,
    "refer" : "https://www.google.com.hk/search?newwindow=1&safe=strict&ei=Jv_AWpPBOIyF0QTOk5rQBg&q=mediaplayerelement&oq=mediaplayerelement&gs_l=psy-ab.3...42459.44709.0.44969.2.2.0.0.0.0.435.435.4-1.1.0....0...1.1.64.psy-ab..1.0.0....0.n9eyLKffl8Y",
    "timestamp" : 1522597725543,
    "action" : "request",
    "sequenceId" : 4,
    "id" : "20154564",
    "serverTimestamp" : 1522597724592
  }, {
    "action" : "serp",
    "encrypted" : true,
    "urls" : [ "https://docs.microsoft.com/en-us/uwp/api/windows.ui.xaml.controls.mediaplayerelement", "https://docs.microsoft.com/zh-cn/windows/uwp/audio-video-camera/play-audio-and-video-with-mediaplayer", "https://docs.microsoft.com/en-us/uwp/api/windows.ui.xaml.controls.mediaplayerelement.mediaplayer", "https://blog.csdn.net/linwh8/article/details/70314698", "https://stackoverflow.com/questions/44730683/uwp-mediaplayerelement-vs-mediaelement", "https://nicksnettravels.builttoroam.com/post/2017/10/22/Building-Media-Applications-for-the-Universal-Windows-Platform-(UWP)-using-the-MediaPlayerElement.aspx", "https://nicksnettravels.builttoroam.com/post/2017/11/05/Styling-the-MediaPlayerElement-and-MediaTransportControls-in-a-Universal-Windows-Platform-(UWP)-Application.aspx", "https://github.com/kakone/VLC.MediaElement/issues/50", "https://github.com/Microsoft/FFmpegInterop/issues/160", "https://www.youtube.com/watch?v=s1inSEf0ZGk" ],
    "url" : "https://www.google.com.hk/search?newwindow=1&safe=strict&ei=Jv_AWpPBOIyF0QTOk5rQBg&q=mediaplayerelement&oq=mediaplayerelement&gs_l=psy-ab.3...42459.44709.0.44969.2.2.0.0.0.0.435.435.4-1.1.0....0...1.1.64.psy-ab..1.0.0....0.n9eyLKffl8Y",
    "tabId" : 21,
    "sequenceId" : 4,
    "id" : "20154564",
    "timestamp" : 1522597725862,
    "serverTimestamp" : 1522597724911,
    "query" : "mediaplayerelement"
  }, {
    "tabId" : 29,
    "url" : "https://docs.microsoft.com/en-us/uwp/api/windows.ui.xaml.controls.mediaplayerelement",
    "timestamp" : 1522597858317,
    "action" : "active",
    "sequenceId" : 4,
    "id" : "20154564",
    "serverTimestamp" : 1522597857395
  }, {
    "tabId" : 31,
    "url" : "https://docs.microsoft.com/en-us/uwp/api/windows.ui.xaml.controls.mediaplayerelement",
    "sourceTabId" : 21,
    "refer" : "https://www.google.com.hk/search?newwindow=1&safe=strict&ei=Jv_AWpPBOIyF0QTOk5rQBg&q=mediaplayerelement&oq=mediaplayerelement&gs_l=psy-ab.3...42459.44709.0.44969.2.2.0.0.0.0.435.435.4-1.1.0....0...1.1.64.psy-ab..1.0.0....0.n9eyLKffl8Y",
    "timestamp" : 1522598075694,
    "action" : "request",
    "sequenceId" : 4,
    "id" : "20154564",
    "serverTimestamp" : 1522598074756
  }, {
    "tabId" : 31,
    "url" : "https://docs.microsoft.com/en-us/uwp/api/windows.ui.xaml.controls.mediaplayerelement",
    "timestamp" : 1522598078151,
    "action" : "active",
    "sequenceId" : 4,
    "id" : "20154564",
    "serverTimestamp" : 1522598077212
  }, {
    "tabId" : 29,
    "url" : "https://docs.microsoft.com/en-us/uwp/api/windows.ui.xaml.controls.mediaplayerelement",
    "timestamp" : 1522598091597,
    "action" : "active",
    "sequenceId" : 4,
    "id" : "20154564",
    "serverTimestamp" : 1522598090659
  }, {
    "tabId" : 31,
    "url" : "https://docs.microsoft.com/en-us/uwp/api/windows.ui.xaml.controls.mediaplayerelement",
    "timestamp" : 1522598285888,
    "action" : "active",
    "sequenceId" : 4,
    "id" : "20154564",
    "serverTimestamp" : 1522598284959
  }, {
    "tabId" : 31,
    "url" : "https://docs.microsoft.com/en-us/uwp/api/windows.ui.xaml.controls.mediaplayerelement",
    "timestamp" : 1522598292800,
    "action" : "active",
    "sequenceId" : 4,
    "id" : "20154564",
    "serverTimestamp" : 1522598291870
  }, {
    "tabId" : 33,
    "url" : "https://docs.microsoft.com/zh-cn/windows/uwp/audio-video-camera/play-audio-and-video-with-mediaplayer",
    "sourceTabId" : 21,
    "refer" : "https://www.google.com.hk/search?newwindow=1&safe=strict&ei=Jv_AWpPBOIyF0QTOk5rQBg&q=mediaplayerelement&oq=mediaplayerelement&gs_l=psy-ab.3...42459.44709.0.44969.2.2.0.0.0.0.435.435.4-1.1.0....0...1.1.64.psy-ab..1.0.0....0.n9eyLKffl8Y",
    "timestamp" : 1522598301485,
    "action" : "request",
    "sequenceId" : 4,
    "id" : "20154564",
    "serverTimestamp" : 1522598300555
  }, {
    "tabId" : 33,
    "url" : "https://docs.microsoft.com/zh-cn/windows/uwp/audio-video-camera/play-audio-and-video-with-mediaplayer",
    "timestamp" : 1522598302737,
    "action" : "active",
    "sequenceId" : 4,
    "id" : "20154564",
    "serverTimestamp" : 1522598301809
  }, {
    "tabId" : 35,
    "url" : "https://docs.microsoft.com/en-us/uwp/api/windows.ui.xaml.controls.mediaplayerelement",
    "sourceTabId" : 21,
    "refer" : "https://www.google.com.hk/search?newwindow=1&safe=strict&ei=Jv_AWpPBOIyF0QTOk5rQBg&q=mediaplayerelement&oq=mediaplayerelement&gs_l=psy-ab.3...42459.44709.0.44969.2.2.0.0.0.0.435.435.4-1.1.0....0...1.1.64.psy-ab..1.0.0....0.n9eyLKffl8Y",
    "timestamp" : 1522598319861,
    "action" : "request",
    "sequenceId" : 4,
    "id" : "20154564",
    "serverTimestamp" : 1522598318950
  }, {
    "tabId" : 35,
    "url" : "https://docs.microsoft.com/en-us/uwp/api/windows.ui.xaml.controls.mediaplayerelement",
    "timestamp" : 1522598321448,
    "action" : "active",
    "sequenceId" : 4,
    "id" : "20154564",
    "serverTimestamp" : 1522598320518
  }, {
    "tabId" : 35,
    "url" : "https://docs.microsoft.com/en-us/uwp/api/windows.ui.xaml.controls.mediaplayerelement",
    "timestamp" : 1522598412606,
    "action" : "active",
    "sequenceId" : 4,
    "id" : "20154564",
    "serverTimestamp" : 1522598411692
  }, {
    "tabId" : 37,
    "url" : "https://docs.microsoft.com/en-us/uwp/api/windows.ui.xaml.controls.mediaelement",
    "timestamp" : 1522598452648,
    "action" : "active",
    "sequenceId" : 5,
    "id" : "20154564",
    "serverTimestamp" : 1522598487093
  }, {
    "tabId" : 37,
    "url" : "https://docs.microsoft.com/en-us/uwp/api/windows.storage.pickers.fileopenpicker",
    "refer" : "https://docs.microsoft.com/en-us/uwp/api/windows.ui.xaml.controls.mediaelement",
    "timestamp" : 1522598487518,
    "action" : "request",
    "sequenceId" : 5,
    "id" : "20154564",
    "serverTimestamp" : 1522598487092
  }, {
    "tabId" : 37,
    "url" : "https://docs.microsoft.com/en-us/uwp/api/windows.storage.pickers.fileopenpicker",
    "timestamp" : 1522598489661,
    "action" : "active",
    "sequenceId" : 5,
    "id" : "20154564",
    "serverTimestamp" : 1522598488746
  }, {
    "tabId" : 37,
    "url" : "https://docs.microsoft.com/en-us/uwp/api/windows.storage.pickers.fileopenpicker",
    "timestamp" : 1522598491778,
    "action" : "active",
    "sequenceId" : 5,
    "id" : "20154564",
    "serverTimestamp" : 1522598490858
  }, {
    "tabId" : 31,
    "url" : "https://docs.microsoft.com/en-us/uwp/api/windows.ui.xaml.controls.mediaplayerelement",
    "timestamp" : 1522598498234,
    "action" : "active",
    "sequenceId" : 4,
    "id" : "20154564",
    "serverTimestamp" : 1522598497314
  }, {
    "tabId" : 39,
    "url" : "https://docs.microsoft.com/en-us/uwp/api/windows.ui.xaml.controls.mediaelement",
    "timestamp" : 1522598511478,
    "action" : "active",
    "sequenceId" : 7,
    "id" : "20154564",
    "serverTimestamp" : 1522598525658
  }, {
    "tabId" : 39,
    "url" : "https://docs.microsoft.com/zh-cn/windows/uwp/files/quickstart-managing-folders-in-the-music-pictures-and-videos-libraries",
    "refer" : "https://docs.microsoft.com/en-us/uwp/api/windows.ui.xaml.controls.mediaelement",
    "timestamp" : 1522598525769,
    "action" : "request",
    "sequenceId" : 7,
    "id" : "20154564",
    "serverTimestamp" : 1522598525656
  }, {
    "tabId" : 39,
    "url" : "https://docs.microsoft.com/zh-cn/windows/uwp/files/quickstart-managing-folders-in-the-music-pictures-and-videos-libraries",
    "timestamp" : 1522598527200,
    "action" : "active",
    "sequenceId" : 7,
    "id" : "20154564",
    "serverTimestamp" : 1522598526281
  }, {
    "tabId" : 39,
    "url" : "https://docs.microsoft.com/en-us/uwp/api/windows.ui.xaml.controls.mediaelement",
    "timestamp" : 1522598572166,
    "action" : "active",
    "sequenceId" : 7,
    "id" : "20154564",
    "serverTimestamp" : 1522598571249
  }, {
    "tabId" : 39,
    "url" : "https://docs.microsoft.com/zh-cn/windows/uwp/files/quickstart-managing-folders-in-the-music-pictures-and-videos-libraries",
    "refer" : "https://docs.microsoft.com/en-us/uwp/api/windows.ui.xaml.controls.mediaelement",
    "timestamp" : 1522598585162,
    "action" : "request",
    "sequenceId" : 7,
    "id" : "20154564",
    "serverTimestamp" : 1522598584247
  }, {
    "tabId" : 39,
    "url" : "https://docs.microsoft.com/zh-cn/windows/uwp/files/quickstart-managing-folders-in-the-music-pictures-and-videos-libraries",
    "timestamp" : 1522598586483,
    "action" : "active",
    "sequenceId" : 7,
    "id" : "20154564",
    "serverTimestamp" : 1522598585583
  }, {
    "tabId" : 39,
    "url" : "https://docs.microsoft.com/zh-cn/windows/uwp/threading-async/call-asynchronous-apis-in-csharp-or-visual-basic",
    "refer" : "https://docs.microsoft.com/zh-cn/windows/uwp/files/quickstart-managing-folders-in-the-music-pictures-and-videos-libraries",
    "timestamp" : 1522598596822,
    "action" : "request",
    "sequenceId" : 7,
    "id" : "20154564",
    "serverTimestamp" : 1522598595933
  }, {
    "tabId" : 39,
    "url" : "https://docs.microsoft.com/zh-cn/windows/uwp/threading-async/call-asynchronous-apis-in-csharp-or-visual-basic",
    "timestamp" : 1522598597988,
    "action" : "active",
    "sequenceId" : 7,
    "id" : "20154564",
    "serverTimestamp" : 1522598597072
  }, {
    "tabId" : 39,
    "url" : "https://docs.microsoft.com/zh-cn/windows/uwp/files/quickstart-managing-folders-in-the-music-pictures-and-videos-libraries",
    "refer" : "https://docs.microsoft.com/zh-cn/windows/uwp/threading-async/call-asynchronous-apis-in-csharp-or-visual-basic",
    "timestamp" : 1522598601545,
    "action" : "request",
    "sequenceId" : 7,
    "id" : "20154564",
    "serverTimestamp" : 1522598600629
  }, {
    "tabId" : 39,
    "url" : "https://docs.microsoft.com/zh-cn/windows/uwp/files/quickstart-managing-folders-in-the-music-pictures-and-videos-libraries",
    "timestamp" : 1522598602582,
    "action" : "active",
    "sequenceId" : 7,
    "id" : "20154564",
    "serverTimestamp" : 1522598601687
  }, {
    "tabId" : 31,
    "url" : "https://docs.microsoft.com/en-us/uwp/api/windows.ui.xaml.controls.mediaplayerelement",
    "timestamp" : 1522598941414,
    "action" : "active",
    "sequenceId" : 4,
    "id" : "20154564",
    "serverTimestamp" : 1522598940513
  }, {
    "tabId" : 33,
    "url" : "https://docs.microsoft.com/zh-cn/windows/uwp/audio-video-camera/play-audio-and-video-with-mediaplayer",
    "timestamp" : 1522598959887,
    "action" : "active",
    "sequenceId" : 4,
    "id" : "20154564",
    "serverTimestamp" : 1522598958987
  } ]
}, {
  "mergedAction" : "session",
  "mergedActions" : [ {
    "tabId" : 2,
    "url" : "https://msdn.microsoft.com/library/windows/apps/windows.ui.xaml.controls.image.aspx",
    "timestamp" : 1522638872567,
    "action" : "active",
    "sequenceId" : 1,
    "id" : "20154564",
    "serverTimestamp" : 1522639947772
  }, {
    "tabId" : 4,
    "url" : "https://docs.microsoft.com/en-us/uwp/api/windows.ui.xaml.controls.mediaelement",
    "timestamp" : 1522639745405,
    "action" : "active",
    "sequenceId" : 2,
    "id" : "20154564",
    "serverTimestamp" : 1522644065257
  }, {
    "tabId" : 2,
    "url" : "https://msdn.microsoft.com/library/windows/apps/windows.ui.xaml.controls.image.aspx",
    "timestamp" : 1522639933916,
    "action" : "active",
    "sequenceId" : 1,
    "id" : "20154564",
    "serverTimestamp" : 1522639947772
  }, {
    "tabId" : 2,
    "url" : "https://g1ntoki0522.github.io/2018/03/31/Naive-Media-Player/",
    "refer" : "https://uvp.neu.edu.cn/Portal/StudentAssignments?id=1007",
    "timestamp" : 1522639963016,
    "action" : "request",
    "sequenceId" : 1,
    "id" : "20154564",
    "serverTimestamp" : 1522639963990
  }, {
    "tabId" : 2,
    "url" : "https://g1ntoki0522.github.io/2018/03/31/Naive-Media-Player/",
    "timestamp" : 1522639967696,
    "action" : "active",
    "sequenceId" : 1,
    "id" : "20154564",
    "serverTimestamp" : 1522639968670
  }, {
    "tabId" : 8,
    "url" : "https://blog.csdn.net/linwh8/article/details/70314698",
    "sourceTabId" : 2,
    "refer" : "https://g1ntoki0522.github.io/2018/03/31/Naive-Media-Player/",
    "timestamp" : 1522640401914,
    "action" : "request",
    "sequenceId" : 1,
    "id" : "20154564",
    "serverTimestamp" : 1522640402907
  }, {
    "tabId" : 8,
    "url" : "https://blog.csdn.net/linwh8/article/details/70314698",
    "timestamp" : 1522640404094,
    "action" : "active",
    "sequenceId" : 1,
    "id" : "20154564",
    "serverTimestamp" : 1522640405086
  }, {
    "tabId" : 4,
    "url" : "https://docs.microsoft.com/en-us/uwp/api/windows.ui.xaml.controls.mediaelement",
    "timestamp" : 1522640432929,
    "action" : "active",
    "sequenceId" : 2,
    "id" : "20154564",
    "serverTimestamp" : 1522644065257
  }, {
    "tabId" : 8,
    "url" : "https://blog.csdn.net/linwh8/article/details/70314698",
    "timestamp" : 1522640433936,
    "action" : "active",
    "sequenceId" : 1,
    "id" : "20154564",
    "serverTimestamp" : 1522640434942
  }, {
    "tabId" : 2,
    "url" : "https://g1ntoki0522.github.io/2018/03/31/Naive-Media-Player/",
    "timestamp" : 1522640434685,
    "action" : "active",
    "sequenceId" : 1,
    "id" : "20154564",
    "serverTimestamp" : 1522640435680
  }, {
    "tabId" : 4,
    "url" : "https://docs.microsoft.com/en-us/uwp/api/windows.ui.xaml.controls.mediaelement",
    "timestamp" : 1522640585686,
    "action" : "active",
    "sequenceId" : 2,
    "id" : "20154564",
    "serverTimestamp" : 1522644065257
  }, {
    "tabId" : 4,
    "url" : "https://docs.microsoft.com/en-us/uwp/api/windows.ui.xaml.controls.mediaelement",
    "timestamp" : 1522640601667,
    "action" : "active",
    "sequenceId" : 2,
    "id" : "20154564",
    "serverTimestamp" : 1522644065257
  }, {
    "tabId" : 4,
    "url" : "https://docs.microsoft.com/en-us/uwp/api/windows.ui.xaml.controls.mediaelement",
    "timestamp" : 1522640608245,
    "action" : "active",
    "sequenceId" : 2,
    "id" : "20154564",
    "serverTimestamp" : 1522644065257
  }, {
    "tabId" : 8,
    "url" : "https://blog.csdn.net/linwh8/article/details/70314698",
    "timestamp" : 1522641000546,
    "action" : "active",
    "sequenceId" : 1,
    "id" : "20154564",
    "serverTimestamp" : 1522641001576
  }, {
    "tabId" : 2,
    "url" : "https://g1ntoki0522.github.io/2018/03/31/Naive-Media-Player/",
    "timestamp" : 1522641116714,
    "action" : "active",
    "sequenceId" : 1,
    "id" : "20154564",
    "serverTimestamp" : 1522641117737
  }, {
    "tabId" : 8,
    "url" : "https://blog.csdn.net/linwh8/article/details/70314698",
    "timestamp" : 1522641201430,
    "action" : "active",
    "sequenceId" : 1,
    "id" : "20154564",
    "serverTimestamp" : 1522641202458
  }, {
    "tabId" : 2,
    "url" : "https://g1ntoki0522.github.io/2018/03/31/Naive-Media-Player/",
    "timestamp" : 1522641217122,
    "action" : "active",
    "sequenceId" : 1,
    "id" : "20154564",
    "serverTimestamp" : 1522641218152
  }, {
    "tabId" : 2,
    "url" : "https://blog.csdn.net/troublor/article/details/79780303",
    "refer" : "https://uvp.neu.edu.cn/Portal/StudentAssignments?id=1007",
    "timestamp" : 1522641222933,
    "action" : "request",
    "sequenceId" : 1,
    "id" : "20154564",
    "serverTimestamp" : 1522641223960
  }, {
    "tabId" : 2,
    "url" : "https://blog.csdn.net/troublor/article/details/79780303",
    "timestamp" : 1522641225432,
    "action" : "active",
    "sequenceId" : 1,
    "id" : "20154564",
    "serverTimestamp" : 1522641226459
  }, {
    "tabId" : 14,
    "url" : "https://docs.microsoft.com/en-us/uwp/api/windows.ui.xaml.controls.mediaelement",
    "sourceTabId" : 2,
    "refer" : "https://blog.csdn.net/troublor/article/details/79780303",
    "timestamp" : 1522641340006,
    "action" : "request",
    "sequenceId" : 1,
    "id" : "20154564",
    "serverTimestamp" : 1522641341038
  }, {
    "tabId" : 14,
    "url" : "https://docs.microsoft.com/en-us/uwp/api/windows.ui.xaml.controls.mediaelement",
    "timestamp" : 1522641342648,
    "action" : "active",
    "sequenceId" : 1,
    "id" : "20154564",
    "serverTimestamp" : 1522641343679
  }, {
    "tabId" : 14,
    "url" : "https://docs.microsoft.com/en-us/uwp/api/windows.ui.xaml.controls.mediaelement.postersource#Windows_UI_Xaml_Controls_MediaElement_PosterSource",
    "refer" : "https://docs.microsoft.com/en-us/uwp/api/windows.ui.xaml.controls.mediaelement",
    "timestamp" : 1522641426502,
    "action" : "request",
    "sequenceId" : 1,
    "id" : "20154564",
    "serverTimestamp" : 1522641427576
  }, {
    "tabId" : 14,
    "url" : "https://docs.microsoft.com/en-us/uwp/api/windows.ui.xaml.controls.mediaelement.postersource#Windows_UI_Xaml_Controls_MediaElement_PosterSource",
    "timestamp" : 1522641469765,
    "action" : "active",
    "sequenceId" : 1,
    "id" : "20154564",
    "serverTimestamp" : 1522641470808
  }, {
    "tabId" : 2,
    "url" : "https://blog.csdn.net/troublor/article/details/79780303",
    "timestamp" : 1522641532105,
    "action" : "active",
    "sequenceId" : 1,
    "id" : "20154564",
    "serverTimestamp" : 1522641533148
  }, {
    "tabId" : 4,
    "url" : "https://docs.microsoft.com/en-us/uwp/api/windows.ui.xaml.controls.mediaelement",
    "timestamp" : 1522641545289,
    "action" : "active",
    "sequenceId" : 2,
    "id" : "20154564",
    "serverTimestamp" : 1522644065257
  }, {
    "tabId" : 14,
    "url" : "https://docs.microsoft.com/en-us/uwp/api/windows.ui.xaml.controls.mediaelement.postersource#Windows_UI_Xaml_Controls_MediaElement_PosterSource",
    "timestamp" : 1522641568208,
    "action" : "active",
    "sequenceId" : 1,
    "id" : "20154564",
    "serverTimestamp" : 1522641569254
  }, {
    "tabId" : 14,
    "url" : "https://docs.microsoft.com/en-us/uwp/api/windows.ui.xaml.controls.mediaelement.postersource#Windows_UI_Xaml_Controls_MediaElement_PosterSource",
    "refer" : "https://docs.microsoft.com/en-us/uwp/api/windows.ui.xaml.controls.mediaelement.postersourceproperty",
    "timestamp" : 1522641691495,
    "action" : "request",
    "sequenceId" : 1,
    "id" : "20154564",
    "serverTimestamp" : 1522641692541
  }, {
    "tabId" : 2,
    "url" : "https://blog.csdn.net/troublor/article/details/79780303",
    "timestamp" : 1522641762724,
    "action" : "active",
    "sequenceId" : 1,
    "id" : "20154564",
    "serverTimestamp" : 1522641763780
  }, {
    "tabId" : 8,
    "url" : "https://blog.csdn.net/linwh8/article/details/70314698",
    "timestamp" : 1522641776118,
    "action" : "active",
    "sequenceId" : 1,
    "id" : "20154564",
    "serverTimestamp" : 1522641777179
  }, {
    "tabId" : 14,
    "url" : "https://docs.microsoft.com/en-us/uwp/api/windows.ui.xaml.controls.mediaelement.postersource#Windows_UI_Xaml_Controls_MediaElement_PosterSource",
    "timestamp" : 1522641776921,
    "action" : "active",
    "sequenceId" : 1,
    "id" : "20154564",
    "serverTimestamp" : 1522641777972
  }, {
    "tabId" : 14,
    "url" : "https://docs.microsoft.com/en-us/uwp/api/windows.ui.xaml.controls.mediaelement.postersource#Windows_UI_Xaml_Controls_MediaElement_PosterSource",
    "timestamp" : 1522641809729,
    "action" : "active",
    "sequenceId" : 1,
    "id" : "20154564",
    "serverTimestamp" : 1522641810781
  }, {
    "tabId" : 2,
    "url" : "https://blog.csdn.net/troublor/article/details/79780303",
    "timestamp" : 1522641813862,
    "action" : "active",
    "sequenceId" : 1,
    "id" : "20154564",
    "serverTimestamp" : 1522641814922
  }, {
    "tabId" : 8,
    "url" : "https://blog.csdn.net/linwh8/article/details/70314698",
    "timestamp" : 1522641930894,
    "action" : "active",
    "sequenceId" : 1,
    "id" : "20154564",
    "serverTimestamp" : 1522641930950
  }, {
    "tabId" : 14,
    "url" : "https://docs.microsoft.com/en-us/uwp/api/windows.ui.xaml.controls.mediaelement.postersource#Windows_UI_Xaml_Controls_MediaElement_PosterSource",
    "timestamp" : 1522641932063,
    "action" : "active",
    "sequenceId" : 1,
    "id" : "20154564",
    "serverTimestamp" : 1522641932119
  }, {
    "tabId" : 2,
    "url" : "https://blog.csdn.net/troublor/article/details/79780303",
    "timestamp" : 1522642285784,
    "action" : "active",
    "sequenceId" : 1,
    "id" : "20154564",
    "serverTimestamp" : 1522642286777
  }, {
    "tabId" : 2,
    "url" : "http://www.cnblogs.com/xxl-xxl/p/8687868.html",
    "refer" : "https://uvp.neu.edu.cn/Portal/StudentAssignments?id=1007",
    "timestamp" : 1522642296870,
    "action" : "request",
    "sequenceId" : 1,
    "id" : "20154564",
    "serverTimestamp" : 1522642297862
  }, {
    "tabId" : 2,
    "url" : "http://www.cnblogs.com/xxl-xxl/p/8687868.html",
    "timestamp" : 1522642297474,
    "action" : "active",
    "sequenceId" : 1,
    "id" : "20154564",
    "serverTimestamp" : 1522642298471
  }, {
    "action" : "serp",
    "encrypted" : true,
    "urls" : [ "https://msdn.microsoft.com/zh-cn/library/system.windows.verticalalignment(v=vs.110).aspx", "https://msdn.microsoft.com/zh-cn/library/system.windows.frameworkelement.verticalalignment(v=vs.110).aspx", "https://docs.microsoft.com/en-us/uwp/api/windows.ui.xaml.verticalalignment", "https://msdn.microsoft.com/en-us/vba/excel-vba/articles/cellformat-verticalalignment-property-excel", "https://msdn.microsoft.com/en-us/library/microsoft.office.tools.excel.namedrange.verticalalignment.aspx", "https://docs.nativescript.org/api-reference/modules/_ui_enums_.verticalalignment", "https://www.dotnetperls.com/horizontalalignment-wpf", "https://getbootstrap.com/docs/4.0/utilities/vertical-align/", "https://developer.mozilla.org/en-US/docs/Web/CSS/vertical-align", "https://poi.apache.org/apidocs/org/apache/poi/ss/usermodel/VerticalAlignment.html" ],
    "url" : "https://www.google.com.hk/search?q=verticlealignment&oq=verticlealignment&aqs=chrome..69i57.6060j0j9&sourceid=chrome&ie=UTF-8",
    "tabId" : 10,
    "sequenceId" : 3,
    "id" : "20154564",
    "timestamp" : 1522643340206,
    "serverTimestamp" : 1522643340241,
    "query" : "verticlealignment"
  }, {
    "tabId" : 14,
    "url" : "https://docs.microsoft.com/en-us/uwp/api/windows.ui.xaml.controls.mediaelement.postersource#Windows_UI_Xaml_Controls_MediaElement_PosterSource",
    "timestamp" : 1522643931672,
    "action" : "active",
    "sequenceId" : 1,
    "id" : "20154564",
    "serverTimestamp" : 1522643931745
  }, {
    "tabId" : 2,
    "url" : "http://www.cnblogs.com/xxl-xxl/p/8687868.html",
    "timestamp" : 1522643932810,
    "action" : "active",
    "sequenceId" : 1,
    "id" : "20154564",
    "serverTimestamp" : 1522643932877
  }, {
    "tabId" : 2,
    "url" : "http://caige.group/2018/04/02/Naive-Media-Player/",
    "refer" : "https://uvp.neu.edu.cn/Portal/StudentAssignments?id=1007",
    "timestamp" : 1522643937808,
    "action" : "request",
    "sequenceId" : 1,
    "id" : "20154564",
    "serverTimestamp" : 1522643937893
  }, {
    "tabId" : 2,
    "url" : "http://caige.group/2018/04/02/Naive-Media-Player/",
    "timestamp" : 1522643941949,
    "action" : "active",
    "sequenceId" : 1,
    "id" : "20154564",
    "serverTimestamp" : 1522643942012
  }, {
    "tabId" : 4,
    "url" : "https://docs.microsoft.com/en-us/uwp/api/windows.ui.xaml.controls.mediaelement",
    "timestamp" : 1522644054307,
    "action" : "active",
    "sequenceId" : 2,
    "id" : "20154564",
    "serverTimestamp" : 1522644065257
  }, {
    "tabId" : 4,
    "url" : "https://docs.microsoft.com/en-us/uwp/api/windows.ui.xaml.controls.mediaplayerelement",
    "refer" : "https://docs.microsoft.com/en-us/uwp/api/windows.ui.xaml.controls.mediaelement",
    "timestamp" : 1522644064114,
    "action" : "request",
    "sequenceId" : 2,
    "id" : "20154564",
    "serverTimestamp" : 1522644065256
  }, {
    "tabId" : 4,
    "url" : "https://docs.microsoft.com/en-us/uwp/api/windows.ui.xaml.controls.mediaplayerpresenter",
    "refer" : "https://docs.microsoft.com/en-us/uwp/api/windows.ui.xaml.controls.mediaplayerelement",
    "timestamp" : 1522644083944,
    "action" : "request",
    "sequenceId" : 2,
    "id" : "20154564",
    "serverTimestamp" : 1522644084010
  }, {
    "tabId" : 4,
    "url" : "https://docs.microsoft.com/en-us/uwp/api/windows.ui.xaml.controls.progressbar",
    "refer" : "https://docs.microsoft.com/en-us/uwp/api/windows.ui.xaml.controls.mediaplayerpresenter",
    "timestamp" : 1522644098025,
    "action" : "request",
    "sequenceId" : 2,
    "id" : "20154564",
    "serverTimestamp" : 1522644098092
  }, {
    "tabId" : 4,
    "url" : "https://docs.microsoft.com/en-us/uwp/api/windows.ui.xaml.controls.progressbar",
    "timestamp" : 1522644191679,
    "action" : "active",
    "sequenceId" : 2,
    "id" : "20154564",
    "serverTimestamp" : 1522644191752
  }, {
    "tabId" : 4,
    "url" : "https://docs.microsoft.com/en-us/uwp/api/windows.ui.xaml.controls.progressbar",
    "timestamp" : 1522644430620,
    "action" : "active",
    "sequenceId" : 2,
    "id" : "20154564",
    "serverTimestamp" : 1522644430702
  }, {
    "tabId" : 2,
    "url" : "http://caige.group/2018/04/02/Naive-Media-Player/",
    "timestamp" : 1522645411128,
    "action" : "active",
    "sequenceId" : 1,
    "id" : "20154564",
    "serverTimestamp" : 1522645411251
  }, {
    "tabId" : 2,
    "url" : "http://www.cnblogs.com/xxl-xxl/p/8687868.html",
    "refer" : "https://uvp.neu.edu.cn/Portal/StudentAssignments?id=1007",
    "timestamp" : 1522645418741,
    "action" : "request",
    "sequenceId" : 1,
    "id" : "20154564",
    "serverTimestamp" : 1522645418865
  }, {
    "tabId" : 2,
    "url" : "http://www.cnblogs.com/xxl-xxl/p/8687868.html",
    "timestamp" : 1522645419049,
    "action" : "active",
    "sequenceId" : 1,
    "id" : "20154564",
    "serverTimestamp" : 1522645419172
  }, {
    "tabId" : 2,
    "url" : "https://www.cnblogs.com/T-ARF/p/6727157.html",
    "refer" : "http://www.cnblogs.com/xxl-xxl/p/8687868.html",
    "timestamp" : 1522646072208,
    "action" : "request",
    "sequenceId" : 1,
    "id" : "20154564",
    "serverTimestamp" : 1522646072360
  }, {
    "tabId" : 2,
    "url" : "https://www.cnblogs.com/T-ARF/p/6727157.html",
    "timestamp" : 1522646073650,
    "action" : "active",
    "sequenceId" : 1,
    "id" : "20154564",
    "serverTimestamp" : 1522646073800
  }, {
    "tabId" : 2,
    "url" : "http://www.cnblogs.com/xxl-xxl/p/8687868.html",
    "refer" : "https://www.cnblogs.com/T-ARF/p/6727157.html",
    "timestamp" : 1522646084402,
    "action" : "request",
    "sequenceId" : 1,
    "id" : "20154564",
    "serverTimestamp" : 1522646084572
  }, {
    "tabId" : 2,
    "url" : "http://www.cnblogs.com/xxl-xxl/p/8687868.html",
    "timestamp" : 1522646084834,
    "action" : "active",
    "sequenceId" : 1,
    "id" : "20154564",
    "serverTimestamp" : 1522646084994
  } ]
}, {
  "mergedAction" : "session",
  "mergedActions" : [ {
    "tabId" : 2,
    "url" : "http://www.cnblogs.com/xxl-xxl/p/8687868.html",
    "refer" : "https://uvp.neu.edu.cn/Portal/StudentAssignments?id=1007",
    "timestamp" : 1522656057671,
    "action" : "request",
    "sequenceId" : 1,
    "id" : "20154564",
    "serverTimestamp" : 1522656057415
  }, {
    "tabId" : 2,
    "url" : "http://www.cnblogs.com/xxl-xxl/p/8687868.html",
    "timestamp" : 1522656058454,
    "action" : "active",
    "sequenceId" : 1,
    "id" : "20154564",
    "serverTimestamp" : 1522656058173
  } ]
}, {
  "mergedAction" : "session",
  "mergedActions" : [ {
    "tabId" : 9,
    "url" : "https://docs.microsoft.com/en-us/uwp/api/windows.ui.xaml.controls.mediaelement",
    "timestamp" : 1522680716229,
    "action" : "active",
    "sequenceId" : 4,
    "id" : "20154564",
    "serverTimestamp" : 1522680716029
  }, {
    "action" : "serp",
    "encrypted" : true,
    "urls" : [ "https://msdn.microsoft.com/zh-cn/windows.ui.xaml.controls.mediaelement.aretransportcontrolsenabled", "https://docs.microsoft.com/en-us/uwp/api/windows.ui.xaml.controls.mediaelement", "https://docs.microsoft.com/en-us/uwp/api/windows.ui.xaml.controls.mediaplayerelement.aretransportcontrolsenabled", "https://docs.microsoft.com/en-us/uwp/api/windows.ui.xaml.controls.mediaelement.aretransportcontrolsenabled", "https://ask.helplib.com/c-Sharp/post_5011422", "https://stackoverflow.com/questions/19678411/aretransportcontrolsenabled-not-working-on-visual-studio-2012", "https://books.google.com.hk/books?id=xOcVBQAAQBAJ&pg=SA16-PA2&lpg=SA16-PA2&dq=AreTransportControlsEnabled&source=bl&ots=-Basp5z0Zi&sig=m6snQHS_P0-RXBoexcX3fCvc8RA&hl=zh-CN&sa=X&ved=0ahUKEwjVt8eo7JvaAhVDX5QKHcGrACkQ6AEIXjAL", "https://books.google.com.hk/books?id=Dd9PAgAAQBAJ&pg=PA375&lpg=PA375&dq=AreTransportControlsEnabled&source=bl&ots=fLl84Bih1a&sig=aLjKCqME5Xc4V9xF6cT1jksMimc&hl=zh-CN&sa=X&ved=0ahUKEwjVt8eo7JvaAhVDX5QKHcGrACkQ6AEIYTAM", "https://apisof.net/catalog/Windows.UI.Xaml.Controls.MediaElement.AreTransportControlsEnabled" ],
    "url" : "https://www.google.com.hk/search?q=AreTransportControlsEnabled&oq=AreTransportControlsEnabled&aqs=chrome..69i57j0.936j0j7&sourceid=chrome&ie=UTF-8",
    "tabId" : 19,
    "sequenceId" : 7,
    "id" : "20154564",
    "timestamp" : 1522680884281,
    "serverTimestamp" : 1522680884093,
    "query" : "AreTransportControlsEnabled"
  }, {
    "action" : "serp",
    "encrypted" : true,
    "urls" : [ "https://msdn.microsoft.com/zh-cn/windows.ui.xaml.controls.mediaelement.aretransportcontrolsenabled", "https://ask.helplib.com/c-Sharp/post_5011422", "https://blog.csdn.net/qq_16956581/article/details/39211855", "http://www.cnblogs.com/lonelyxmas/p/3988191.html", "https://www.cnblogs.com/MzwCat/p/7858067.html", "http://blog.jiluxinqing.com/Article?id=462", "https://github.com/amamiya/SYEngine/issues/7", "http://www.wenhuawuling.cn/info-detail-2095409.html", "http://www.voidcn.com/article/p-fxeorduo-zp.html" ],
    "url" : "https://www.google.com.hk/search?q=AreTransportControlsEnabled&newwindow=1&safe=strict&lr=lang_zh-CN&sa=X&ved=0ahUKEwjVt8eo7JvaAhVDX5QKHcGrACkQuAEIIg&biw=1264&bih=617",
    "tabId" : 19,
    "sequenceId" : 7,
    "id" : "20154564",
    "timestamp" : 1522680908977,
    "serverTimestamp" : 1522680908788,
    "query" : "AreTransportControlsEnabled"
  }, {
    "tabId" : 21,
    "url" : "https://blog.csdn.net/qq_16956581/article/details/39211855",
    "sourceTabId" : 19,
    "refer" : "https://www.google.com.hk/search?q=AreTransportControlsEnabled&newwindow=1&safe=strict&lr=lang_zh-CN&sa=X&ved=0ahUKEwjVt8eo7JvaAhVDX5QKHcGrACkQuAEIIg&biw=1264&bih=617",
    "timestamp" : 1522680915743,
    "action" : "request",
    "sequenceId" : 7,
    "id" : "20154564",
    "serverTimestamp" : 1522680915562
  }, {
    "tabId" : 21,
    "url" : "https://blog.csdn.net/qq_16956581/article/details/39211855",
    "timestamp" : 1522680940404,
    "action" : "active",
    "sequenceId" : 7,
    "id" : "20154564",
    "serverTimestamp" : 1522680940209
  }, {
    "tabId" : 9,
    "url" : "https://docs.microsoft.com/en-us/uwp/api/windows.ui.xaml.controls.mediaelement",
    "timestamp" : 1522681347809,
    "action" : "active",
    "sequenceId" : 4,
    "id" : "20154564",
    "serverTimestamp" : 1522681347631
  }, {
    "tabId" : 21,
    "url" : "https://blog.csdn.net/qq_16956581/article/details/39211855",
    "timestamp" : 1522681351099,
    "action" : "active",
    "sequenceId" : 7,
    "id" : "20154564",
    "serverTimestamp" : 1522681350947
  }, {
    "tabId" : 13,
    "url" : "https://blog.csdn.net/mintcheese/article/details/79795065",
    "refer" : "https://uvp.neu.edu.cn/Portal/StudentAssignments?id=1007",
    "timestamp" : 1522681774775,
    "action" : "request",
    "sequenceId" : 5,
    "id" : "20154564",
    "serverTimestamp" : 1522681774621
  }, {
    "tabId" : 13,
    "url" : "https://blog.csdn.net/mintcheese/article/details/79795065",
    "timestamp" : 1522681777671,
    "action" : "active",
    "sequenceId" : 5,
    "id" : "20154564",
    "serverTimestamp" : 1522681777517
  }, {
    "tabId" : 23,
    "url" : "https://blog.csdn.net/mintcheese/article/details/79733358",
    "sourceTabId" : 13,
    "refer" : "https://blog.csdn.net/mintcheese/article/details/79795065",
    "timestamp" : 1522681820221,
    "action" : "request",
    "sequenceId" : 5,
    "id" : "20154564",
    "serverTimestamp" : 1522681820078
  }, {
    "tabId" : 23,
    "url" : "https://blog.csdn.net/mintcheese/article/details/79733358",
    "timestamp" : 1522681823811,
    "action" : "active",
    "sequenceId" : 5,
    "id" : "20154564",
    "serverTimestamp" : 1522681824303
  }, {
    "tabId" : 13,
    "url" : "https://blog.csdn.net/mintcheese/article/details/79795065",
    "timestamp" : 1522681841553,
    "action" : "active",
    "sequenceId" : 5,
    "id" : "20154564",
    "serverTimestamp" : 1522681841432
  }, {
    "tabId" : 23,
    "url" : "https://blog.csdn.net/mintcheese/article/details/79733358",
    "timestamp" : 1522681860743,
    "action" : "active",
    "sequenceId" : 5,
    "id" : "20154564",
    "serverTimestamp" : 1522681860623
  }, {
    "tabId" : 23,
    "url" : "https://blog.csdn.net/mintcheese/article/details/79733358",
    "timestamp" : 1522681898276,
    "action" : "active",
    "sequenceId" : 5,
    "id" : "20154564",
    "serverTimestamp" : 1522681898127
  }, {
    "tabId" : 9,
    "url" : "https://docs.microsoft.com/en-us/uwp/api/windows.ui.xaml.controls.mediaelement",
    "timestamp" : 1522681952595,
    "action" : "active",
    "sequenceId" : 4,
    "id" : "20154564",
    "serverTimestamp" : 1522681952458
  }, {
    "tabId" : 21,
    "url" : "https://blog.csdn.net/qq_16956581/article/details/39211855",
    "timestamp" : 1522681957753,
    "action" : "active",
    "sequenceId" : 7,
    "id" : "20154564",
    "serverTimestamp" : 1522681957618
  }, {
    "tabId" : 25,
    "url" : "https://blog.csdn.net/A_tina/article/details/79795721",
    "refer" : "https://uvp.neu.edu.cn/Portal/StudentAssignments?id=1007",
    "timestamp" : 1522682053874,
    "action" : "request",
    "sequenceId" : 8,
    "id" : "20154564",
    "serverTimestamp" : 1522682053729
  }, {
    "tabId" : 25,
    "url" : "https://blog.csdn.net/A_tina/article/details/79795721",
    "timestamp" : 1522682055358,
    "action" : "active",
    "sequenceId" : 8,
    "id" : "20154564",
    "serverTimestamp" : 1522682055211
  } ]
}, {
  "mergedAction" : "session",
  "mergedActions" : [ {
    "tabId" : 29,
    "url" : "https://blog.csdn.net/A_tina/article/details/79795721",
    "refer" : "https://uvp.neu.edu.cn/Portal/StudentAssignments?id=1007",
    "timestamp" : 1522683720084,
    "action" : "request",
    "sequenceId" : 10,
    "id" : "20154564",
    "serverTimestamp" : 1522683720543
  }, {
    "tabId" : 29,
    "url" : "https://blog.csdn.net/A_tina/article/details/79795721",
    "timestamp" : 1522683720966,
    "action" : "active",
    "sequenceId" : 10,
    "id" : "20154564",
    "serverTimestamp" : 1522683721426
  }, {
    "tabId" : 29,
    "url" : "https://blog.csdn.net/troublor/article/details/79780303",
    "refer" : "https://uvp.neu.edu.cn/Portal/StudentAssignments?id=1007",
    "timestamp" : 1522683726276,
    "action" : "request",
    "sequenceId" : 10,
    "id" : "20154564",
    "serverTimestamp" : 1522683726736
  }, {
    "tabId" : 29,
    "url" : "https://blog.csdn.net/troublor/article/details/79780303",
    "timestamp" : 1522683730650,
    "action" : "active",
    "sequenceId" : 10,
    "id" : "20154564",
    "serverTimestamp" : 1522683731114
  }, {
    "tabId" : 19,
    "url" : "http://pinkido.lofter.com/post/25383c_128d4ec4",
    "refer" : "https://uvp.neu.edu.cn/Portal/StudentAssignments?id=1007",
    "timestamp" : 1522686068638,
    "action" : "request",
    "sequenceId" : 7,
    "id" : "20154564",
    "serverTimestamp" : 1522686069197
  }, {
    "tabId" : 19,
    "url" : "http://pinkido.lofter.com/post/25383c_128d4ec4",
    "timestamp" : 1522686070053,
    "action" : "active",
    "sequenceId" : 7,
    "id" : "20154564",
    "serverTimestamp" : 1522686070606
  }, {
    "tabId" : 19,
    "url" : "http://www.cnblogs.com/hchhch/p/8699155.html",
    "refer" : "https://uvp.neu.edu.cn/Portal/StudentAssignments?id=1007",
    "timestamp" : 1522686108112,
    "action" : "request",
    "sequenceId" : 7,
    "id" : "20154564",
    "serverTimestamp" : 1522686108667
  }, {
    "tabId" : 19,
    "url" : "http://www.cnblogs.com/hchhch/p/8699155.html",
    "timestamp" : 1522686109862,
    "action" : "active",
    "sequenceId" : 7,
    "id" : "20154564",
    "serverTimestamp" : 1522686110416
  }, {
    "tabId" : 19,
    "url" : "https://blog.csdn.net/tyuchn/article/details/79783288",
    "refer" : "https://uvp.neu.edu.cn/Portal/StudentAssignments?id=1007",
    "timestamp" : 1522686130959,
    "action" : "request",
    "sequenceId" : 7,
    "id" : "20154564",
    "serverTimestamp" : 1522686131522
  }, {
    "tabId" : 19,
    "url" : "https://blog.csdn.net/tyuchn/article/details/79783288",
    "timestamp" : 1522686132711,
    "action" : "active",
    "sequenceId" : 7,
    "id" : "20154564",
    "serverTimestamp" : 1522686133267
  }, {
    "tabId" : 19,
    "url" : "http://www.cnblogs.com/whitepigeon/p/8697640.html",
    "refer" : "https://uvp.neu.edu.cn/Portal/StudentAssignments?id=1007",
    "timestamp" : 1522686169094,
    "action" : "request",
    "sequenceId" : 7,
    "id" : "20154564",
    "serverTimestamp" : 1522686169653
  }, {
    "tabId" : 19,
    "url" : "http://www.cnblogs.com/whitepigeon/p/8697640.html",
    "timestamp" : 1522686169661,
    "action" : "active",
    "sequenceId" : 7,
    "id" : "20154564",
    "serverTimestamp" : 1522686170219
  }, {
    "tabId" : 2,
    "url" : "http://www.cnblogs.com/Joyce45/p/8699711.html",
    "refer" : "https://i.cnblogs.com/PostDone.aspx?postid=8699711&actiontip=%e5%8f%91%e5%b8%83%e6%88%90%e5%8a%9f",
    "timestamp" : 1522686406498,
    "action" : "request",
    "sequenceId" : 1,
    "id" : "20154564",
    "serverTimestamp" : 1522686407067
  }, {
    "tabId" : 2,
    "url" : "http://www.cnblogs.com/Joyce45/p/8699711.html",
    "timestamp" : 1522686406877,
    "action" : "active",
    "sequenceId" : 1,
    "id" : "20154564",
    "serverTimestamp" : 1522686407444
  }, {
    "tabId" : 19,
    "url" : "http://www.cnblogs.com/whitepigeon/p/8697640.html",
    "timestamp" : 1522686426956,
    "action" : "active",
    "sequenceId" : 7,
    "id" : "20154564",
    "serverTimestamp" : 1522686427523
  }, {
    "tabId" : 2,
    "url" : "http://www.cnblogs.com/Joyce45/p/8699711.html",
    "timestamp" : 1522686451330,
    "action" : "active",
    "sequenceId" : 1,
    "id" : "20154564",
    "serverTimestamp" : 1522686451902
  } ]
}, {
  "mergedAction" : "session",
  "mergedActions" : [ {
    "tabId" : 9,
    "url" : "https://docs.microsoft.com/en-us/uwp/api/windows.ui.xaml.controls.mediaelement",
    "timestamp" : 1522679766621,
    "action" : "active",
    "sequenceId" : 4,
    "id" : "20154564",
    "serverTimestamp" : 1522679781378
  }, {
    "tabId" : 9,
    "url" : "https://docs.microsoft.com/zh-cn/windows/uwp/files/quickstart-managing-folders-in-the-music-pictures-and-videos-libraries",
    "refer" : "https://docs.microsoft.com/en-us/uwp/api/windows.ui.xaml.controls.mediaelement",
    "timestamp" : 1522679780546,
    "action" : "request",
    "sequenceId" : 4,
    "id" : "20154564",
    "serverTimestamp" : 1522679781376
  }, {
    "tabId" : 9,
    "url" : "https://docs.microsoft.com/zh-cn/windows/uwp/files/quickstart-managing-folders-in-the-music-pictures-and-videos-libraries",
    "timestamp" : 1522679782547,
    "action" : "active",
    "sequenceId" : 4,
    "id" : "20154564",
    "serverTimestamp" : 1522679782301
  }, {
    "tabId" : 9,
    "url" : "https://docs.microsoft.com/en-us/uwp/api/windows.ui.xaml.controls.mediaelement",
    "timestamp" : 1522679802737,
    "action" : "active",
    "sequenceId" : 4,
    "id" : "20154564",
    "serverTimestamp" : 1522679802493
  }, {
    "tabId" : 9,
    "url" : "https://docs.microsoft.com/en-us/uwp/api/windows.ui.xaml.controls.mediaelement",
    "timestamp" : 1522679939518,
    "action" : "active",
    "sequenceId" : 4,
    "id" : "20154564",
    "serverTimestamp" : 1522679939279
  }, {
    "tabId" : 9,
    "url" : "https://docs.microsoft.com/en-us/uwp/api/windows.ui.xaml.controls.mediaelement",
    "timestamp" : 1522679982979,
    "action" : "active",
    "sequenceId" : 4,
    "id" : "20154564",
    "serverTimestamp" : 1522679982750
  }, {
    "tabId" : 11,
    "url" : "https://docs.microsoft.com/en-us/uwp/api/windows.ui.xaml.controls.mediaelement",
    "sourceTabId" : 2,
    "refer" : "https://i.cnblogs.com/EditPosts.aspx?opt=1",
    "timestamp" : 1522680122650,
    "action" : "request",
    "sequenceId" : 1,
    "id" : "20154564",
    "serverTimestamp" : 1522680122419
  }, {
    "tabId" : 9,
    "url" : "https://docs.microsoft.com/en-us/uwp/api/windows.ui.xaml.controls.mediaelement",
    "timestamp" : 1522680593655,
    "action" : "active",
    "sequenceId" : 4,
    "id" : "20154564",
    "serverTimestamp" : 1522680593446
  }, {
    "tabId" : 2,
    "url" : "http://www.cnblogs.com/Joyce45/p/8699711.html",
    "refer" : "https://uvp.neu.edu.cn/Portal/StudentAssignments?id=1007",
    "timestamp" : 1522687419968,
    "action" : "request",
    "sequenceId" : 1,
    "id" : "20154564",
    "serverTimestamp" : 1522687419333
  }, {
    "tabId" : 2,
    "url" : "http://www.cnblogs.com/Joyce45/p/8699711.html",
    "timestamp" : 1522687420650,
    "action" : "active",
    "sequenceId" : 1,
    "id" : "20154564",
    "serverTimestamp" : 1522687419871
  }, {
    "tabId" : 2,
    "url" : "http://www.cnblogs.com/Joyce45/p/8699711.html",
    "timestamp" : 1522687426941,
    "action" : "active",
    "sequenceId" : 1,
    "id" : "20154564",
    "serverTimestamp" : 1522687426453
  }, {
    "tabId" : 6,
    "url" : "http://www.cnblogs.com/Joyce45/p/8699711.html",
    "refer" : "https://uvp.neu.edu.cn/Portal/StudentAssignments?id=1007",
    "timestamp" : 1522687570151,
    "action" : "request",
    "sequenceId" : 3,
    "id" : "20154564",
    "serverTimestamp" : 1522687569304
  }, {
    "tabId" : 6,
    "url" : "http://www.cnblogs.com/Joyce45/p/8699711.html",
    "timestamp" : 1522687570781,
    "action" : "active",
    "sequenceId" : 3,
    "id" : "20154564",
    "serverTimestamp" : 1522687569934
  }, {
    "tabId" : 6,
    "url" : "http://www.cnblogs.com/Joyce45/p/8699711.html",
    "timestamp" : 1522687578796,
    "action" : "active",
    "sequenceId" : 3,
    "id" : "20154564",
    "serverTimestamp" : 1522687577953
  } ]
} ]