[ {
  "mergedAction" : "session",
  "mergedActions" : [ {
    "action" : "serp",
    "encrypted" : true,
    "urls" : [ "http://redirect.citexplore.com/redirect?title=%E4%BD%BF%E7%94%A8visual%20studio%202013%20%E5%BF%AB%E9%80%9F%E6%90%AD%E5%BB%BAphonegap%E5%BC%80%E5%8F%91%E7%8E%AF%E5%A2%83%20-%20windows10&urlsnippet=https%3A%2F%2Fmy.oschina.net%2Freeco%2Fb...%C2%A0&url=http%3A%2F%2Fwww.baidu.com%2Flink%3Furl%3DJMFC08uwzYeHgeGJxp1qkWaQwSSvZ_RKpKCEIEjYehaggQgo26TkmFJzQB4DHoGG3nQMZy0mm_J67TimH1kX6K", "http://redirect.citexplore.com/redirect?title=%E3%80%90%E9%85%B7%E4%B8%83%E5%A4%96%E7%BF%BB%E3%80%91%E5%AE%98%E6%96%B9%E3%80%8APhoneGap%E3%80%8B%E5%BC%80%E5%8F%91%E8%80%85%E5%B7%A5%E5%85%B7%E7%9B%AE%E5%89%8D%E7%8E%B0%E8%BA%ABWindows%20Phone...&urlsnippet=bbs.ruanfenquan.com%2Fth...%C2%A0&url=http%3A%2F%2Fwww.baidu.com%2Flink%3Furl%3DvSGQccH3uZYm2K2ky_gXznQ_vYMaLDHNbSgxl9_7ovHshSfaV4L9ua-nn3e5Jim1tG-huGmlXjsD2euZ8tF6Qa", "http://redirect.citexplore.com/redirect?title=PhoneGap%E5%BC%80%E5%A7%8B%E5%AE%8C%E6%95%B4%E6%94%AF%E6%8C%81Windows%20Phone%E5%BC%80%E5%8F%91%20-%20Windows%2010%20Mobile%20%2F%20...&urlsnippet=https%3A%2F%2Fwww.cnbeta.com%2Farticle...%C2%A0&url=http%3A%2F%2Fwww.baidu.com%2Flink%3Furl%3D9EiFSjkwp_1Esq3Jghh8CqdAdRKuVh1XeIwzDwmC3biU_zGAfFK8Aj5iJ7codHrAc14dzD-Ueu8fmfl1CqUciK", "http://redirect.citexplore.com/redirect?title=PhoneGap%E4%BD%BF%E7%94%A8%20-%20CSDN%E5%8D%9A%E5%AE%A2&urlsnippet=https%3A%2F%2Fblog.csdn.net%2Fcodingal...%C2%A0&url=http%3A%2F%2Fwww.baidu.com%2Flink%3Furl%3DalW73xGMt3vgvPSCoEm9ipvghX_casVN9yKA0nRMt-EGKQvDUfI-o07FUhIUnXqMCuHKRw4ufXEQwRRH4TUL3jsZ83PVfvgtqAcXnJzqTmW", "http://redirect.citexplore.com/redirect?title=PhoneGap%E7%8E%B0%E5%B7%B2%E5%AE%8C%E5%85%A8%E6%94%AF%E6%8C%81WP7%20-%20Windows%2010%20UWP%E6%96%B0%E9%97%BB%E6%92%AD%E6%8A%A5%E5%8C%BA%20%7CWM10%E8%AE%BA%E5%9D%9B%7C...&urlsnippet=bbs.wfun.com%2Ffor...php...%C2%A0&url=http%3A%2F%2Fwww.baidu.com%2Flink%3Furl%3Ddl43aMb01NC3lD48SCzUQqE5_BEOMYHz-b-r29pJKg9Q1dFuNEK6G1HBhww_8GWbSiOYS0UjS_CJMpDATu_Qt56yeqdlMuhydMAvcgo1Mom", "http://redirect.citexplore.com/redirect?title=%E5%88%A9%E7%94%A8phonegap%E5%9C%A8WINDOWS%E4%B8%8B%E5%BC%80%E5%8F%91%E8%8B%B9%E6%9E%9CAPP%E5%8F%AF%E4%BB%A5%E5%90%97%3F_%E7%99%BE%E5%BA%A6%E7%9F%A5%E9%81%93&urlsnippet=https%3A%2F%2Fzhidao.baidu.com%2Fquest...%C2%A0&url=http%3A%2F%2Fwww.baidu.com%2Flink%3Furl%3DMR6PNPRuV7OkC8xnQ1dF1UsdP-mwPDsAD0JMRrOUQj09-g2ns7nM87y2dzzV09zoV21HDErwWiLdzbQhr8KcbK", "http://redirect.citexplore.com/redirect?title=Phonegap%E3%80%81Cordova%E3%80%81Ionic%20%E5%BC%80%E5%8F%91%E7%8E%AF%E5%A2%83%E6%90%AD%E5%BB%BA(Windows%20OS)%20-%20CSDN%E5%8D%9A%E5%AE%A2&urlsnippet=https%3A%2F%2Fblog.csdn.net%2Fyfy1907%2F...%C2%A0&url=http%3A%2F%2Fwww.baidu.com%2Flink%3Furl%3DmA9RhDHcGcMnYuHp_D3_6KqU6kBn7miNP2-BRtsg26GK03pTqfsW5G0LhlcZgf9GbwufonIoIOjqiFDCuZN7VK", "http://redirect.citexplore.com/redirect?title=%E6%9C%80%E6%96%B0phonegap%E7%8E%AF%E5%A2%83%E6%90%AD%E5%BB%BA_%E7%99%BE%E5%BA%A6%E7%BB%8F%E9%AA%8C&urlsnippet=https%3A%2F%2Fjingyan.baidu.com%2Farti...%C2%A0&url=http%3A%2F%2Fwww.baidu.com%2Flink%3Furl%3DjwkJs1YVBCQ3cGsKr5FssPY3JooqdpjMv3h54KWvQ70q62SKhCzTzB5Ce4yokPzqHbSMzHrfIrSBEe0PAYUZn2kZTIdzY_4vzZRSoJK2JHy", "http://redirect.citexplore.com/redirect?title=PhoneGap(windows%E5%92%8C%E6%89%8B%E6%9C%BA%E9%83%BD%E6%9C%89)-CSDN%E4%B8%8B%E8%BD%BD&urlsnippet=https%3A%2F%2Fdownload.csdn.net%2Fdown...%C2%A0&url=http%3A%2F%2Fwww.baidu.com%2Flink%3Furl%3DbQ95xYhTTuvuaNEj2EzR0uQ19u7dSTsbI4ZUPZrKyOlaXP3cJJ0m_cAt4RNAMKrKGHLS1FM3NwW8GegYCAgw_q" ],
    "url" : "https://www.baidu.com/s?ie=utf-8&f=8&rsv_bp=1&tn=monline_4_dg&wd=PhoneGap%E5%8F%AF%E4%BB%A5%E5%9C%A8win10%E4%B8%8A%E4%BD%BF%E7%94%A8%E5%90%97&oq=PhoneGap%25E9%2580%2582%25E7%2594%25A8%25E4%25BA%258Ewin10&rsv_pq=95f7f94f00011722&rsv_t=0940F6fycLz7vrRkH6%2FgMyDBUvYJzPS5XmF9JEsEnh%2BRk%2Fq%2B3O6RGCCBlL46KcsTEckv&rqlang=cn&rsv_enter=1&inputT=10&rsv_sug3=50&rsv_sug1=29&rsv_sug7=100&rsv_sug2=0&rsv_sug4=6804",
    "tabId" : 3,
    "sequenceId" : 8,
    "id" : "20155621",
    "timestamp" : 1522640962208,
    "serverTimestamp" : 1522640960733,
    "query" : "PhoneGap可以在win10上使用吗"
  }, {
    "action" : "serp",
    "encrypted" : true,
    "urls" : [ "http://redirect.citexplore.com/redirect?title=%E4%BD%BF%E7%94%A8visual%20studio%202013%20%E5%BF%AB%E9%80%9F%E6%90%AD%E5%BB%BAphonegap%E5%BC%80%E5%8F%91%E7%8E%AF%E5%A2%83%20-%20windows10&urlsnippet=https%3A%2F%2Fmy.oschina.net%2Freeco%2Fb...%C2%A0&url=http%3A%2F%2Fwww.baidu.com%2Flink%3Furl%3DIlTHG54Bn6772Iioe0fCoTQB9SB5F6wCdmqGxCvkxY-UIdjJpe_a3tPCCwVMfG-NIrjB4VLMZ_wuipCOv_eXCK", "http://redirect.citexplore.com/redirect?title=%E3%80%90%E9%85%B7%E4%B8%83%E5%A4%96%E7%BF%BB%E3%80%91%E5%AE%98%E6%96%B9%E3%80%8APhoneGap%E3%80%8B%E5%BC%80%E5%8F%91%E8%80%85%E5%B7%A5%E5%85%B7%E7%9B%AE%E5%89%8D%E7%8E%B0%E8%BA%ABWindows%20Phone...&urlsnippet=bbs.ruanfenquan.com%2Fth...%C2%A0&url=http%3A%2F%2Fwww.baidu.com%2Flink%3Furl%3D_H4VYNib2IWlBv-l4HqQQs97korDE0qHbexwg131g-EoxsmPhqEq6xvDibJATp3EmGqNXYQecEsQym2TDlwWsK", "http://redirect.citexplore.com/redirect?title=PhoneGap%E5%BC%80%E5%A7%8B%E5%AE%8C%E6%95%B4%E6%94%AF%E6%8C%81Windows%20Phone%E5%BC%80%E5%8F%91%20-%20Windows%2010%20Mobile%20%2F%20...&urlsnippet=https%3A%2F%2Fwww.cnbeta.com%2Farticle...%C2%A0&url=http%3A%2F%2Fwww.baidu.com%2Flink%3Furl%3DF_pXc4TKK-wDP2MOrTEu1apavXTaAWy1etq2Tm5aEXCi70cV9FfG7LXxPn4IzELXG_qafk_CaGY-l7jGBWyu4K", "http://redirect.citexplore.com/redirect?title=%E6%9C%80%E6%96%B0%E7%89%88%20android%20studio%20%E9%85%8D%E7%BD%AE%20phonegap%20(windows%E7%8E%AF%E5%A2%83)%20-%20CSDN%E5%8D%9A%E5%AE%A2&urlsnippet=https%3A%2F%2Fblog.csdn.net%2Fu0104492...%C2%A0&url=http%3A%2F%2Fwww.baidu.com%2Flink%3Furl%3DVPBsbv8FRhXfiXPWR_PVep75pSKOoxpiKSlj31EFn6Z_iS4rpKGSC_dV0MU9fFt0c2MP6lfGxA9k2cPdHPnDak2DZ3iJXX43Fhmf6JjL71e", "http://redirect.citexplore.com/redirect?title=%E6%9C%80%E6%96%B0phonegap%E7%8E%AF%E5%A2%83%E6%90%AD%E5%BB%BA_%E7%99%BE%E5%BA%A6%E7%BB%8F%E9%AA%8C&urlsnippet=https%3A%2F%2Fjingyan.baidu.com%2Farti...%C2%A0&url=http%3A%2F%2Fwww.baidu.com%2Flink%3Furl%3DV-DFRPUklgSIPi_PLItyAvyPxfZx47RcoKpebPxuPOk99onaDttm4fD044EtGXDLjMutJzYg1sK9ssxIREChB2rfgByjWupJFO3khKWRsQ_", "http://redirect.citexplore.com/redirect?title=PhoneGap%E7%8E%B0%E5%B7%B2%E5%AE%8C%E5%85%A8%E6%94%AF%E6%8C%81WP7%20-%20Windows%2010%20UWP%E6%96%B0%E9%97%BB%E6%92%AD%E6%8A%A5%E5%8C%BA%20%7CWM10%E8%AE%BA%E5%9D%9B%7C...&urlsnippet=bbs.wfun.com%2Ffor...php...%C2%A0&url=http%3A%2F%2Fwww.baidu.com%2Flink%3Furl%3DWOpPghUoKcbTt6Pejf-gpL-kUeMYIjPPNqDv4yNlScS8Urhc9wXPFPtCmbIrSprvfc9Wa0KShgiLSdYGVJ2sSxphHYlSUDJDyUq4sOUmzh3", "http://redirect.citexplore.com/redirect?title=PhoneGap(windows%E5%92%8C%E6%89%8B%E6%9C%BA%E9%83%BD%E6%9C%89)-CSDN%E4%B8%8B%E8%BD%BD&urlsnippet=https%3A%2F%2Fdownload.csdn.net%2Fdown...%C2%A0&url=http%3A%2F%2Fwww.baidu.com%2Flink%3Furl%3DPKqgH2l8T0tafQVcEv_XXfSEZBzloBjy7UC3q16TFuRngkBviIDQDSkcQENuVqF3-y9J5bR_6gOV_PwzJLkLpK", "http://redirect.citexplore.com/redirect?title=Win7%E4%B8%8BPhoneGap%E9%85%8D%E7%BD%AE%E5%8F%8A%E7%AE%80%E5%8D%95%E7%A4%BA%E4%BE%8B_Leemoon_%E6%96%B0%E6%B5%AA%E5%8D%9A%E5%AE%A2&urlsnippet=blog.sina.com.cn%2Fs%2Fblo...%C2%A0&url=http%3A%2F%2Fwww.baidu.com%2Flink%3Furl%3DK_dtGpnQHBallekxQyW-AzDBe6t-UQc9nbyANXbp-rKyPmNeQSSCUTreCXM2tyuoEU2Luz2up_5tZTXyTA_nKa", "http://redirect.citexplore.com/redirect?title=%E4%BD%BF%E7%94%A8PhoneGap%E5%BC%80%E5%90%AF%E7%A7%BB%E5%8A%A8%E5%BC%80%E5%8F%91%E4%B9%8B%E6%97%85%20-%20%E6%96%87%E7%AB%A0%20-%20%E4%BC%AF%E4%B9%90%E5%9C%A8%E7%BA%BF&urlsnippet=blog.jobbole.com%2F72590%2F%C2%A0&url=http%3A%2F%2Fwww.baidu.com%2Flink%3Furl%3DukqvaoJKhzTWC5XHoTWeD-sry0gfBse8pY-DhqQRwAq6YgRF-VKirVLFYz6CP9pr" ],
    "url" : "https://www.baidu.com/s?ie=utf-8&f=8&rsv_bp=1&tn=monline_4_dg&wd=PhoneGap%E5%85%BC%E5%AE%B9win10%E4%B8%8A%E4%BD%BF%E7%94%A8%E5%90%97&oq=PhoneGap%25E5%258F%25AF%25E4%25BB%25A5%25E5%259C%25A8win10%25E4%25B8%258A%25E4%25BD%25BF%25E7%2594%25A8%25E5%2590%2597&rsv_pq=fd6a8d090000f7c2&rsv_t=1130%2FCLPg2GycxkdOvCH4jd8T6HOSL4DjAUZx6nU8ghQrNElhkYOU5S1Ex013wx4sVBT&rqlang=cn&rsv_enter=1&inputT=16&rsv_sug3=62&rsv_sug1=32&rsv_sug7=000&rsv_sug2=0&rsv_sug4=3924&rsv_sug=1",
    "tabId" : 3,
    "sequenceId" : 8,
    "id" : "20155621",
    "timestamp" : 1522641161600,
    "serverTimestamp" : 1522641160129,
    "query" : "PhoneGap兼容win10上使用吗"
  }, {
    "action" : "serp",
    "encrypted" : true,
    "urls" : [ "http://redirect.citexplore.com/redirect?title=%E4%BD%BF%E7%94%A8visual%20studio%202013%20%E5%BF%AB%E9%80%9F%E6%90%AD%E5%BB%BAphonegap%E5%BC%80%E5%8F%91%E7%8E%AF%E5%A2%83%20-%20windows10&urlsnippet=https%3A%2F%2Fmy.oschina.net%2Freeco%2Fb...%C2%A0&url=http%3A%2F%2Fwww.baidu.com%2Flink%3Furl%3DrCqFdxw3GxTR8pMrM64C4xNTV5HnnxWLDFb1p65qY4Z-cb2N2Gp9-Ye4-aNS81KqSjiJZ5OPwe8fzzcu8P-ItK", "http://redirect.citexplore.com/redirect?title=%E3%80%90%E9%85%B7%E4%B8%83%E5%A4%96%E7%BF%BB%E3%80%91%E5%AE%98%E6%96%B9%E3%80%8APhoneGap%E3%80%8B%E5%BC%80%E5%8F%91%E8%80%85%E5%B7%A5%E5%85%B7%E7%9B%AE%E5%89%8D%E7%8E%B0%E8%BA%ABWindows%20Phone...&urlsnippet=bbs.ruanfenquan.com%2Fth...%C2%A0&url=http%3A%2F%2Fwww.baidu.com%2Flink%3Furl%3DXYFuicyrp6KXeBpXM1C78ETDw0ok5WdkFIcWI-ZuZIY7-z-Ob-11vsOPexl1laCY6BMNu1A5-H1yPjwIh2Z78a", "http://redirect.citexplore.com/redirect?title=PhoneGap%E5%BC%80%E5%A7%8B%E5%AE%8C%E6%95%B4%E6%94%AF%E6%8C%81Windows%20Phone%E5%BC%80%E5%8F%91%20-%20Windows%2010%20Mobile%20%2F%20...&urlsnippet=https%3A%2F%2Fwww.cnbeta.com%2Farticle...%C2%A0&url=http%3A%2F%2Fwww.baidu.com%2Flink%3Furl%3DduAyrAumxOcZrlccRWKQSMWWOFCV_uxoEDqydAyuIo0jlpGDFXNokQY3xjm2qnERT561_DBt-XItB9HcJcmPza", "http://redirect.citexplore.com/redirect?title=PhoneGap%E7%8E%B0%E5%B7%B2%E5%AE%8C%E5%85%A8%E6%94%AF%E6%8C%81WP7%20-%20Windows%2010%20UWP%E6%96%B0%E9%97%BB%E6%92%AD%E6%8A%A5%E5%8C%BA%20%7CWM10%E8%AE%BA%E5%9D%9B%7C...&urlsnippet=bbs.wfun.com%2Ffor...php...%C2%A0&url=http%3A%2F%2Fwww.baidu.com%2Flink%3Furl%3D9BQM_nKcmwfemnB2iXUMGBkX2Ry88l0VFGtXEH9fgA_FlvddpfNjb4L1jOe0RT1hcZIZxg63x-ZOaHZA0CIqlSJqdGqIB1_R8bVfjB8wREq", "http://redirect.citexplore.com/redirect?title=%E6%9C%80%E6%96%B0%E7%89%88%20android%20studio%20%E9%85%8D%E7%BD%AE%20phonegap%20(windows%E7%8E%AF%E5%A2%83)%20-%20CSDN%E5%8D%9A%E5%AE%A2&urlsnippet=https%3A%2F%2Fblog.csdn.net%2Fu0104492...%C2%A0&url=http%3A%2F%2Fwww.baidu.com%2Flink%3Furl%3DMvtZNDzwjavXFMGF6Z8FJxSNYY5AtpPtlWqTgH5LmVJKPEfvN2on4cu1a5pA2i5xkWz__CHYceJJipQ3Ut6x4EGNJIq5LX4B3G0ZLr5X90m", "http://redirect.citexplore.com/redirect?title=%E6%9C%80%E6%96%B0phonegap%E7%8E%AF%E5%A2%83%E6%90%AD%E5%BB%BA_%E7%99%BE%E5%BA%A6%E7%BB%8F%E9%AA%8C&urlsnippet=https%3A%2F%2Fjingyan.baidu.com%2Farti...%C2%A0&url=http%3A%2F%2Fwww.baidu.com%2Flink%3Furl%3DkIzZvys8g_MBAm91T0vILQrZDQO1_IXy_U9yYrqDh2jUObrWIG_E5vHtnzUnWtN8ne_b_bzAN2EN3c-MsdONkcBwfRajTfJ9xysHy_ElY-G", "http://redirect.citexplore.com/redirect?title=PhoneGap(windows%E5%92%8C%E6%89%8B%E6%9C%BA%E9%83%BD%E6%9C%89)-CSDN%E4%B8%8B%E8%BD%BD&urlsnippet=https%3A%2F%2Fdownload.csdn.net%2Fdown...%C2%A0&url=http%3A%2F%2Fwww.baidu.com%2Flink%3Furl%3D-tltL72wQ874C7bMY5HFVqccrrVqwg4BCmMm0ENCFbZRJmfFc-qvbvT9MtqLu8CXqGJESbY2gBifQz94yxso7_", "http://redirect.citexplore.com/redirect?title=PhoneGap%E7%8E%B0%E5%B7%B2%E5%AE%8C%E5%85%A8%E6%94%AF%E6%8C%81WP7&urlsnippet=www.infoq.com%2Fcn%2Fnews%2F...%C2%A0&url=http%3A%2F%2Fwww.baidu.com%2Flink%3Furl%3Dy-VN6CujZsGyugokyI_vZll-8XQckbU9gStUw3q6E4JUZd345jIBPYbptBhlsFkOM_GuQWRlFkfXfl2txQ2Ol_e7t6xrQB8DMpZ2TaL1Hju", "http://redirect.citexplore.com/redirect?title=Win7%E4%B8%8BPhoneGap%E9%85%8D%E7%BD%AE%E5%8F%8A%E7%AE%80%E5%8D%95%E7%A4%BA%E4%BE%8B_Leemoon_%E6%96%B0%E6%B5%AA%E5%8D%9A%E5%AE%A2&urlsnippet=blog.sina.com.cn%2Fs%2Fblo...%C2%A0&url=http%3A%2F%2Fwww.baidu.com%2Flink%3Furl%3D7pgtOwhY0s0en6v1aiR9crE9EdI5Fo4W9RTzNs-LYNn2CQPbLPtmy8udSeS27Qj_MEVQhuCupftCHSzYJsn3Sa" ],
    "url" : "https://www.baidu.com/s?ie=utf-8&f=8&rsv_bp=1&tn=monline_4_dg&wd=PhoneGap%E5%85%BC%E5%AE%B9win10%E5%90%97&oq=PhoneGap%25E5%2585%25BC%25E5%25AE%25B9win10%25E4%25B8%258A%25E4%25BD%25BF%25E7%2594%25A8%25E5%2590%2597&rsv_pq=bb4a9ac20001402e&rsv_t=b498sr1JODChrrIfogrIeQQDcQwQFKgvaCDPsZId3m1kbv3IG7PqaF6kjrzDucYBYdB5&rqlang=cn&rsv_enter=1&inputT=376&rsv_sug3=64&rsv_sug1=33&rsv_sug7=000&rsv_sug2=0&rsv_sug4=1572&rsv_sug=1",
    "tabId" : 3,
    "sequenceId" : 8,
    "id" : "20155621",
    "timestamp" : 1522641166648,
    "serverTimestamp" : 1522641165175,
    "query" : "PhoneGap兼容win10吗"
  } ]
}, {
  "mergedAction" : "session",
  "mergedActions" : [ {
    "action" : "serp",
    "encrypted" : true,
    "urls" : [ "http://redirect.citexplore.com/redirect?title=Segoe%20MDL2%20icon%20guidelines%20-%20UWP%20app%20developer%20%7C%20Microsoft%20Docs&urlsnippet=https%3A%2F%2Ftechnet.microsoft.com%2F...%C2%A0&url=http%3A%2F%2Fwww.baidu.com%2Flink%3Furl%3DBvIC6qeg9Z58skLYqZJC3ueJGaQYVprVjbb-K7usRZjDyZVA4yAhLuybymbHTIe9pf7O4OmbOaKDlp5wMDfvva", "http://redirect.citexplore.com/redirect?title=%E3%80%90Windows10%E3%80%91%E5%A6%82%E4%BD%95%E4%BD%BF%E7%94%A8Segoe%20MDL2%20Assets%E5%9B%BE%E6%A0%87%20-%20%E8%8B%B9%E6%9E%9C%E6%B2%A1%E6%9C%89..._%E5%8D%9A%E5%AE%A2%E5%9B%AD&urlsnippet=https%3A%2F%2Fwww.cnblogs.com%2Fbrian-...%C2%A0&url=http%3A%2F%2Fwww.baidu.com%2Flink%3Furl%3D6qwt-8fbGNKvBGcxB65lvlEJPt6qEHtg8wM9vJwVQkZTWYCliFWTUaL7sp3YT42u9IgCuBazmneEOjxFeDqUS_", "http://redirect.citexplore.com/redirect?title=%E3%80%90Windows10%E3%80%91%E5%A6%82%E4%BD%95%E4%BD%BF%E7%94%A8Segoe%20MDL2%20Assets%E5%9B%BE%E6%A0%87%20-%20CSDN%E5%8D%9A%E5%AE%A2&urlsnippet=https%3A%2F%2Fblog.csdn.net%2Fqq161717...%C2%A0&url=http%3A%2F%2Fwww.baidu.com%2Flink%3Furl%3D_h9HshVthKzN6TXQbss8XtomRJx2IO_ijKm1Hm8mYrmpfji7YlrYp-_4sKD9Jit4p5WTAUbqJPiTJzKcuxHM-L-DI-ZynTn-WBkGugzlDLe", "http://redirect.citexplore.com/redirect?title=%E3%80%90WIN10%E3%80%91Segoe%20MDL2%20Assets%20-%20%E8%B3%A3%E9%AD%9A%E4%BA%BA%20-%20%E5%8D%9A%E5%AE%A2%E5%9B%AD&urlsnippet=https%3A%2F%2Fwww.cnblogs.com%2Flin277...%C2%A0&url=http%3A%2F%2Fwww.baidu.com%2Flink%3Furl%3DUBGZMfeKwebdVCEWQIiD31LIp9ny760GsvN3yfX0l1IMCa7w3KGSshnK0QWxfRiwd5EgOG5Y9WUGXdL4qbGl6q", "http://redirect.citexplore.com/redirect?title=%E8%B4%AD%E4%B9%B0UWP%20Segoe%20MDL2%20Assets%20-%20Microsoft%20Store%20zh-CN&urlsnippet=https%3A%2F%2Fwww.microsoft.com%2Fzh-c...%C2%A0&url=http%3A%2F%2Fwww.baidu.com%2Flink%3Furl%3DBj9bIxlrrGkyPGhnBibihWKqRIfoAT-Bab5kOZc-VZwnGSi8Tt2s-zky5e8XV-QpdfrPHZ4UlVNhXeX_Frsgu18WxYf6FEG-FFHJFL2t7QPtv5jwMhEA-j4LoRXkHj6h", "http://redirect.citexplore.com/redirect?title=Segoe%20MDL2%20Assets%E5%AD%97%E4%BD%93%2CSegoeMDL2Assets%E5%AD%97%E4%BD%93%7CSegoe%20MDL2%20Assets%20...&urlsnippet=www.fontke.com%2Ffont%2F13...%C2%A0&url=http%3A%2F%2Fwww.baidu.com%2Flink%3Furl%3DmT8jCQq6uEyPe9MZhdx5fcXrfj3KU2xKa4FYTXK51HuKUOfd7tHg6b8Lz6fzmSvb", "http://redirect.citexplore.com/redirect?title=%E8%B4%AD%E4%B9%B0Segoe%20MDL2%20Assets%20-%20Microsoft%20Store%20zh-CN&urlsnippet=https%3A%2F%2Fwww.microsoft.com%2Fstor...%C2%A0&url=http%3A%2F%2Fwww.baidu.com%2Flink%3Furl%3DCby2VpnB-PXpE_uOyUqgH0SXeD8WHCez2N-bjb7kzXKPC93yPIHv0p3-Be3L7Tq17M56WcMacv7kIXY2zLLoNq", "http://redirect.citexplore.com/redirect?title=Segoe%20MDL2%20Assets%20-%20Cheatsheet&urlsnippet=modernicons.io%2Fsegoe-m...%C2%A0&url=http%3A%2F%2Fwww.baidu.com%2Flink%3Furl%3DB-x8KVLVYnA_y9wlPxZbMhs70PxuoVOKFsAp2Bl1XGWWMb2zt-tq2IS60kXpJCntM0C9U0coz9inRo8W8pk-d_", "http://redirect.citexplore.com/redirect?title=%E5%A6%82%E4%BD%95%E4%BD%BF%E7%94%A8Segoe%20MDL2%20Assets%E5%9B%BE%E6%A0%87_%E7%99%BE%E5%BA%A6%E7%9F%A5%E9%81%93&urlsnippet=https%3A%2F%2Fzhidao.baidu.com%2Fquest...%C2%A0&url=http%3A%2F%2Fwww.baidu.com%2Flink%3Furl%3DnuaqDacbtsgNacjAUoOGgJSVkcHknG9ONjU_unxlYaO06KaYwhiQ_weAMW-DKH7sbizbQfUQSGBiriKVw5tY5ImE4aiDBhzqDL7rQIu5L9S", "http://redirect.citexplore.com/redirect?title=UWP%20Segoe%20MDL2%20Assets%7CWPUWP%20Segoe%20MDL2%20Assets%E4%B8%8B%E8%BD%BD%7CWP%E5%BA%94%E7%94%A8%E5%95%86%E5%BA%97%7C...&urlsnippet=www.weifengke.com%2Fapp_...%C2%A0&url=http%3A%2F%2Fwww.baidu.com%2Flink%3Furl%3Dgyc-KUPjM3KbJLIqi5KWYN7BOEcLuUNKpEFNBO_T-5UdDWRC0S8WRzzS7uNdVKWd_MZEfEB6yDi8esYzO0K7jq" ],
    "url" : "https://www.baidu.com/baidu?wd=Segoe+MDL2+Assets&tn=monline_4_dg&ie=utf-8",
    "tabId" : 1,
    "sequenceId" : 2,
    "id" : "20155621",
    "timestamp" : 1522657735216,
    "serverTimestamp" : 1522657733643,
    "query" : "Segoe MDL2 Assets"
  } ]
}, {
  "mergedAction" : "session",
  "mergedActions" : [ {
    "action" : "serp",
    "encrypted" : true,
    "urls" : [ "http://redirect.citexplore.com/redirect?title=Segoe%20MDL2%20icon%20guidelines%20-%20UWP%20app%20developer%20%7C%20Microsoft%20Docs&urlsnippet=https%3A%2F%2Ftechnet.microsoft.com%2F...%C2%A0&url=http%3A%2F%2Fwww.baidu.com%2Flink%3Furl%3DBvIC6qeg9Z58skLYqZJC3ueJGaQYVprVjbb-K7usRZjDyZVA4yAhLuybymbHTIe9pf7O4OmbOaKDlp5wMDfvva", "http://redirect.citexplore.com/redirect?title=%E3%80%90Windows10%E3%80%91%E5%A6%82%E4%BD%95%E4%BD%BF%E7%94%A8Segoe%20MDL2%20Assets%E5%9B%BE%E6%A0%87%20-%20%E8%8B%B9%E6%9E%9C%E6%B2%A1%E6%9C%89..._%E5%8D%9A%E5%AE%A2%E5%9B%AD&urlsnippet=https%3A%2F%2Fwww.cnblogs.com%2Fbrian-...%C2%A0&url=http%3A%2F%2Fwww.baidu.com%2Flink%3Furl%3D6qwt-8fbGNKvBGcxB65lvlEJPt6qEHtg8wM9vJwVQkZTWYCliFWTUaL7sp3YT42u9IgCuBazmneEOjxFeDqUS_", "http://redirect.citexplore.com/redirect?title=%E3%80%90Windows10%E3%80%91%E5%A6%82%E4%BD%95%E4%BD%BF%E7%94%A8Segoe%20MDL2%20Assets%E5%9B%BE%E6%A0%87%20-%20CSDN%E5%8D%9A%E5%AE%A2&urlsnippet=https%3A%2F%2Fblog.csdn.net%2Fqq161717...%C2%A0&url=http%3A%2F%2Fwww.baidu.com%2Flink%3Furl%3D_h9HshVthKzN6TXQbss8XtomRJx2IO_ijKm1Hm8mYrmpfji7YlrYp-_4sKD9Jit4p5WTAUbqJPiTJzKcuxHM-L-DI-ZynTn-WBkGugzlDLe", "http://redirect.citexplore.com/redirect?title=%E3%80%90WIN10%E3%80%91Segoe%20MDL2%20Assets%20-%20%E8%B3%A3%E9%AD%9A%E4%BA%BA%20-%20%E5%8D%9A%E5%AE%A2%E5%9B%AD&urlsnippet=https%3A%2F%2Fwww.cnblogs.com%2Flin277...%C2%A0&url=http%3A%2F%2Fwww.baidu.com%2Flink%3Furl%3DUBGZMfeKwebdVCEWQIiD31LIp9ny760GsvN3yfX0l1IMCa7w3KGSshnK0QWxfRiwd5EgOG5Y9WUGXdL4qbGl6q", "http://redirect.citexplore.com/redirect?title=%E8%B4%AD%E4%B9%B0UWP%20Segoe%20MDL2%20Assets%20-%20Microsoft%20Store%20zh-CN&urlsnippet=https%3A%2F%2Fwww.microsoft.com%2Fzh-c...%C2%A0&url=http%3A%2F%2Fwww.baidu.com%2Flink%3Furl%3DBj9bIxlrrGkyPGhnBibihWKqRIfoAT-Bab5kOZc-VZwnGSi8Tt2s-zky5e8XV-QpdfrPHZ4UlVNhXeX_Frsgu18WxYf6FEG-FFHJFL2t7QPtv5jwMhEA-j4LoRXkHj6h", "http://redirect.citexplore.com/redirect?title=Segoe%20MDL2%20Assets%E5%AD%97%E4%BD%93%2CSegoeMDL2Assets%E5%AD%97%E4%BD%93%7CSegoe%20MDL2%20Assets%20...&urlsnippet=www.fontke.com%2Ffont%2F13...%C2%A0&url=http%3A%2F%2Fwww.baidu.com%2Flink%3Furl%3DmT8jCQq6uEyPe9MZhdx5fcXrfj3KU2xKa4FYTXK51HuKUOfd7tHg6b8Lz6fzmSvb", "http://redirect.citexplore.com/redirect?title=%E8%B4%AD%E4%B9%B0Segoe%20MDL2%20Assets%20-%20Microsoft%20Store%20zh-CN&urlsnippet=https%3A%2F%2Fwww.microsoft.com%2Fstor...%C2%A0&url=http%3A%2F%2Fwww.baidu.com%2Flink%3Furl%3DCby2VpnB-PXpE_uOyUqgH0SXeD8WHCez2N-bjb7kzXKPC93yPIHv0p3-Be3L7Tq17M56WcMacv7kIXY2zLLoNq", "http://redirect.citexplore.com/redirect?title=Segoe%20MDL2%20Assets%20-%20Cheatsheet&urlsnippet=modernicons.io%2Fsegoe-m...%C2%A0&url=http%3A%2F%2Fwww.baidu.com%2Flink%3Furl%3DB-x8KVLVYnA_y9wlPxZbMhs70PxuoVOKFsAp2Bl1XGWWMb2zt-tq2IS60kXpJCntM0C9U0coz9inRo8W8pk-d_", "http://redirect.citexplore.com/redirect?title=%E5%A6%82%E4%BD%95%E4%BD%BF%E7%94%A8Segoe%20MDL2%20Assets%E5%9B%BE%E6%A0%87_%E7%99%BE%E5%BA%A6%E7%9F%A5%E9%81%93&urlsnippet=https%3A%2F%2Fzhidao.baidu.com%2Fquest...%C2%A0&url=http%3A%2F%2Fwww.baidu.com%2Flink%3Furl%3DnuaqDacbtsgNacjAUoOGgJSVkcHknG9ONjU_unxlYaO06KaYwhiQ_weAMW-DKH7sbizbQfUQSGBiriKVw5tY5ImE4aiDBhzqDL7rQIu5L9S", "http://redirect.citexplore.com/redirect?title=UWP%20Segoe%20MDL2%20Assets%7CWPUWP%20Segoe%20MDL2%20Assets%E4%B8%8B%E8%BD%BD%7CWP%E5%BA%94%E7%94%A8%E5%95%86%E5%BA%97%7C...&urlsnippet=www.weifengke.com%2Fapp_...%C2%A0&url=http%3A%2F%2Fwww.baidu.com%2Flink%3Furl%3Dgyc-KUPjM3KbJLIqi5KWYN7BOEcLuUNKpEFNBO_T-5UdDWRC0S8WRzzS7uNdVKWd_MZEfEB6yDi8esYzO0K7jq" ],
    "url" : "https://www.baidu.com/baidu?wd=Segoe+MDL2+Assets&tn=monline_4_dg&ie=utf-8",
    "tabId" : 2,
    "sequenceId" : 2,
    "id" : "20155621",
    "timestamp" : 1522675103666,
    "serverTimestamp" : 1522675101693,
    "query" : "Segoe MDL2 Assets"
  } ]
}, {
  "mergedAction" : "session",
  "mergedActions" : [ {
    "tabId" : 15,
    "url" : "http://www.cnblogs.com/Judylalala/",
    "refer" : "https://www.cnblogs.com/",
    "timestamp" : 1522684577772,
    "action" : "request",
    "sequenceId" : 32,
    "id" : "20155621",
    "serverTimestamp" : 1522684575964
  }, {
    "url" : "http://www.cnblogs.com/Judylalala/",
    "timestamp" : 1522684578746,
    "action" : "active",
    "sequenceId" : 32,
    "id" : "20155621",
    "serverTimestamp" : 1522684576952
  } ]
}, {
  "mergedAction" : "session",
  "mergedActions" : [ {
    "tabId" : 15,
    "url" : "http://www.cnblogs.com/Judylalala/p/8708031.html",
    "refer" : "https://i.cnblogs.com/PostDone.aspx?postid=8708031&actiontip=%e5%8f%91%e5%b8%83%e6%88%90%e5%8a%9f",
    "timestamp" : 1522734095030,
    "action" : "request",
    "sequenceId" : 32,
    "id" : "20155621",
    "serverTimestamp" : 1522734092200
  }, {
    "url" : "http://www.cnblogs.com/Judylalala/p/8708031.html",
    "timestamp" : 1522734097070,
    "action" : "active",
    "sequenceId" : 32,
    "id" : "20155621",
    "serverTimestamp" : 1522734094220
  } ]
} ]