[ {
  "mergedAction" : "session",
  "mergedActions" : [ {
    "action" : "serp",
    "encrypted" : false,
    "urls" : [ "http://www.cnblogs.com/ms-uap/p/4518048.html", "http://www.cnblogs.com/dino623/p/TemplatedControlUI.html", "http://blog.csdn.net/column/details/14006.html", "https://docs.microsoft.com/zh-cn/windows/uwp/porting/getting-started-common-controls", "http://blog.csdn.net/u011033906/article/details/64498024", "http://www.cnblogs.com/dino623/p/TemplatedControl.html", "http://songshizhao.com/blog/blogPage/130.html", "https://yq.aliyun.com/articles/259558", "https://yq.aliyun.com/articles/259559", "http://www.bkjia.com/Asp_Netjc/1053910.html" ],
    "url" : "https://www.bing.com/search?q=uwp%E6%8E%A7%E4%BB%B6%E6%94%B9%E5%A4%96%E8%A7%82&go=%E6%8F%90%E4%BA%A4&qs=ds&form=QBLH",
    "tabId" : 2,
    "sequenceId" : 1,
    "id" : "20154497",
    "timestamp" : 1522317082324,
    "serverTimestamp" : 1522317084156,
    "query" : "uwp控件改外观"
  }, {
    "tabId" : 142,
    "url" : "http://www.cnblogs.com/dino623/p/TemplatedControlUI.html",
    "sourceTabId" : 2,
    "refer" : "https://www.bing.com/search?q=uwp%E6%8E%A7%E4%BB%B6%E6%94%B9%E5%A4%96%E8%A7%82&go=%E6%8F%90%E4%BA%A4&qs=ds&form=QBLH",
    "timestamp" : 1522317131301,
    "action" : "request",
    "sequenceId" : 1,
    "id" : "20154497",
    "serverTimestamp" : 1522317133139
  }, {
    "action" : "serp",
    "encrypted" : false,
    "urls" : [ "http://www.cnblogs.com/ms-uap/p/4518048.html", "http://songshizhao.com/blog/blogPage/130.html", "http://blog.csdn.net/u011033906/article/details/64443127", "http://www.cnblogs.com/dino623/p/TemplatedControlUI.html", "http://blog.csdn.net/u011033906/article/details/64498024", "https://docs.microsoft.com/zh-cn/windows/uwp/porting/getting-started-common-controls", "https://yq.aliyun.com/articles/259558", "https://yq.aliyun.com/articles/259559", "http://www.aichengxu.com/wordpress/24649816.htm", "http://lib.csdn.net/article/csharp/62034" ],
    "url" : "https://www.bing.com/search?q=uwp%E6%8E%A7%E4%BB%B6+%E5%A4%96%E8%A7%82&qs=n&form=QBRE&sp=-1&pq=uwp%E6%8E%A7%E4%BB%B6+%E5%A4%96%E8%A7%82&sc=0-8&sk=&cvid=13A13C426BC346B6B6B91985EFFA329B",
    "tabId" : 2,
    "sequenceId" : 1,
    "id" : "20154497",
    "timestamp" : 1522317319396,
    "serverTimestamp" : 1522317321229,
    "query" : "uwp控件 外观"
  }, {
    "action" : "serp",
    "encrypted" : false,
    "urls" : [ "https://docs.microsoft.com/en-us/windows/uwp/get-started/universal-application-platform-guide", "https://docs.microsoft.com/en-us/windows/uwp/get-started/whats-a-uwp", "https://en.wikipedia.org/wiki/Universal_Windows_Platform", "https://www.thurrott.com/windows/windows-10/3294/need-to-know-universal-windows-platform", "http://www.businessinsider.com/microsoft-universal-windows-platform-explained", "https://developer.microsoft.com/en-us/windows/bridges", "https://www.teamviewer.com/zhcn/download/windows-app/", "https://blogs.windows.com/buildingapps/2015/04/29/expanding-the-universal-windows-platform-at-build-2015/", "https://msdn.microsoft.com/en-us/library/dn975273.aspx", "https://baike.baidu.com/item/UWP" ],
    "url" : "https://www.bing.com/search?q=uwp&qs=n&form=QBRE&sp=-1&pq=uwp&sc=0-0&sk=&cvid=449F6B0D4FC8491CA0291E2FE31A3468",
    "tabId" : 2,
    "sequenceId" : 1,
    "id" : "20154497",
    "timestamp" : 1522317417121,
    "serverTimestamp" : 1522317418955,
    "query" : "uwp"
  } ]
}, {
  "mergedAction" : "session",
  "mergedActions" : [ {
    "tabId" : 138,
    "url" : "http://www.cnblogs.com/ms-uap/p/4518048.html",
    "sourceTabId" : 2,
    "refer" : "https://www.bing.com/search?q=uwp%E6%8E%A7%E4%BB%B6%E6%94%B9%E5%A4%96%E8%A7%82&go=%E6%8F%90%E4%BA%A4&qs=ds&form=QBLH",
    "timestamp" : 1522317083593,
    "action" : "request",
    "sequenceId" : 1,
    "id" : "20154497",
    "serverTimestamp" : 1522317085431
  }, {
    "tabId" : 138,
    "url" : "http://www.cnblogs.com/ms-uap/p/4518048.html",
    "timestamp" : 1522317084636,
    "action" : "active",
    "sequenceId" : 1,
    "id" : "20154497",
    "serverTimestamp" : 1522317086466
  }, {
    "tabId" : 142,
    "url" : "http://www.cnblogs.com/dino623/p/TemplatedControlUI.html",
    "timestamp" : 1522317132999,
    "action" : "active",
    "sequenceId" : 1,
    "id" : "20154497",
    "serverTimestamp" : 1522317134835
  }, {
    "tabId" : 146,
    "url" : "http://songshizhao.com/blog/blogPage/130.html",
    "sourceTabId" : 2,
    "refer" : "https://www.bing.com/search?q=uwp%E6%8E%A7%E4%BB%B6+%E5%A4%96%E8%A7%82&qs=n&form=QBRE&sp=-1&pq=uwp%E6%8E%A7%E4%BB%B6+%E5%A4%96%E8%A7%82&sc=0-8&sk=&cvid=13A13C426BC346B6B6B91985EFFA329B",
    "timestamp" : 1522317323164,
    "action" : "request",
    "sequenceId" : 1,
    "id" : "20154497",
    "serverTimestamp" : 1522317324997
  }, {
    "tabId" : 146,
    "url" : "http://songshizhao.com/blog/blogPage/130.html",
    "timestamp" : 1522317324208,
    "action" : "active",
    "sequenceId" : 1,
    "id" : "20154497",
    "serverTimestamp" : 1522317326040
  }, {
    "tabId" : 150,
    "url" : "https://blog.csdn.net/u011033906/article/details/64443127",
    "sourceTabId" : 2,
    "refer" : "https://www.bing.com/search?q=uwp%E6%8E%A7%E4%BB%B6+%E5%A4%96%E8%A7%82&qs=n&form=QBRE&sp=-1&pq=uwp%E6%8E%A7%E4%BB%B6+%E5%A4%96%E8%A7%82&sc=0-8&sk=&cvid=13A13C426BC346B6B6B91985EFFA329B",
    "timestamp" : 1522317334438,
    "action" : "request",
    "sequenceId" : 1,
    "id" : "20154497",
    "serverTimestamp" : 1522317336271
  }, {
    "tabId" : 146,
    "url" : "http://songshizhao.com/blog/blogPage/130.html",
    "timestamp" : 1522317335012,
    "action" : "active",
    "sequenceId" : 1,
    "id" : "20154497",
    "serverTimestamp" : 1522317336852
  }, {
    "tabId" : 150,
    "url" : "https://blog.csdn.net/u011033906/article/details/64443127",
    "timestamp" : 1522317336385,
    "action" : "active",
    "sequenceId" : 1,
    "id" : "20154497",
    "serverTimestamp" : 1522317338218
  }, {
    "tabId" : 150,
    "url" : "https://blog.csdn.net/u011033906/article/details/64443127",
    "timestamp" : 1522317358361,
    "action" : "active",
    "sequenceId" : 1,
    "id" : "20154497",
    "serverTimestamp" : 1522317360205
  }, {
    "tabId" : 146,
    "url" : "http://songshizhao.com/blog/blogPage/130.html",
    "timestamp" : 1522317412002,
    "action" : "active",
    "sequenceId" : 1,
    "id" : "20154497",
    "serverTimestamp" : 1522317413840
  }, {
    "tabId" : 146,
    "url" : "http://songshizhao.com/blog/blogPage/130.html",
    "timestamp" : 1522317412844,
    "action" : "active",
    "sequenceId" : 1,
    "id" : "20154497",
    "serverTimestamp" : 1522317414676
  }, {
    "tabId" : 154,
    "url" : "https://docs.microsoft.com/en-us/windows/uwp/get-started/universal-application-platform-guide",
    "sourceTabId" : 2,
    "refer" : "https://www.bing.com/search?q=uwp&qs=n&form=QBRE&sp=-1&pq=uwp&sc=0-0&sk=&cvid=449F6B0D4FC8491CA0291E2FE31A3468",
    "timestamp" : 1522317421350,
    "action" : "request",
    "sequenceId" : 1,
    "id" : "20154497",
    "serverTimestamp" : 1522317423185
  } ]
}, {
  "mergedAction" : "session",
  "mergedActions" : [ {
    "tabId" : 2,
    "url" : "http://www.cnblogs.com/lotsofone/p/8672841.html?githuburl=https://github.com/lotsofone/HomeWorkPlayer",
    "refer" : "https://uvp.neu.edu.cn/Portal/StudentAssignments?id=1007",
    "timestamp" : 1522629422437,
    "action" : "request",
    "sequenceId" : 1,
    "id" : "20154497",
    "serverTimestamp" : 1522629423313
  }, {
    "tabId" : 2,
    "url" : "http://www.cnblogs.com/lotsofone/p/8672841.html?githuburl=https://github.com/lotsofone/HomeWorkPlayer",
    "timestamp" : 1522629424686,
    "action" : "active",
    "sequenceId" : 1,
    "id" : "20154497",
    "serverTimestamp" : 1522629425561
  }, {
    "action" : "serp",
    "encrypted" : false,
    "urls" : [ "https://www.microsoft.com/zh-cn/store/p/acg-%e6%92%ad%e6%94%be%e5%99%a8/9nblggh698c7", "https://www.microsoft.com/zh-cn/store/p/acg-%e6%92%ad%e6%94%be%e5%99%a8/9nblggh698c7", "https://www.microsoft.com/zh-cn/store/p/ax-lite-%e6%92%ad%e6%94%be%e5%99%a8-uwp/9nblggh68jgp", "https://www.microsoft.com/zh-cn/store/p/ax-lite-%e6%92%ad%e6%94%be%e5%99%a8-uwp/9nblggh68jgp", "https://tieba.baidu.com/p/4253021727", "https://tieba.baidu.com/p/4253021727", "http://tieba.baidu.com/p/4172885439", "http://tieba.baidu.com/p/4172885439", "http://uwp.cn/app/9NBLGGH698C7", "http://uwp.cn/app/9NBLGGH698C7", "http://www.xdowns.com/soft/184/phone/279/2016/Soft_153237.html", "http://www.xdowns.com/soft/184/phone/279/2016/Soft_153237.html", "http://blog.csdn.net/linwh8/article/details/70314698", "http://blog.csdn.net/linwh8/article/details/70314698", "https://zhuanlan.zhihu.com/p/20770140?refer=wpapp", "https://zhuanlan.zhihu.com/p/20770140?refer=wpapp", "https://www.zhihu.com/question/54724058", "https://www.zhihu.com/question/54724058", "http://www.downxia.com/downinfo/149814.html", "http://www.downxia.com/downinfo/149814.html" ],
    "url" : "https://www.bing.com/search?q=uwp+%E6%92%AD%E6%94%BE%E5%99%A8&qs=n&form=QBLH&sp=-1&pq=uwp+%E6%92%AD%E6%94%BE%E5%99%A8&sc=9-4&sk=&cvid=411720D06BF54580BC93ED2C4BA6C0A3",
    "tabId" : 149,
    "sequenceId" : 5,
    "id" : "20154497",
    "timestamp" : 1522629805002,
    "serverTimestamp" : 1522629805889,
    "query" : "uwp 播放器"
  }, {
    "action" : "serp",
    "encrypted" : false,
    "urls" : [ "http://blog.csdn.net/linwh8/article/details/70314698", "http://blog.csdn.net/linwh8/article/details/70314698", "http://blog.csdn.net/wind_white/article/details/63267335", "http://blog.csdn.net/wind_white/article/details/63267335", "https://www.ithome.com/html/windowsphone/201003.htm", "https://www.ithome.com/html/windowsphone/201003.htm", "http://lib.csdn.net/article/csharp/67365", "http://lib.csdn.net/article/csharp/67365", "http://www.cnblogs.com/NEIL-X/p/5461934.html", "http://www.cnblogs.com/NEIL-X/p/5461934.html", "https://www.zhihu.com/question/47646457", "https://www.zhihu.com/question/47646457", "https://social.msdn.microsoft.com/Forums/zh-CN/f1736e5b-619a-4533-8a28-5286f5eac6f2/windows-10-uwp?forum=windowsphonezhchs", "https://social.msdn.microsoft.com/Forums/zh-CN/f1736e5b-619a-4533-8a28-5286f5eac6f2/windows-10-uwp?forum=windowsphonezhchs", "http://uwp.cn/app/9NBLGGH698C7", "http://uwp.cn/app/9NBLGGH698C7", "https://www.microsoft.com/zh-cn/store/p/ax-lite-%e6%92%ad%e6%94%be%e5%99%a8-uwp/9nblggh68jgp", "https://www.microsoft.com/zh-cn/store/p/ax-lite-%e6%92%ad%e6%94%be%e5%99%a8-uwp/9nblggh68jgp", "http://uwp.cn/", "http://uwp.cn/" ],
    "url" : "https://www.bing.com/search?q=uwp+%E6%92%AD%E6%94%BE%E5%99%A8%E5%AE%9E%E7%8E%B0&qs=n&form=QBRE&sp=-1&pq=uwp+%E6%92%AD%E6%94%BE%E5%99%A8%E5%AE%9E%E7%8E%B0&sc=0-9&sk=&cvid=53DCCFCB3D1D444C9AF396D150F1B48B",
    "tabId" : 149,
    "sequenceId" : 5,
    "id" : "20154497",
    "timestamp" : 1522629818717,
    "serverTimestamp" : 1522629819598,
    "query" : "uwp 播放器实现"
  }, {
    "tabId" : 153,
    "url" : "http://lib.csdn.net/article/csharp/67365",
    "sourceTabId" : 149,
    "refer" : "https://www.bing.com/search?q=uwp+%E6%92%AD%E6%94%BE%E5%99%A8%E5%AE%9E%E7%8E%B0&qs=n&form=QBRE&sp=-1&pq=uwp+%E6%92%AD%E6%94%BE%E5%99%A8%E5%AE%9E%E7%8E%B0&sc=0-9&sk=&cvid=53DCCFCB3D1D444C9AF396D150F1B48B",
    "timestamp" : 1522629826011,
    "action" : "request",
    "sequenceId" : 5,
    "id" : "20154497",
    "serverTimestamp" : 1522629826890
  }, {
    "tabId" : 153,
    "url" : "http://lib.csdn.net/article/csharp/67365",
    "timestamp" : 1522629829958,
    "action" : "active",
    "sequenceId" : 5,
    "id" : "20154497",
    "serverTimestamp" : 1522629830838
  }, {
    "tabId" : 157,
    "url" : "https://www.ithome.com/html/windowsphone/201003.htm",
    "sourceTabId" : 149,
    "refer" : "https://www.bing.com/search?q=uwp+%E6%92%AD%E6%94%BE%E5%99%A8%E5%AE%9E%E7%8E%B0&qs=n&form=QBRE&sp=-1&pq=uwp+%E6%92%AD%E6%94%BE%E5%99%A8%E5%AE%9E%E7%8E%B0&sc=0-9&sk=&cvid=53DCCFCB3D1D444C9AF396D150F1B48B",
    "timestamp" : 1522629851275,
    "action" : "request",
    "sequenceId" : 5,
    "id" : "20154497",
    "serverTimestamp" : 1522629852153
  }, {
    "tabId" : 157,
    "url" : "https://www.ithome.com/html/windowsphone/201003.htm",
    "timestamp" : 1522629866367,
    "action" : "active",
    "sequenceId" : 5,
    "id" : "20154497",
    "serverTimestamp" : 1522629867245
  }, {
    "action" : "serp",
    "encrypted" : false,
    "urls" : [ "http://blog.csdn.net/wind_white/article/details/63267335", "http://blog.csdn.net/wind_white/article/details/63267335", "http://blog.csdn.net/linwh8/article/details/70314698", "http://blog.csdn.net/linwh8/article/details/70314698", "http://www.cnblogs.com/xiao2/p/7078088.html", "http://www.cnblogs.com/xiao2/p/7078088.html", "https://www.zhihu.com/question/56955895", "https://www.zhihu.com/question/56955895", "https://tieba.baidu.com/p/4253021727", "https://tieba.baidu.com/p/4253021727", "https://zhuanlan.zhihu.com/p/20770140?refer=wpapp", "https://zhuanlan.zhihu.com/p/20770140?refer=wpapp", "https://www.zhihu.com/question/23671781", "https://www.zhihu.com/question/23671781", "https://www.zhihu.com/question/54724058", "https://www.zhihu.com/question/54724058", "https://msdn.microsoft.com/zh-cn/library/mt185497.aspx", "https://msdn.microsoft.com/zh-cn/library/mt185497.aspx", "http://www.cnblogs.com/ms-uap/p/5206846.html", "http://www.cnblogs.com/ms-uap/p/5206846.html" ],
    "url" : "https://www.bing.com/search?q=uwp+%E7%BC%96%E5%86%99+%E6%92%AD%E6%94%BE%E5%99%A8&qs=n&form=QBRE&sp=-1&pq=uwp+%E7%BC%96%E5%86%99+%E6%92%AD%E6%94%BE%E5%99%A8&sc=0-17&sk=&cvid=0B432EACF6854029BF9636E2750044DD",
    "tabId" : 149,
    "sequenceId" : 5,
    "id" : "20154497",
    "timestamp" : 1522629959460,
    "serverTimestamp" : 1522629960368,
    "query" : "uwp 编写 播放器"
  }, {
    "tabId" : 161,
    "url" : "https://blog.csdn.net/linwh8/article/details/70314698",
    "sourceTabId" : 149,
    "refer" : "https://www.bing.com/search?q=uwp+%E7%BC%96%E5%86%99+%E6%92%AD%E6%94%BE%E5%99%A8&qs=n&form=QBRE&sp=-1&pq=uwp+%E7%BC%96%E5%86%99+%E6%92%AD%E6%94%BE%E5%99%A8&sc=0-17&sk=&cvid=0B432EACF6854029BF9636E2750044DD",
    "timestamp" : 1522629965308,
    "action" : "request",
    "sequenceId" : 5,
    "id" : "20154497",
    "serverTimestamp" : 1522629966187
  }, {
    "tabId" : 161,
    "url" : "https://blog.csdn.net/linwh8/article/details/70314698",
    "timestamp" : 1522629988097,
    "action" : "active",
    "sequenceId" : 5,
    "id" : "20154497",
    "serverTimestamp" : 1522629988974
  }, {
    "action" : "serp",
    "encrypted" : false,
    "urls" : [ "http://www.zgxue.com/207/2072609.html", "http://www.zgxue.com/207/2072609.html", "http://www.cnblogs.com/ms-uap/p/4528169.html", "http://www.cnblogs.com/ms-uap/p/4528169.html", "https://bbs.csdn.net/topics/391854422", "https://bbs.csdn.net/topics/391854422", "http://www.cnblogs.com/manupstairs/p/5267418.html", "http://www.cnblogs.com/manupstairs/p/5267418.html", "http://blog.higan.me/uwp-control-development-01/", "http://blog.higan.me/uwp-control-development-01/", "http://blog.csdn.net/nomasp/article/details/50252477", "http://blog.csdn.net/nomasp/article/details/50252477", "http://www.open-open.com/lib/view/open1436016276560.html", "http://www.open-open.com/lib/view/open1436016276560.html", "http://www.bkjia.com/Asp_Netjc/1112098.html", "http://www.bkjia.com/Asp_Netjc/1112098.html", "https://docs.microsoft.com/zh-cn/windows/uwp/get-started/create-a-hello-world-app-xaml-universal", "https://docs.microsoft.com/zh-cn/windows/uwp/get-started/create-a-hello-world-app-xaml-universal", "http://www.bkjia.com/Asp_Netjc/1027916.html", "http://www.bkjia.com/Asp_Netjc/1027916.html" ],
    "url" : "https://www.bing.com/search?q=uwp+%E5%B8%83%E5%B1%80%E7%BB%84%E4%BB%B6&qs=n&form=QBRE&sp=-1&pq=uwp+%E5%B8%83%E5%B1%80%E7%BB%84%E4%BB%B6&sc=0-13&sk=&cvid=741E9BD910F348DFB622D1BF3D6CA19B",
    "tabId" : 149,
    "sequenceId" : 5,
    "id" : "20154497",
    "timestamp" : 1522630227580,
    "serverTimestamp" : 1522630228463,
    "query" : "uwp 布局组件"
  }, {
    "tabId" : 169,
    "url" : "http://www.cnblogs.com/manupstairs/p/5267418.html",
    "sourceTabId" : 149,
    "refer" : "https://www.bing.com/search?q=uwp+%E5%B8%83%E5%B1%80%E7%BB%84%E4%BB%B6&qs=n&form=QBRE&sp=-1&pq=uwp+%E5%B8%83%E5%B1%80%E7%BB%84%E4%BB%B6&sc=0-13&sk=&cvid=741E9BD910F348DFB622D1BF3D6CA19B",
    "timestamp" : 1522630240689,
    "action" : "request",
    "sequenceId" : 5,
    "id" : "20154497",
    "serverTimestamp" : 1522630241568
  }, {
    "tabId" : 169,
    "url" : "http://www.cnblogs.com/manupstairs/p/5267418.html",
    "timestamp" : 1522630241880,
    "action" : "active",
    "sequenceId" : 5,
    "id" : "20154497",
    "serverTimestamp" : 1522630242779
  }, {
    "action" : "serp",
    "encrypted" : false,
    "urls" : [ "http://blog.csdn.net/u010168422/article/details/50998784", "http://blog.csdn.net/u010168422/article/details/50998784", "http://blog.csdn.net/u011033906/article/details/64440946", "http://blog.csdn.net/u011033906/article/details/64440946", "https://www.zhihu.com/question/53159237", "https://www.zhihu.com/question/53159237", "http://www.aichengxu.com/wordpress/9385709.htm", "http://www.aichengxu.com/wordpress/9385709.htm", "https://www.airicy.com/uwp/stackpanel-exercise/", "https://www.airicy.com/uwp/stackpanel-exercise/", "https://yq.aliyun.com/articles/259560", "https://yq.aliyun.com/articles/259560", "http://www.cnblogs.com/by-admini22/p/5457070.html", "http://www.cnblogs.com/by-admini22/p/5457070.html", "https://www.bilibili.com/video/av3390941/", "https://www.bilibili.com/video/av3390941/", "https://msdn.microsoft.com/zh-cn/library/windows/apps/windows.ui.xaml.controls.stackpanel.aspx", "https://msdn.microsoft.com/zh-cn/library/windows/apps/windows.ui.xaml.controls.stackpanel.aspx", "https://docs.microsoft.com/en-us/windows/uwp/design/layout/grid-tutorial", "https://docs.microsoft.com/en-us/windows/uwp/design/layout/grid-tutorial" ],
    "url" : "https://www.bing.com/search?q=uwp+%E5%B8%83%E5%B1%80+grid+stackpanel&qs=n&form=QBRE&sp=-1&pq=uwp+%E5%B8%83%E5%B1%80+grid+stackpanel&sc=0-23&sk=&cvid=1CEF675F883B4E5BA02F1A0834BB3F0B",
    "tabId" : 149,
    "sequenceId" : 5,
    "id" : "20154497",
    "timestamp" : 1522630276000,
    "serverTimestamp" : 1522630276880,
    "query" : "uwp 布局 grid stackpanel"
  }, {
    "action" : "serp",
    "encrypted" : false,
    "urls" : [ "https://docs.microsoft.com/zh-cn/windows/uwp/", "https://docs.microsoft.com/zh-cn/windows/uwp/", "https://yq.aliyun.com/articles/839", "https://yq.aliyun.com/articles/839", "http://www.cnblogs.com/zhuyulong/p/5515623.html", "http://www.cnblogs.com/zhuyulong/p/5515623.html", "https://developer.microsoft.com/zh-cn/windows", "https://developer.microsoft.com/zh-cn/windows", "http://blog.csdn.net/lindexi_gd/article/details/49007841", "http://blog.csdn.net/lindexi_gd/article/details/49007841", "https://www.zhihu.com/question/37579524", "https://www.zhihu.com/question/37579524", "http://www.cnblogs.com/uwpbox/articles/5815617.html", "http://www.cnblogs.com/uwpbox/articles/5815617.html", "https://developer.microsoft.com/zh-cn/windows/apps/design", "https://developer.microsoft.com/zh-cn/windows/apps/design", "https://q.cnblogs.com/q/85563/", "https://q.cnblogs.com/q/85563/", "https://social.msdn.microsoft.com/Forums/zh-CN/0192a3f7-49a3-4bf6-ab03-b419fe4ff1b2/uwp?forum=window10app", "https://social.msdn.microsoft.com/Forums/zh-CN/0192a3f7-49a3-4bf6-ab03-b419fe4ff1b2/uwp?forum=window10app" ],
    "url" : "https://www.bing.com/search?q=uwp+%E6%96%87%E6%A1%A3&qs=n&form=QBRE&sp=-1&pq=uwp+%E6%96%87%E6%A1%A3&sc=1-12&sk=&cvid=B33D45330AAA4216B66D733579CCCA26",
    "tabId" : 149,
    "sequenceId" : 5,
    "id" : "20154497",
    "timestamp" : 1522630348255,
    "serverTimestamp" : 1522630349135,
    "query" : "uwp 文档"
  }, {
    "tabId" : 173,
    "url" : "https://docs.microsoft.com/en-us/windows/uwp/design/controls-and-patterns/controls-by-function",
    "refer" : "https://docs.microsoft.com/en-us/windows/uwp/design/controls-and-patterns/index",
    "timestamp" : 1522630373680,
    "action" : "request",
    "sequenceId" : 5,
    "id" : "20154497",
    "serverTimestamp" : 1522630374562
  }, {
    "tabId" : 173,
    "url" : "https://docs.microsoft.com/en-us/windows/uwp/design/controls-and-patterns/controls-by-function",
    "timestamp" : 1522630375385,
    "action" : "active",
    "sequenceId" : 5,
    "id" : "20154497",
    "serverTimestamp" : 1522630376266
  }, {
    "tabId" : 173,
    "url" : "https://docs.microsoft.com/en-us/windows/uwp/design/controls-and-patterns/controls-by-function",
    "timestamp" : 1522630418144,
    "action" : "active",
    "sequenceId" : 5,
    "id" : "20154497",
    "serverTimestamp" : 1522630419033
  }, {
    "tabId" : 177,
    "url" : "https://docs.microsoft.com/en-us/uwp/api/Windows.UI.Xaml.Controls.Grid",
    "sourceTabId" : 173,
    "refer" : "https://docs.microsoft.com/en-us/windows/uwp/design/controls-and-patterns/controls-by-function",
    "timestamp" : 1522630424967,
    "action" : "request",
    "sequenceId" : 5,
    "id" : "20154497",
    "serverTimestamp" : 1522630425848
  }, {
    "tabId" : 177,
    "url" : "https://docs.microsoft.com/en-us/uwp/api/Windows.UI.Xaml.Controls.Grid",
    "timestamp" : 1522630436569,
    "action" : "active",
    "sequenceId" : 5,
    "id" : "20154497",
    "serverTimestamp" : 1522630437455
  }, {
    "tabId" : 173,
    "url" : "https://docs.microsoft.com/en-us/windows/uwp/design/controls-and-patterns/controls-by-function",
    "timestamp" : 1522630449275,
    "action" : "active",
    "sequenceId" : 5,
    "id" : "20154497",
    "serverTimestamp" : 1522630450156
  }, {
    "tabId" : 177,
    "url" : "https://docs.microsoft.com/en-us/uwp/api/Windows.UI.Xaml.Controls.Grid",
    "timestamp" : 1522630455491,
    "action" : "active",
    "sequenceId" : 5,
    "id" : "20154497",
    "serverTimestamp" : 1522630456372
  }, {
    "tabId" : 173,
    "url" : "https://docs.microsoft.com/en-us/windows/uwp/design/controls-and-patterns/controls-by-function",
    "timestamp" : 1522630456947,
    "action" : "active",
    "sequenceId" : 5,
    "id" : "20154497",
    "serverTimestamp" : 1522630457828
  }, {
    "tabId" : 177,
    "url" : "https://docs.microsoft.com/en-us/uwp/api/Windows.UI.Xaml.Controls.Grid",
    "timestamp" : 1522630463632,
    "action" : "active",
    "sequenceId" : 5,
    "id" : "20154497",
    "serverTimestamp" : 1522630464514
  }, {
    "tabId" : 173,
    "url" : "https://docs.microsoft.com/en-us/windows/uwp/design/controls-and-patterns/controls-by-function",
    "timestamp" : 1522630467738,
    "action" : "active",
    "sequenceId" : 5,
    "id" : "20154497",
    "serverTimestamp" : 1522630468620
  }, {
    "tabId" : 177,
    "url" : "https://docs.microsoft.com/en-us/uwp/api/Windows.UI.Xaml.Controls.Grid",
    "timestamp" : 1522630485535,
    "action" : "active",
    "sequenceId" : 5,
    "id" : "20154497",
    "serverTimestamp" : 1522630486414
  }, {
    "tabId" : 177,
    "url" : "https://docs.microsoft.com/en-us/uwp/api/Windows.UI.Xaml.Controls.Grid",
    "timestamp" : 1522630505317,
    "action" : "active",
    "sequenceId" : 5,
    "id" : "20154497",
    "serverTimestamp" : 1522630506197
  }, {
    "tabId" : 177,
    "url" : "https://docs.microsoft.com/en-us/uwp/api/Windows.UI.Xaml.Controls.Grid",
    "timestamp" : 1522630539161,
    "action" : "active",
    "sequenceId" : 5,
    "id" : "20154497",
    "serverTimestamp" : 1522630540041
  }, {
    "tabId" : 177,
    "url" : "https://docs.microsoft.com/en-us/uwp/api/Windows.UI.Xaml.Controls.Grid",
    "timestamp" : 1522630565878,
    "action" : "active",
    "sequenceId" : 5,
    "id" : "20154497",
    "serverTimestamp" : 1522630566759
  }, {
    "tabId" : 177,
    "url" : "https://docs.microsoft.com/en-us/uwp/api/Windows.UI.Xaml.Controls.Grid",
    "timestamp" : 1522630573938,
    "action" : "active",
    "sequenceId" : 5,
    "id" : "20154497",
    "serverTimestamp" : 1522630574820
  }, {
    "tabId" : 173,
    "url" : "https://docs.microsoft.com/en-us/uwp/api/",
    "refer" : "https://docs.microsoft.com/en-us/uwp/",
    "timestamp" : 1522630632563,
    "action" : "request",
    "sequenceId" : 5,
    "id" : "20154497",
    "serverTimestamp" : 1522630633448
  }, {
    "tabId" : 173,
    "url" : "https://docs.microsoft.com/en-us/uwp/api/",
    "timestamp" : 1522630633685,
    "action" : "active",
    "sequenceId" : 5,
    "id" : "20154497",
    "serverTimestamp" : 1522630634573
  }, {
    "tabId" : 177,
    "url" : "https://docs.microsoft.com/en-us/uwp/api/Windows.UI.Xaml.Controls.Grid",
    "timestamp" : 1522630647062,
    "action" : "active",
    "sequenceId" : 5,
    "id" : "20154497",
    "serverTimestamp" : 1522630647944
  }, {
    "tabId" : 177,
    "url" : "https://docs.microsoft.com/en-us/uwp/api/Windows.UI.Xaml.Controls.Grid",
    "timestamp" : 1522631093958,
    "action" : "active",
    "sequenceId" : 5,
    "id" : "20154497",
    "serverTimestamp" : 1522631094844
  }, {
    "action" : "serp",
    "encrypted" : false,
    "urls" : [ "http://www.cnblogs.com/yanxiaodi/p/4923128.html", "http://www.cnblogs.com/yanxiaodi/p/4923128.html", "http://www.cnblogs.com/ms-uap/p/5799337.html", "http://www.cnblogs.com/ms-uap/p/5799337.html", "https://q.cnblogs.com/q/33923/", "https://q.cnblogs.com/q/33923/", "https://www.zhihu.com/question/38903548", "https://www.zhihu.com/question/38903548", "https://www.zhihu.com/question/22256902", "https://www.zhihu.com/question/22256902", "http://blog.csdn.net/igweyou/article/details/50502018", "http://blog.csdn.net/igweyou/article/details/50502018", "https://www.zhihu.com/question/55798274", "https://www.zhihu.com/question/55798274", "http://blog.csdn.net/bfboys/article/details/52900286", "http://blog.csdn.net/bfboys/article/details/52900286", "http://www.jb51.net/os/win10/282036.html", "http://www.jb51.net/os/win10/282036.html", "https://lindexi.gitee.io/lindexi/post/win10-uwp-%E5%8F%B3%E5%87%BB%E6%B5%AE%E5%87%BA%E7%AA%97%E5%9C%A8%E7%82%B9%E5%87%BB%E4%BD%8D%E7%BD%AE.html", "https://lindexi.gitee.io/lindexi/post/win10-uwp-%E5%8F%B3%E5%87%BB%E6%B5%AE%E5%87%BA%E7%AA%97%E5%9C%A8%E7%82%B9%E5%87%BB%E4%BD%8D%E7%BD%AE.html" ],
    "url" : "https://www.bing.com/search?q=uwp+%E9%BC%A0%E6%A0%87%E6%94%BE%E4%B8%8A%E9%9D%A2%E5%87%BA%E7%8E%B0&qs=n&form=QBLH&sp=-1&pq=uwp+%E9%BC%A0%E6%A0%87%E6%94%BE%E4%B8%8A%E9%9D%A2%E5%87%BA%E7%8E%B0&sc=0-17&sk=&cvid=A943060CBDA542C195A0C46916E3A665",
    "tabId" : 191,
    "sequenceId" : 10,
    "id" : "20154497",
    "timestamp" : 1522631568220,
    "serverTimestamp" : 1522631569107,
    "query" : "uwp 鼠标放上面出现"
  }, {
    "tabId" : 195,
    "url" : "https://q.cnblogs.com/q/33923/",
    "sourceTabId" : 191,
    "refer" : "https://www.bing.com/search?q=uwp+%E9%BC%A0%E6%A0%87%E6%94%BE%E4%B8%8A%E9%9D%A2%E5%87%BA%E7%8E%B0&qs=n&form=QBLH&sp=-1&pq=uwp+%E9%BC%A0%E6%A0%87%E6%94%BE%E4%B8%8A%E9%9D%A2%E5%87%BA%E7%8E%B0&sc=0-17&sk=&cvid=A943060CBDA542C195A0C46916E3A665",
    "timestamp" : 1522631575847,
    "action" : "request",
    "sequenceId" : 10,
    "id" : "20154497",
    "serverTimestamp" : 1522631576736
  }, {
    "tabId" : 195,
    "url" : "https://q.cnblogs.com/q/33923/",
    "timestamp" : 1522631579229,
    "action" : "active",
    "sequenceId" : 10,
    "id" : "20154497",
    "serverTimestamp" : 1522631580116
  }, {
    "action" : "serp",
    "encrypted" : false,
    "urls" : [ "https://docs.microsoft.com/en-us/uwp/api/Windows.UI.Xaml.Controls.MediaElement", "https://docs.microsoft.com/en-us/uwp/api/Windows.UI.Xaml.Controls.MediaElement", "http://www.cnblogs.com/gnielee/archive/2010/05/06/wpf4-media-player-mediaelement.html", "http://www.cnblogs.com/gnielee/archive/2010/05/06/wpf4-media-player-mediaelement.html", "http://www.mediaelementjs.com/", "http://www.mediaelementjs.com/", "https://docs.microsoft.com/en-us/uwp/api/Windows.UI.Xaml.Controls.MediaPlayerElement", "https://docs.microsoft.com/en-us/uwp/api/Windows.UI.Xaml.Controls.MediaPlayerElement", "https://msdn.microsoft.com/zh-cn/library/windows/apps/mt187272.aspx", "https://msdn.microsoft.com/zh-cn/library/windows/apps/mt187272.aspx", "http://www.cnblogs.com/mercedes-Benz/p/5534775.html", "http://www.cnblogs.com/mercedes-Benz/p/5534775.html", "https://msdn.microsoft.com/en-us/library/windows/apps/mt187272.aspx", "https://msdn.microsoft.com/en-us/library/windows/apps/mt187272.aspx", "https://blogs.msdn.microsoft.com/hiroyuk/2006/11/02/mediaelement-and-mediaplayer/", "https://blogs.msdn.microsoft.com/hiroyuk/2006/11/02/mediaelement-and-mediaplayer/", "https://msdn.microsoft.com/en-us/library/system.windows.controls.mediaelement(v=vs.110).aspx", "https://msdn.microsoft.com/en-us/library/system.windows.controls.mediaelement(v=vs.110).aspx", "https://www.codeproject.com/Tips/497004/Using-Windows-Media-Player-Control-in-WPF", "https://www.codeproject.com/Tips/497004/Using-Windows-Media-Player-Control-in-WPF" ],
    "url" : "https://www.bing.com/search?q=mediaelement+mediaplayer&qs=AS&pq=mediaelement+me%27d&sk=AS1&sc=6-17&cvid=FE46116831224FBB9BA1DC07C7E03325&FORM=QBRE&sp=2",
    "tabId" : 191,
    "sequenceId" : 10,
    "id" : "20154497",
    "timestamp" : 1522631721125,
    "serverTimestamp" : 1522631722012,
    "query" : "mediaelement mediaplayer"
  }, {
    "action" : "serp",
    "encrypted" : false,
    "urls" : [ "https://docs.microsoft.com/en-us/uwp/api/Windows.UI.Xaml.Controls.MediaPlayerElement", "https://docs.microsoft.com/en-us/uwp/api/Windows.UI.Xaml.Controls.MediaPlayerElement", "https://stackoverflow.com/questions/44730683/uwp-mediaplayerelement-vs-mediaelement", "https://stackoverflow.com/questions/44730683/uwp-mediaplayerelement-vs-mediaelement", "https://docs.microsoft.com/en-us/uwp/api/Windows.UI.Xaml.Controls.MediaElement", "https://docs.microsoft.com/en-us/uwp/api/Windows.UI.Xaml.Controls.MediaElement", "https://social.msdn.microsoft.com/Forums/en-US/dea09e8e-dd85-48dd-8edb-59ef150f442e/how-to-play-a-protected-video-using-mediaelement-or-mediaplayerelement?forum=wpdevelop", "https://social.msdn.microsoft.com/Forums/en-US/dea09e8e-dd85-48dd-8edb-59ef150f442e/how-to-play-a-protected-video-using-mediaelement-or-mediaplayerelement?forum=wpdevelop", "http://www.dotnetfunda.com/interviews/show/4158/difference-between-mediaplayer-and-mediaelement", "http://www.dotnetfunda.com/interviews/show/4158/difference-between-mediaplayer-and-mediaelement", "https://blogs.msdn.microsoft.com/cdndevs/2015/07/31/uwp-new-controls-part-5-media/", "https://blogs.msdn.microsoft.com/cdndevs/2015/07/31/uwp-new-controls-part-5-media/", "https://msdn.microsoft.com/en-us/library/windows/apps/mt187272.aspx", "https://msdn.microsoft.com/en-us/library/windows/apps/mt187272.aspx", "http://www.cnblogs.com/mercedes-Benz/p/5534775.html", "http://www.cnblogs.com/mercedes-Benz/p/5534775.html", "https://msdn.microsoft.com/en-us/library/system.windows.controls.mediaelement(v=vs.110).aspx", "https://msdn.microsoft.com/en-us/library/system.windows.controls.mediaelement(v=vs.110).aspx", "http://www.mediaelementjs.com/", "http://www.mediaelementjs.com/" ],
    "url" : "https://www.bing.com/search?q=mediaelement+mediaplayerelement&qs=n&form=QBRE&sp=-1&pq=mediaelement+mediaplayerelement&sc=0-31&sk=&cvid=023B79B4F00E45939D4F86B392D3E075",
    "tabId" : 191,
    "sequenceId" : 10,
    "id" : "20154497",
    "timestamp" : 1522631735085,
    "serverTimestamp" : 1522631735972,
    "query" : "mediaelement mediaplayerelement"
  }, {
    "tabId" : 199,
    "url" : "https://stackoverflow.com/questions/44730683/uwp-mediaplayerelement-vs-mediaelement",
    "sourceTabId" : 191,
    "refer" : "https://www.bing.com/search?q=mediaelement+mediaplayerelement&qs=n&form=QBRE&sp=-1&pq=mediaelement+mediaplayerelement&sc=0-31&sk=&cvid=023B79B4F00E45939D4F86B392D3E075",
    "timestamp" : 1522631739149,
    "action" : "request",
    "sequenceId" : 10,
    "id" : "20154497",
    "serverTimestamp" : 1522631740035
  }, {
    "tabId" : 199,
    "url" : "https://stackoverflow.com/questions/44730683/uwp-mediaplayerelement-vs-mediaelement",
    "timestamp" : 1522631740900,
    "action" : "active",
    "sequenceId" : 10,
    "id" : "20154497",
    "serverTimestamp" : 1522631741792
  }, {
    "tabId" : 2,
    "url" : "https://blog.csdn.net/qq_39419941/article/details/79783014",
    "refer" : "https://uvp.neu.edu.cn/Portal/StudentAssignments?id=1007",
    "timestamp" : 1522631800655,
    "action" : "request",
    "sequenceId" : 1,
    "id" : "20154497",
    "serverTimestamp" : 1522631801548
  }, {
    "tabId" : 2,
    "url" : "https://blog.csdn.net/qq_39419941/article/details/79783014",
    "timestamp" : 1522631802443,
    "action" : "active",
    "sequenceId" : 1,
    "id" : "20154497",
    "serverTimestamp" : 1522631803331
  }, {
    "tabId" : 2,
    "url" : "https://blog.csdn.net/qq_39419941/article/details/79783014",
    "timestamp" : 1522631882434,
    "action" : "active",
    "sequenceId" : 1,
    "id" : "20154497",
    "serverTimestamp" : 1522631883323
  }, {
    "tabId" : 195,
    "url" : "https://q.cnblogs.com/q/33923/",
    "timestamp" : 1522631952293,
    "action" : "active",
    "sequenceId" : 10,
    "id" : "20154497",
    "serverTimestamp" : 1522631953182
  }, {
    "tabId" : 195,
    "url" : "https://q.cnblogs.com/q/33923/",
    "timestamp" : 1522631981737,
    "action" : "active",
    "sequenceId" : 10,
    "id" : "20154497",
    "serverTimestamp" : 1522631982637
  }, {
    "tabId" : 199,
    "url" : "https://stackoverflow.com/questions/44730683/uwp-mediaplayerelement-vs-mediaelement",
    "timestamp" : 1522631984257,
    "action" : "active",
    "sequenceId" : 10,
    "id" : "20154497",
    "serverTimestamp" : 1522631985146
  }, {
    "tabId" : 177,
    "url" : "https://docs.microsoft.com/en-us/uwp/api/Windows.UI.Xaml.Controls.Grid",
    "timestamp" : 1522631985921,
    "action" : "active",
    "sequenceId" : 5,
    "id" : "20154497",
    "serverTimestamp" : 1522631986814
  }, {
    "tabId" : 2,
    "url" : "https://blog.csdn.net/qq_39419941/article/details/79783014",
    "timestamp" : 1522631988441,
    "action" : "active",
    "sequenceId" : 1,
    "id" : "20154497",
    "serverTimestamp" : 1522631989330
  }, {
    "tabId" : 195,
    "url" : "https://q.cnblogs.com/q/33923/",
    "timestamp" : 1522632112630,
    "action" : "active",
    "sequenceId" : 10,
    "id" : "20154497",
    "serverTimestamp" : 1522632113527
  }, {
    "tabId" : 195,
    "url" : "https://q.cnblogs.com/q/33923/",
    "timestamp" : 1522632653191,
    "action" : "active",
    "sequenceId" : 10,
    "id" : "20154497",
    "serverTimestamp" : 1522632654089
  }, {
    "tabId" : 199,
    "url" : "https://stackoverflow.com/questions/44730683/uwp-mediaplayerelement-vs-mediaelement",
    "timestamp" : 1522632656496,
    "action" : "active",
    "sequenceId" : 10,
    "id" : "20154497",
    "serverTimestamp" : 1522632657387
  } ]
}, {
  "mergedAction" : "session",
  "mergedActions" : [ {
    "tabId" : 183,
    "url" : "https://docs.microsoft.com/en-us/uwp/api/windows.ui.xaml.controls.MediaPlayerElement",
    "timestamp" : 1522715907919,
    "action" : "active",
    "sequenceId" : 3,
    "id" : "20154497",
    "serverTimestamp" : 1522715996399
  }, {
    "tabId" : 187,
    "url" : "https://docs.microsoft.com/en-us/uwp/api/windows.ui.xaml.controls.mediaplayerelement.source#Windows_UI_Xaml_Controls_MediaPlayerElement_Source",
    "sourceTabId" : 183,
    "refer" : "https://docs.microsoft.com/en-us/uwp/api/windows.ui.xaml.controls.MediaPlayerElement",
    "timestamp" : 1522715994257,
    "action" : "request",
    "sequenceId" : 3,
    "id" : "20154497",
    "serverTimestamp" : 1522715996397
  }, {
    "tabId" : 187,
    "url" : "https://docs.microsoft.com/en-us/uwp/api/windows.ui.xaml.controls.mediaplayerelement.source#Windows_UI_Xaml_Controls_MediaPlayerElement_Source",
    "timestamp" : 1522715995600,
    "action" : "active",
    "sequenceId" : 3,
    "id" : "20154497",
    "serverTimestamp" : 1522715996400
  }, {
    "tabId" : 187,
    "url" : "https://docs.microsoft.com/en-us/uwp/api/windows.ui.xaml.controls.mediaplayerelement.source#Windows_UI_Xaml_Controls_MediaPlayerElement_Source",
    "timestamp" : 1522715996379,
    "action" : "active",
    "sequenceId" : 3,
    "id" : "20154497",
    "serverTimestamp" : 1522715997179
  }, {
    "tabId" : 191,
    "url" : "https://docs.microsoft.com/en-us/uwp/api/windows.media.playback.imediaplaybacksource",
    "sourceTabId" : 187,
    "refer" : "https://docs.microsoft.com/en-us/uwp/api/windows.ui.xaml.controls.mediaplayerelement.source#Windows_UI_Xaml_Controls_MediaPlayerElement_Source",
    "timestamp" : 1522716012273,
    "action" : "request",
    "sequenceId" : 3,
    "id" : "20154497",
    "serverTimestamp" : 1522716013073
  }, {
    "tabId" : 191,
    "url" : "https://docs.microsoft.com/en-us/uwp/api/windows.media.playback.imediaplaybacksource",
    "timestamp" : 1522716012657,
    "action" : "active",
    "sequenceId" : 3,
    "id" : "20154497",
    "serverTimestamp" : 1522716013454
  }, {
    "tabId" : 191,
    "url" : "https://docs.microsoft.com/en-us/uwp/api/windows.media.playback.imediaplaybacksource",
    "timestamp" : 1522716013792,
    "action" : "active",
    "sequenceId" : 3,
    "id" : "20154497",
    "serverTimestamp" : 1522716014590
  }, {
    "tabId" : 187,
    "url" : "https://docs.microsoft.com/en-us/uwp/api/windows.ui.xaml.controls.mediaplayerelement.source#Windows_UI_Xaml_Controls_MediaPlayerElement_Source",
    "timestamp" : 1522716042975,
    "action" : "active",
    "sequenceId" : 3,
    "id" : "20154497",
    "serverTimestamp" : 1522716043774
  }, {
    "tabId" : 183,
    "url" : "https://docs.microsoft.com/en-us/uwp/api/windows.ui.xaml.controls.MediaPlayerElement",
    "timestamp" : 1522716045220,
    "action" : "active",
    "sequenceId" : 3,
    "id" : "20154497",
    "serverTimestamp" : 1522716046020
  }, {
    "tabId" : 195,
    "url" : "https://bbs.csdn.net/topics/391035808",
    "sourceTabId" : 2,
    "refer" : "https://www.bing.com/search?q=MediaPlayerElement+%E7%BB%9D%E5%AF%B9%E8%B7%AF%E5%BE%84&qs=n&form=QBRE&sp=-1&pq=mediaplayerelement+%E7%BB%9D%E5%AF%B9%E8%B7%AF%E5%BE%84&sc=0-34&sk=&cvid=F952CBD3921840D2B8C2418C8DD4DC08",
    "timestamp" : 1522716498992,
    "action" : "request",
    "sequenceId" : 1,
    "id" : "20154497",
    "serverTimestamp" : 1522716499792
  }, {
    "tabId" : 195,
    "url" : "https://bbs.csdn.net/topics/391035808",
    "timestamp" : 1522716503714,
    "action" : "active",
    "sequenceId" : 1,
    "id" : "20154497",
    "serverTimestamp" : 1522716504518
  }, {
    "tabId" : 183,
    "url" : "https://docs.microsoft.com/en-us/uwp/api/windows.ui.xaml.controls.MediaPlayerElement",
    "timestamp" : 1522716515625,
    "action" : "active",
    "sequenceId" : 3,
    "id" : "20154497",
    "serverTimestamp" : 1522716516430
  }, {
    "tabId" : 187,
    "url" : "https://docs.microsoft.com/en-us/uwp/api/windows.ui.xaml.controls.mediaplayerelement.source#Windows_UI_Xaml_Controls_MediaPlayerElement_Source",
    "timestamp" : 1522716516839,
    "action" : "active",
    "sequenceId" : 3,
    "id" : "20154497",
    "serverTimestamp" : 1522716517729
  }, {
    "tabId" : 221,
    "url" : "http://pinkido.lofter.com/post/25383c_128d4ec4",
    "sourceTabId" : 215,
    "refer" : "https://uvp.neu.edu.cn/Portal/StudentAssignments?id=1007",
    "timestamp" : 1522716959806,
    "action" : "request",
    "sequenceId" : 6,
    "id" : "20154497",
    "serverTimestamp" : 1522716960607
  }, {
    "tabId" : 221,
    "url" : "http://pinkido.lofter.com/post/25383c_128d4ec4",
    "timestamp" : 1522716960771,
    "action" : "active",
    "sequenceId" : 6,
    "id" : "20154497",
    "serverTimestamp" : 1522716961573
  }, {
    "tabId" : 221,
    "url" : "http://pinkido.lofter.com/post/25383c_128d4ec4",
    "timestamp" : 1522716961291,
    "action" : "active",
    "sequenceId" : 6,
    "id" : "20154497",
    "serverTimestamp" : 1522716962093
  }, {
    "tabId" : 225,
    "url" : "https://blog.csdn.net/mintcheese/article/details/79795065",
    "sourceTabId" : 215,
    "refer" : "https://uvp.neu.edu.cn/Portal/StudentAssignments?id=1007",
    "timestamp" : 1522717115653,
    "action" : "request",
    "sequenceId" : 6,
    "id" : "20154497",
    "serverTimestamp" : 1522717116464
  }, {
    "tabId" : 225,
    "url" : "https://blog.csdn.net/mintcheese/article/details/79795065",
    "timestamp" : 1522717116558,
    "action" : "active",
    "sequenceId" : 6,
    "id" : "20154497",
    "serverTimestamp" : 1522717117360
  }, {
    "tabId" : 225,
    "url" : "https://blog.csdn.net/mintcheese/article/details/79795065",
    "timestamp" : 1522717138696,
    "action" : "active",
    "sequenceId" : 6,
    "id" : "20154497",
    "serverTimestamp" : 1522717139497
  }, {
    "tabId" : 229,
    "url" : "http://www.cnblogs.com/lotsofone/p/8672841.html?githuburl=https://github.com/lotsofone/HomeWorkPlayer",
    "sourceTabId" : 215,
    "refer" : "https://uvp.neu.edu.cn/Portal/StudentAssignments?id=1007",
    "timestamp" : 1522717204172,
    "action" : "request",
    "sequenceId" : 6,
    "id" : "20154497",
    "serverTimestamp" : 1522717204975
  }, {
    "tabId" : 229,
    "url" : "http://www.cnblogs.com/lotsofone/p/8672841.html?githuburl=https://github.com/lotsofone/HomeWorkPlayer",
    "timestamp" : 1522717204991,
    "action" : "active",
    "sequenceId" : 6,
    "id" : "20154497",
    "serverTimestamp" : 1522717205792
  }, {
    "tabId" : 229,
    "url" : "http://www.cnblogs.com/lotsofone/p/8672841.html?githuburl=https://github.com/lotsofone/HomeWorkPlayer",
    "timestamp" : 1522717205286,
    "action" : "active",
    "sequenceId" : 6,
    "id" : "20154497",
    "serverTimestamp" : 1522717206088
  }, {
    "action" : "serp",
    "encrypted" : false,
    "urls" : [ "http://blog.csdn.net/linwh8/article/details/70314698", "http://blog.csdn.net/linwh8/article/details/70314698", "http://blog.csdn.net/wind_white/article/details/63267335", "http://blog.csdn.net/wind_white/article/details/63267335", "http://lib.csdn.net/article/csharp/67365", "http://lib.csdn.net/article/csharp/67365", "http://www.cnblogs.com/NEIL-X/p/5461934.html", "http://www.cnblogs.com/NEIL-X/p/5461934.html", "http://www.xdowns.com/soft/184/phone/279/2016/Soft_153237.html", "http://www.xdowns.com/soft/184/phone/279/2016/Soft_153237.html", "http://blog.sina.com.cn/s/blog_58c506600102wevh.html", "http://blog.sina.com.cn/s/blog_58c506600102wevh.html", "https://social.msdn.microsoft.com/Forums/zh-CN/f1736e5b-619a-4533-8a28-5286f5eac6f2/windows-10-uwp?forum=windowsphonezhchs", "https://social.msdn.microsoft.com/Forums/zh-CN/f1736e5b-619a-4533-8a28-5286f5eac6f2/windows-10-uwp?forum=windowsphonezhchs", "https://www.microsoft.com/zh-cn/store/p/ax-lite-%e6%92%ad%e6%94%be%e5%99%a8-uwp/9nblggh68jgp", "https://www.microsoft.com/zh-cn/store/p/ax-lite-%e6%92%ad%e6%94%be%e5%99%a8-uwp/9nblggh68jgp", "http://www.microsoftuwp.com/pc/apps/762.html", "http://www.microsoftuwp.com/pc/apps/762.html", "https://www.microsoft.com/zh-cn/store/p/acg-%e6%92%ad%e6%94%be%e5%99%a8/9nblggh698c7", "https://www.microsoft.com/zh-cn/store/p/acg-%e6%92%ad%e6%94%be%e5%99%a8/9nblggh698c7" ],
    "url" : "https://www.bing.com/search?q=uwp%E5%AE%9E%E7%8E%B0%E6%92%AD%E6%94%BE%E5%99%A8&qs=n&form=QBRE&sp=-1&pq=uwp%E5%AE%9E%E7%8E%B0%E6%92%AD%E6%94%BE%E5%99%A8&sc=0-15&sk=&cvid=466F2D4FFEBF4CCE8E11F86B59BD54CC",
    "tabId" : 2,
    "sequenceId" : 1,
    "id" : "20154497",
    "timestamp" : 1522717998549,
    "serverTimestamp" : 1522717999354,
    "query" : "uwp实现播放器"
  }, {
    "tabId" : 233,
    "url" : "https://blog.csdn.net/linwh8/article/details/70314698",
    "sourceTabId" : 2,
    "refer" : "https://www.bing.com/search?q=uwp%E5%AE%9E%E7%8E%B0%E6%92%AD%E6%94%BE%E5%99%A8&qs=n&form=QBRE&sp=-1&pq=uwp%E5%AE%9E%E7%8E%B0%E6%92%AD%E6%94%BE%E5%99%A8&sc=0-15&sk=&cvid=466F2D4FFEBF4CCE8E11F86B59BD54CC",
    "timestamp" : 1522718003441,
    "action" : "request",
    "sequenceId" : 1,
    "id" : "20154497",
    "serverTimestamp" : 1522718004250
  }, {
    "tabId" : 233,
    "url" : "https://blog.csdn.net/linwh8/article/details/70314698",
    "timestamp" : 1522718006752,
    "action" : "active",
    "sequenceId" : 1,
    "id" : "20154497",
    "serverTimestamp" : 1522718007559
  }, {
    "action" : "serp",
    "encrypted" : false,
    "urls" : [ "http://blog.csdn.net/linwh8/article/details/70314698", "http://blog.csdn.net/linwh8/article/details/70314698", "http://lib.csdn.net/article/csharp/67365", "http://lib.csdn.net/article/csharp/67365", "http://www.itwendao.com/article/detail/419389.html", "http://www.itwendao.com/article/detail/419389.html", "http://blog.csdn.net/welovesunflower/article/details/38434039", "http://blog.csdn.net/welovesunflower/article/details/38434039", "http://th7.cn/Program/net/201706/1189988.shtml", "http://th7.cn/Program/net/201706/1189988.shtml", "http://www.dlxedu.com/detail/3/484003.html", "http://www.dlxedu.com/detail/3/484003.html", "http://www.cnblogs.com/xiao2/p/7096254.html", "http://www.cnblogs.com/xiao2/p/7096254.html", "https://docs.microsoft.com/zh-cn/windows/uwp/audio-video-camera/play-audio-and-video-with-mediaplayer", "https://docs.microsoft.com/zh-cn/windows/uwp/audio-video-camera/play-audio-and-video-with-mediaplayer", "http://www.cnblogs.com/gnielee/archive/2010/05/06/wpf4-media-player-mediaelement.html", "http://www.cnblogs.com/gnielee/archive/2010/05/06/wpf4-media-player-mediaelement.html", "https://docs.microsoft.com/zh-cn/windows/uwp/debug-test-perf/version-adaptive-code", "https://docs.microsoft.com/zh-cn/windows/uwp/debug-test-perf/version-adaptive-code" ],
    "url" : "https://www.bing.com/search?q=MediaPlayerElement+%E5%AE%9E%E7%8E%B0%E6%92%AD%E6%94%BE%E5%99%A8&qs=n&form=QBRE&sp=-1&pq=mediaplayerelement+%E5%AE%9E%E7%8E%B0%E6%92%AD%E6%94%BE%E5%99%A8&sc=0-24&sk=&cvid=F727F228882F41CF89D7C103853C956E",
    "tabId" : 2,
    "sequenceId" : 1,
    "id" : "20154497",
    "timestamp" : 1522718128249,
    "serverTimestamp" : 1522718129054,
    "query" : "MediaPlayerElement 实现播放器"
  }, {
    "tabId" : 237,
    "url" : "http://th7.cn/Program/net/201706/1189988.shtml",
    "sourceTabId" : 2,
    "refer" : "https://www.bing.com/search?q=MediaPlayerElement+%E5%AE%9E%E7%8E%B0%E6%92%AD%E6%94%BE%E5%99%A8&qs=n&form=QBRE&sp=-1&pq=mediaplayerelement+%E5%AE%9E%E7%8E%B0%E6%92%AD%E6%94%BE%E5%99%A8&sc=0-24&sk=&cvid=F727F228882F41CF89D7C103853C956E",
    "timestamp" : 1522718135877,
    "action" : "request",
    "sequenceId" : 1,
    "id" : "20154497",
    "serverTimestamp" : 1522718136684
  }, {
    "tabId" : 237,
    "url" : "http://th7.cn/Program/net/201706/1189988.shtml",
    "timestamp" : 1522718137581,
    "action" : "active",
    "sequenceId" : 1,
    "id" : "20154497",
    "serverTimestamp" : 1522718138390
  }, {
    "tabId" : 241,
    "url" : "http://www.dlxedu.com/detail/3/484003.html",
    "sourceTabId" : 2,
    "refer" : "https://www.bing.com/search?q=MediaPlayerElement+%E5%AE%9E%E7%8E%B0%E6%92%AD%E6%94%BE%E5%99%A8&qs=n&form=QBRE&sp=-1&pq=mediaplayerelement+%E5%AE%9E%E7%8E%B0%E6%92%AD%E6%94%BE%E5%99%A8&sc=0-24&sk=&cvid=F727F228882F41CF89D7C103853C956E",
    "timestamp" : 1522718142515,
    "action" : "request",
    "sequenceId" : 1,
    "id" : "20154497",
    "serverTimestamp" : 1522718143321
  }, {
    "tabId" : 237,
    "url" : "http://th7.cn/Program/net/201706/1189988.shtml",
    "timestamp" : 1522718142745,
    "action" : "active",
    "sequenceId" : 1,
    "id" : "20154497",
    "serverTimestamp" : 1522718143550
  }, {
    "tabId" : 241,
    "url" : "http://www.dlxedu.com/detail/3/484003.html",
    "timestamp" : 1522718146293,
    "action" : "active",
    "sequenceId" : 1,
    "id" : "20154497",
    "serverTimestamp" : 1522718147099
  }, {
    "tabId" : 241,
    "url" : "http://www.dlxedu.com/detail/3/484003.html",
    "timestamp" : 1522718147392,
    "action" : "active",
    "sequenceId" : 1,
    "id" : "20154497",
    "serverTimestamp" : 1522718148197
  }, {
    "action" : "serp",
    "encrypted" : false,
    "urls" : [ "http://blog.csdn.net/linwh8/article/details/70314698", "http://blog.csdn.net/linwh8/article/details/70314698", "http://lib.csdn.net/article/csharp/67365", "http://lib.csdn.net/article/csharp/67365", "https://docs.microsoft.com/zh-cn/windows/uwp/audio-video-camera/play-audio-and-video-with-mediaplayer", "https://docs.microsoft.com/zh-cn/windows/uwp/audio-video-camera/play-audio-and-video-with-mediaplayer", "http://www.cnblogs.com/gnielee/archive/2010/05/06/wpf4-media-player-mediaelement.html", "http://www.cnblogs.com/gnielee/archive/2010/05/06/wpf4-media-player-mediaelement.html", "http://www.cnblogs.com/xiao2/p/7096254.html", "http://www.cnblogs.com/xiao2/p/7096254.html", "http://www.itwendao.com/article/detail/419389.html", "http://www.itwendao.com/article/detail/419389.html", "http://th7.cn/Program/net/201706/1189988.shtml", "http://th7.cn/Program/net/201706/1189988.shtml", "http://www.dlxedu.com/detail/3/484003.html", "http://www.dlxedu.com/detail/3/484003.html", "http://blog.csdn.net/welovesunflower/article/details/38434039", "http://blog.csdn.net/welovesunflower/article/details/38434039", "https://jingyan.baidu.com/article/a948d6517c7de60a2dcd2e27.html", "https://jingyan.baidu.com/article/a948d6517c7de60a2dcd2e27.html" ],
    "url" : "https://www.bing.com/search?q=MediaPlayerElement++%E6%92%AD%E6%94%BE%E5%99%A8&qs=n&form=QBRE&sp=-1&pq=mediaplayerelement+%E6%92%AD%E6%94%BE%E5%99%A8&sc=0-22&sk=&cvid=7FD081186548418E902169692BAFE16B",
    "tabId" : 2,
    "sequenceId" : 1,
    "id" : "20154497",
    "timestamp" : 1522718155897,
    "serverTimestamp" : 1522718156706,
    "query" : "MediaPlayerElement  播放器"
  }, {
    "tabId" : 245,
    "url" : "https://docs.microsoft.com/zh-cn/windows/uwp/audio-video-camera/play-audio-and-video-with-mediaplayer",
    "sourceTabId" : 2,
    "refer" : "https://www.bing.com/search?q=MediaPlayerElement++%E6%92%AD%E6%94%BE%E5%99%A8&qs=n&form=QBRE&sp=-1&pq=mediaplayerelement+%E6%92%AD%E6%94%BE%E5%99%A8&sc=0-22&sk=&cvid=7FD081186548418E902169692BAFE16B",
    "timestamp" : 1522718161439,
    "action" : "request",
    "sequenceId" : 1,
    "id" : "20154497",
    "serverTimestamp" : 1522718162263
  }, {
    "tabId" : 245,
    "url" : "https://docs.microsoft.com/zh-cn/windows/uwp/audio-video-camera/play-audio-and-video-with-mediaplayer",
    "timestamp" : 1522718162766,
    "action" : "active",
    "sequenceId" : 1,
    "id" : "20154497",
    "serverTimestamp" : 1522718163579
  }, {
    "tabId" : 249,
    "url" : "https://g1ntoki0522.github.io/2018/03/31/Naive-Media-Player/",
    "sourceTabId" : 215,
    "refer" : "https://uvp.neu.edu.cn/Portal/StudentAssignments?id=1007",
    "timestamp" : 1522718313973,
    "action" : "request",
    "sequenceId" : 6,
    "id" : "20154497",
    "serverTimestamp" : 1522718314795
  }, {
    "tabId" : 249,
    "url" : "https://g1ntoki0522.github.io/2018/03/31/Naive-Media-Player/",
    "timestamp" : 1522718314799,
    "action" : "active",
    "sequenceId" : 6,
    "id" : "20154497",
    "serverTimestamp" : 1522718315620
  }, {
    "tabId" : 249,
    "url" : "https://g1ntoki0522.github.io/2018/03/31/Naive-Media-Player/",
    "timestamp" : 1522718344667,
    "action" : "active",
    "sequenceId" : 6,
    "id" : "20154497",
    "serverTimestamp" : 1522718345495
  }, {
    "tabId" : 245,
    "url" : "https://docs.microsoft.com/zh-cn/windows/uwp/audio-video-camera/play-audio-and-video-with-mediaplayer",
    "timestamp" : 1522718520738,
    "action" : "active",
    "sequenceId" : 1,
    "id" : "20154497",
    "serverTimestamp" : 1522718521543
  }, {
    "tabId" : 229,
    "url" : "http://www.cnblogs.com/lotsofone/p/8672841.html?githuburl=https://github.com/lotsofone/HomeWorkPlayer",
    "timestamp" : 1522718944551,
    "action" : "active",
    "sequenceId" : 6,
    "id" : "20154497",
    "serverTimestamp" : 1522718945368
  }, {
    "tabId" : 253,
    "url" : "https://g1ntoki0522.github.io/2018/03/31/Naive-Media-Player/",
    "sourceTabId" : 215,
    "refer" : "https://uvp.neu.edu.cn/Portal/StudentAssignments?id=1007",
    "timestamp" : 1522718951348,
    "action" : "request",
    "sequenceId" : 6,
    "id" : "20154497",
    "serverTimestamp" : 1522718952156
  }, {
    "tabId" : 257,
    "url" : "https://blog.csdn.net/A_tina/article/details/79795721",
    "sourceTabId" : 215,
    "refer" : "https://uvp.neu.edu.cn/Portal/StudentAssignments?id=1007",
    "timestamp" : 1522718953220,
    "action" : "request",
    "sequenceId" : 6,
    "id" : "20154497",
    "serverTimestamp" : 1522718954029
  }, {
    "tabId" : 257,
    "url" : "https://blog.csdn.net/A_tina/article/details/79795721",
    "timestamp" : 1522718953699,
    "action" : "active",
    "sequenceId" : 6,
    "id" : "20154497",
    "serverTimestamp" : 1522718954508
  }, {
    "tabId" : 257,
    "url" : "https://blog.csdn.net/A_tina/article/details/79795721",
    "timestamp" : 1522718955866,
    "action" : "active",
    "sequenceId" : 6,
    "id" : "20154497",
    "serverTimestamp" : 1522718956674
  }, {
    "tabId" : 261,
    "url" : "https://blog.csdn.net/linwh8/article/details/70314698",
    "refer" : "https://blog.csdn.net/linwh8/article/details/70314698",
    "timestamp" : 1522719010881,
    "action" : "request",
    "sequenceId" : 8,
    "id" : "20154497",
    "serverTimestamp" : 1522719013865
  }, {
    "tabId" : 261,
    "url" : "https://blog.csdn.net/linwh8/article/details/70314698",
    "timestamp" : 1522719014227,
    "action" : "active",
    "sequenceId" : 8,
    "id" : "20154497",
    "serverTimestamp" : 1522719015038
  }, {
    "tabId" : 257,
    "url" : "https://blog.csdn.net/A_tina/article/details/79795721",
    "timestamp" : 1522719014781,
    "action" : "active",
    "sequenceId" : 6,
    "id" : "20154497",
    "serverTimestamp" : 1522719015600
  }, {
    "tabId" : 229,
    "url" : "http://www.cnblogs.com/lotsofone/p/8672841.html?githuburl=https://github.com/lotsofone/HomeWorkPlayer",
    "timestamp" : 1522719039916,
    "action" : "active",
    "sequenceId" : 6,
    "id" : "20154497",
    "serverTimestamp" : 1522719040734
  }, {
    "tabId" : 253,
    "url" : "https://g1ntoki0522.github.io/2018/03/31/Naive-Media-Player/",
    "timestamp" : 1522719040636,
    "action" : "active",
    "sequenceId" : 6,
    "id" : "20154497",
    "serverTimestamp" : 1522719041444
  }, {
    "tabId" : 229,
    "url" : "http://www.cnblogs.com/lotsofone/p/8672841.html?githuburl=https://github.com/lotsofone/HomeWorkPlayer",
    "timestamp" : 1522719087994,
    "action" : "active",
    "sequenceId" : 6,
    "id" : "20154497",
    "serverTimestamp" : 1522719088802
  }, {
    "tabId" : 253,
    "url" : "https://g1ntoki0522.github.io/2018/03/31/Naive-Media-Player/",
    "timestamp" : 1522719089272,
    "action" : "active",
    "sequenceId" : 6,
    "id" : "20154497",
    "serverTimestamp" : 1522719090080
  }, {
    "tabId" : 245,
    "url" : "https://docs.microsoft.com/zh-cn/windows/uwp/audio-video-camera/play-audio-and-video-with-mediaplayer",
    "timestamp" : 1522719268467,
    "action" : "active",
    "sequenceId" : 1,
    "id" : "20154497",
    "serverTimestamp" : 1522719269283
  }, {
    "action" : "serp",
    "encrypted" : false,
    "urls" : [ "https://msdn.microsoft.com/zh-cn/library/windows/apps/mt187272.aspx", "https://msdn.microsoft.com/zh-cn/library/windows/apps/mt187272.aspx", "https://docs.microsoft.com/zh-cn/windows/uwp/audio-video-camera/system-media-transport-controls", "https://docs.microsoft.com/zh-cn/windows/uwp/audio-video-camera/system-media-transport-controls", "http://www.cnblogs.com/zapline/p/5799766.html", "http://www.cnblogs.com/zapline/p/5799766.html", "https://msdn.microsoft.com/zh-cn/library/windows/apps/windows.ui.xaml.controls.mediaelement.aretransportcontrolsenabled.aspx", "https://msdn.microsoft.com/zh-cn/library/windows/apps/windows.ui.xaml.controls.mediaelement.aretransportcontrolsenabled.aspx", "https://www.coursera.org/learn/dot-net-kaifa-jishu/lecture/K3fXP/asp-netnei-zhi-dui-xiang-1", "https://www.coursera.org/learn/dot-net-kaifa-jishu/lecture/K3fXP/asp-netnei-zhi-dui-xiang-1", "http://www.wishdown.com/soft/103081.html", "http://www.wishdown.com/soft/103081.html", "http://www.infosec.com.cn/ProductView.Asp?Id=154", "http://www.infosec.com.cn/ProductView.Asp?Id=154", "https://www.zhihu.com/question/21719722", "https://www.zhihu.com/question/21719722", "https://www.evget.com/product/198", "https://www.evget.com/product/198", "http://www.cnblogs.com/powertoolsteam/p/angularjs-introdection.html", "http://www.cnblogs.com/powertoolsteam/p/angularjs-introdection.html" ],
    "url" : "https://www.bing.com/search?q=%E5%86%85%E7%BD%AE%E4%BC%A0%E8%BE%93%E6%8E%A7%E4%BB%B6&qs=n&form=QBLH&sp=-1&pq=%E5%86%85%E7%BD%AE%E4%BC%A0%E8%BE%93%E6%8E%A7%E4%BB%B6&sc=0-6&sk=&cvid=C7A3C3C84E20449D88CD771A8E9B6B91",
    "tabId" : 271,
    "sequenceId" : 12,
    "id" : "20154497",
    "timestamp" : 1522719433242,
    "serverTimestamp" : 1522719434056,
    "query" : "内置传输控件"
  }, {
    "tabId" : 229,
    "url" : "http://www.cnblogs.com/lotsofone/p/8672841.html?githuburl=https://github.com/lotsofone/HomeWorkPlayer",
    "timestamp" : 1522719451313,
    "action" : "active",
    "sequenceId" : 6,
    "id" : "20154497",
    "serverTimestamp" : 1522719452123
  }, {
    "tabId" : 253,
    "url" : "https://g1ntoki0522.github.io/2018/03/31/Naive-Media-Player/",
    "timestamp" : 1522719452545,
    "action" : "active",
    "sequenceId" : 6,
    "id" : "20154497",
    "serverTimestamp" : 1522719453355
  }, {
    "tabId" : 245,
    "url" : "https://docs.microsoft.com/zh-cn/windows/uwp/audio-video-camera/play-audio-and-video-with-mediaplayer",
    "timestamp" : 1522719455642,
    "action" : "active",
    "sequenceId" : 1,
    "id" : "20154497",
    "serverTimestamp" : 1522719456453
  }, {
    "tabId" : 253,
    "url" : "https://g1ntoki0522.github.io/2018/03/31/Naive-Media-Player/",
    "timestamp" : 1522719527677,
    "action" : "active",
    "sequenceId" : 6,
    "id" : "20154497",
    "serverTimestamp" : 1522719528493
  }, {
    "tabId" : 275,
    "url" : "https://docs.microsoft.com/en-us/windows/uwp/design/controls-and-patterns/app-bars",
    "sourceTabId" : 253,
    "refer" : "https://g1ntoki0522.github.io/2018/03/31/Naive-Media-Player/",
    "timestamp" : 1522719650136,
    "action" : "request",
    "sequenceId" : 6,
    "id" : "20154497",
    "serverTimestamp" : 1522719650948
  }, {
    "tabId" : 275,
    "url" : "https://docs.microsoft.com/en-us/windows/uwp/design/controls-and-patterns/app-bars",
    "timestamp" : 1522719653839,
    "action" : "active",
    "sequenceId" : 6,
    "id" : "20154497",
    "serverTimestamp" : 1522719654654
  }, {
    "tabId" : 253,
    "url" : "https://g1ntoki0522.github.io/2018/03/31/Naive-Media-Player/",
    "timestamp" : 1522719671651,
    "action" : "active",
    "sequenceId" : 6,
    "id" : "20154497",
    "serverTimestamp" : 1522719672469
  }, {
    "tabId" : 245,
    "url" : "https://docs.microsoft.com/zh-cn/windows/uwp/audio-video-camera/play-audio-and-video-with-mediaplayer",
    "timestamp" : 1522719758582,
    "action" : "active",
    "sequenceId" : 1,
    "id" : "20154497",
    "serverTimestamp" : 1522719759404
  }, {
    "tabId" : 253,
    "url" : "https://g1ntoki0522.github.io/2018/03/31/Naive-Media-Player/",
    "timestamp" : 1522720033365,
    "action" : "active",
    "sequenceId" : 6,
    "id" : "20154497",
    "serverTimestamp" : 1522720034177
  }, {
    "tabId" : 245,
    "url" : "https://docs.microsoft.com/zh-cn/windows/uwp/audio-video-camera/play-audio-and-video-with-mediaplayer",
    "timestamp" : 1522720064269,
    "action" : "active",
    "sequenceId" : 1,
    "id" : "20154497",
    "serverTimestamp" : 1522720065081
  }, {
    "tabId" : 253,
    "url" : "https://g1ntoki0522.github.io/2018/03/31/Naive-Media-Player/",
    "timestamp" : 1522720087591,
    "action" : "active",
    "sequenceId" : 6,
    "id" : "20154497",
    "serverTimestamp" : 1522720088404
  }, {
    "tabId" : 245,
    "url" : "https://docs.microsoft.com/zh-cn/windows/uwp/audio-video-camera/play-audio-and-video-with-mediaplayer",
    "timestamp" : 1522720091990,
    "action" : "active",
    "sequenceId" : 1,
    "id" : "20154497",
    "serverTimestamp" : 1522720092806
  }, {
    "tabId" : 253,
    "url" : "https://g1ntoki0522.github.io/2018/03/31/Naive-Media-Player/",
    "timestamp" : 1522720202266,
    "action" : "active",
    "sequenceId" : 6,
    "id" : "20154497",
    "serverTimestamp" : 1522720203094
  }, {
    "tabId" : 279,
    "url" : "https://docs.microsoft.com/en-us/windows/uwp/audio-video-camera/play-audio-and-video-with-mediaplayer#use-mediaplayerelement-to-render-video-in-xaml",
    "sourceTabId" : 253,
    "refer" : "https://g1ntoki0522.github.io/2018/03/31/Naive-Media-Player/",
    "timestamp" : 1522720220258,
    "action" : "request",
    "sequenceId" : 6,
    "id" : "20154497",
    "serverTimestamp" : 1522720221086
  }, {
    "tabId" : 279,
    "url" : "https://docs.microsoft.com/en-us/windows/uwp/audio-video-camera/play-audio-and-video-with-mediaplayer#use-mediaplayerelement-to-render-video-in-xaml",
    "timestamp" : 1522720221015,
    "action" : "active",
    "sequenceId" : 6,
    "id" : "20154497",
    "serverTimestamp" : 1522720221842
  }, {
    "tabId" : 279,
    "url" : "https://docs.microsoft.com/en-us/windows/uwp/audio-video-camera/play-audio-and-video-with-mediaplayer#use-mediaplayerelement-to-render-video-in-xaml",
    "timestamp" : 1522720224061,
    "action" : "active",
    "sequenceId" : 6,
    "id" : "20154497",
    "serverTimestamp" : 1522720224888
  }, {
    "tabId" : 253,
    "url" : "https://g1ntoki0522.github.io/2018/03/31/Naive-Media-Player/",
    "timestamp" : 1522720224450,
    "action" : "active",
    "sequenceId" : 6,
    "id" : "20154497",
    "serverTimestamp" : 1522720225281
  }, {
    "tabId" : 229,
    "url" : "http://www.cnblogs.com/lotsofone/p/8672841.html?githuburl=https://github.com/lotsofone/HomeWorkPlayer",
    "timestamp" : 1522720227246,
    "action" : "active",
    "sequenceId" : 6,
    "id" : "20154497",
    "serverTimestamp" : 1522720228073
  }, {
    "tabId" : 245,
    "url" : "https://docs.microsoft.com/zh-cn/windows/uwp/audio-video-camera/play-audio-and-video-with-mediaplayer",
    "timestamp" : 1522720233860,
    "action" : "active",
    "sequenceId" : 1,
    "id" : "20154497",
    "serverTimestamp" : 1522720234688
  }, {
    "tabId" : 283,
    "url" : "http://pinkido.lofter.com/post/25383c_128d4ec4",
    "sourceTabId" : 215,
    "refer" : "https://uvp.neu.edu.cn/Portal/StudentAssignments?id=1007",
    "timestamp" : 1522720246224,
    "action" : "request",
    "sequenceId" : 6,
    "id" : "20154497",
    "serverTimestamp" : 1522720247052
  }, {
    "tabId" : 283,
    "url" : "http://pinkido.lofter.com/post/25383c_128d4ec4",
    "timestamp" : 1522720246706,
    "action" : "active",
    "sequenceId" : 6,
    "id" : "20154497",
    "serverTimestamp" : 1522720247534
  }, {
    "tabId" : 283,
    "url" : "http://pinkido.lofter.com/post/25383c_128d4ec4",
    "timestamp" : 1522720248419,
    "action" : "active",
    "sequenceId" : 6,
    "id" : "20154497",
    "serverTimestamp" : 1522720249247
  }, {
    "tabId" : 287,
    "url" : "https://docs.microsoft.com/zh-cn/windows/uwp/files/quickstart-using-file-and-folder-pickers",
    "sourceTabId" : 283,
    "refer" : "http://pinkido.lofter.com/post/25383c_128d4ec4",
    "timestamp" : 1522720268670,
    "action" : "request",
    "sequenceId" : 6,
    "id" : "20154497",
    "serverTimestamp" : 1522720269482
  }, {
    "tabId" : 287,
    "url" : "https://docs.microsoft.com/zh-cn/windows/uwp/files/quickstart-using-file-and-folder-pickers",
    "timestamp" : 1522720270946,
    "action" : "active",
    "sequenceId" : 6,
    "id" : "20154497",
    "serverTimestamp" : 1522720271764
  }, {
    "tabId" : 253,
    "url" : "https://g1ntoki0522.github.io/2018/03/31/Naive-Media-Player/",
    "timestamp" : 1522720356834,
    "action" : "active",
    "sequenceId" : 6,
    "id" : "20154497",
    "serverTimestamp" : 1522720357655
  }, {
    "tabId" : 283,
    "url" : "http://pinkido.lofter.com/post/25383c_128d4ec4",
    "timestamp" : 1522720365916,
    "action" : "active",
    "sequenceId" : 6,
    "id" : "20154497",
    "serverTimestamp" : 1522720366741
  }, {
    "tabId" : 287,
    "url" : "https://docs.microsoft.com/zh-cn/windows/uwp/files/quickstart-using-file-and-folder-pickers",
    "timestamp" : 1522720503235,
    "action" : "active",
    "sequenceId" : 6,
    "id" : "20154497",
    "serverTimestamp" : 1522720504049
  }, {
    "tabId" : 291,
    "url" : "https://github.com/pinkido/Naive-Media-Player/tree/master/Naive%20Media%20Player/Assets",
    "timestamp" : 1522720589800,
    "action" : "active",
    "sequenceId" : 16,
    "id" : "20154497",
    "serverTimestamp" : 1522720590615
  }, {
    "tabId" : 291,
    "url" : "https://github.com/pinkido/Naive-Media-Player/tree/master/Naive%20Media%20Player/Assets",
    "timestamp" : 1522720590435,
    "action" : "active",
    "sequenceId" : 16,
    "id" : "20154497",
    "serverTimestamp" : 1522720591249
  }, {
    "tabId" : 291,
    "url" : "https://github.com/pinkido/Naive-Media-Player/blob/master/Naive%20Media%20Player/MainPage.xaml",
    "timestamp" : 1522720595268,
    "action" : "active",
    "sequenceId" : 16,
    "id" : "20154497",
    "serverTimestamp" : 1522720596082
  }, {
    "tabId" : 291,
    "url" : "https://github.com/pinkido/Naive-Media-Player/blob/master/Naive%20Media%20Player/MainPage.xaml",
    "timestamp" : 1522720595966,
    "action" : "active",
    "sequenceId" : 16,
    "id" : "20154497",
    "serverTimestamp" : 1522720596781
  }, {
    "tabId" : 291,
    "url" : "https://github.com/pinkido/Naive-Media-Player/blob/master/Naive%20Media%20Player/MainPage.xaml.cs",
    "timestamp" : 1522720657652,
    "action" : "active",
    "sequenceId" : 16,
    "id" : "20154497",
    "serverTimestamp" : 1522720658467
  }, {
    "tabId" : 291,
    "url" : "https://github.com/pinkido/Naive-Media-Player/blob/master/Naive%20Media%20Player/MainPage.xaml.cs",
    "timestamp" : 1522720659270,
    "action" : "active",
    "sequenceId" : 16,
    "id" : "20154497",
    "serverTimestamp" : 1522720660083
  }, {
    "tabId" : 253,
    "url" : "https://g1ntoki0522.github.io/2018/03/31/Naive-Media-Player/",
    "timestamp" : 1522720701229,
    "action" : "active",
    "sequenceId" : 6,
    "id" : "20154497",
    "serverTimestamp" : 1522720702046
  }, {
    "tabId" : 287,
    "url" : "https://docs.microsoft.com/zh-cn/windows/uwp/files/quickstart-using-file-and-folder-pickers",
    "timestamp" : 1522720702339,
    "action" : "active",
    "sequenceId" : 6,
    "id" : "20154497",
    "serverTimestamp" : 1522720703154
  }, {
    "tabId" : 291,
    "url" : "https://github.com/pinkido/Naive-Media-Player/blob/master/Naive%20Media%20Player/MainPage.xaml.cs",
    "timestamp" : 1522720707860,
    "action" : "active",
    "sequenceId" : 16,
    "id" : "20154497",
    "serverTimestamp" : 1522720708681
  }, {
    "tabId" : 287,
    "url" : "https://docs.microsoft.com/zh-cn/windows/uwp/files/quickstart-using-file-and-folder-pickers",
    "timestamp" : 1522720710343,
    "action" : "active",
    "sequenceId" : 6,
    "id" : "20154497",
    "serverTimestamp" : 1522720711157
  }, {
    "tabId" : 291,
    "url" : "https://github.com/pinkido/Naive-Media-Player/blob/master/Naive%20Media%20Player/MainPage.xaml.cs",
    "timestamp" : 1522720716223,
    "action" : "active",
    "sequenceId" : 16,
    "id" : "20154497",
    "serverTimestamp" : 1522720717038
  }, {
    "tabId" : 287,
    "url" : "https://docs.microsoft.com/zh-cn/windows/uwp/files/quickstart-using-file-and-folder-pickers",
    "timestamp" : 1522720718161,
    "action" : "active",
    "sequenceId" : 6,
    "id" : "20154497",
    "serverTimestamp" : 1522720718980
  }, {
    "tabId" : 253,
    "url" : "https://g1ntoki0522.github.io/2018/03/31/Naive-Media-Player/",
    "timestamp" : 1522720721827,
    "action" : "active",
    "sequenceId" : 6,
    "id" : "20154497",
    "serverTimestamp" : 1522720722643
  }, {
    "tabId" : 283,
    "url" : "http://pinkido.lofter.com/post/25383c_128d4ec4",
    "timestamp" : 1522720723242,
    "action" : "active",
    "sequenceId" : 6,
    "id" : "20154497",
    "serverTimestamp" : 1522720724058
  }, {
    "tabId" : 287,
    "url" : "https://docs.microsoft.com/zh-cn/windows/uwp/files/quickstart-using-file-and-folder-pickers",
    "timestamp" : 1522720804573,
    "action" : "active",
    "sequenceId" : 6,
    "id" : "20154497",
    "serverTimestamp" : 1522720805387
  }, {
    "tabId" : 283,
    "url" : "http://pinkido.lofter.com/post/25383c_128d4ec4",
    "timestamp" : 1522721109347,
    "action" : "active",
    "sequenceId" : 6,
    "id" : "20154497",
    "serverTimestamp" : 1522721110164
  }, {
    "tabId" : 287,
    "url" : "https://docs.microsoft.com/zh-cn/windows/uwp/files/quickstart-using-file-and-folder-pickers",
    "timestamp" : 1522721161509,
    "action" : "active",
    "sequenceId" : 6,
    "id" : "20154497",
    "serverTimestamp" : 1522721162326
  }, {
    "tabId" : 253,
    "url" : "https://g1ntoki0522.github.io/2018/03/31/Naive-Media-Player/",
    "timestamp" : 1522721224851,
    "action" : "active",
    "sequenceId" : 6,
    "id" : "20154497",
    "serverTimestamp" : 1522721225669
  }, {
    "tabId" : 283,
    "url" : "http://pinkido.lofter.com/post/25383c_128d4ec4",
    "timestamp" : 1522721226062,
    "action" : "active",
    "sequenceId" : 6,
    "id" : "20154497",
    "serverTimestamp" : 1522721226879
  }, {
    "tabId" : 253,
    "url" : "https://g1ntoki0522.github.io/2018/03/31/Naive-Media-Player/",
    "timestamp" : 1522721518808,
    "action" : "active",
    "sequenceId" : 6,
    "id" : "20154497",
    "serverTimestamp" : 1522721519626
  }, {
    "tabId" : 297,
    "url" : "https://blog.csdn.net/linwh8/article/details/70314698",
    "sourceTabId" : 253,
    "refer" : "https://g1ntoki0522.github.io/2018/03/31/Naive-Media-Player/",
    "timestamp" : 1522721592931,
    "action" : "request",
    "sequenceId" : 6,
    "id" : "20154497",
    "serverTimestamp" : 1522721593749
  }, {
    "tabId" : 297,
    "url" : "https://blog.csdn.net/linwh8/article/details/70314698",
    "timestamp" : 1522721593341,
    "action" : "active",
    "sequenceId" : 6,
    "id" : "20154497",
    "serverTimestamp" : 1522721594159
  }, {
    "tabId" : 253,
    "url" : "https://g1ntoki0522.github.io/2018/03/31/Naive-Media-Player/",
    "timestamp" : 1522721595478,
    "action" : "active",
    "sequenceId" : 6,
    "id" : "20154497",
    "serverTimestamp" : 1522721596297
  }, {
    "tabId" : 287,
    "url" : "https://docs.microsoft.com/zh-cn/windows/uwp/files/quickstart-using-file-and-folder-pickers",
    "timestamp" : 1522721681647,
    "action" : "active",
    "sequenceId" : 6,
    "id" : "20154497",
    "serverTimestamp" : 1522721682465
  }, {
    "tabId" : 283,
    "url" : "http://pinkido.lofter.com/post/25383c_128d4ec4",
    "timestamp" : 1522721684005,
    "action" : "active",
    "sequenceId" : 6,
    "id" : "20154497",
    "serverTimestamp" : 1522721684823
  }, {
    "tabId" : 245,
    "url" : "https://docs.microsoft.com/zh-cn/windows/uwp/audio-video-camera/play-audio-and-video-with-mediaplayer",
    "timestamp" : 1522721833662,
    "action" : "active",
    "sequenceId" : 1,
    "id" : "20154497",
    "serverTimestamp" : 1522721834482
  }, {
    "tabId" : 283,
    "url" : "http://pinkido.lofter.com/post/25383c_128d4ec4",
    "timestamp" : 1522725277499,
    "action" : "active",
    "sequenceId" : 6,
    "id" : "20154497",
    "serverTimestamp" : 1522725278302
  }, {
    "tabId" : 287,
    "url" : "https://docs.microsoft.com/zh-cn/windows/uwp/files/quickstart-using-file-and-folder-pickers",
    "timestamp" : 1522725394182,
    "action" : "active",
    "sequenceId" : 6,
    "id" : "20154497",
    "serverTimestamp" : 1522725395094
  }, {
    "tabId" : 245,
    "url" : "https://docs.microsoft.com/zh-cn/windows/uwp/audio-video-camera/play-audio-and-video-with-mediaplayer",
    "timestamp" : 1522725455218,
    "action" : "active",
    "sequenceId" : 1,
    "id" : "20154497",
    "serverTimestamp" : 1522725456023
  }, {
    "tabId" : 183,
    "url" : "https://docs.microsoft.com/en-us/uwp/api/windows.ui.xaml.controls.MediaPlayerElement",
    "timestamp" : 1522725876408,
    "action" : "active",
    "sequenceId" : 3,
    "id" : "20154497",
    "serverTimestamp" : 1522725877214
  }, {
    "tabId" : 187,
    "url" : "https://docs.microsoft.com/en-us/uwp/api/windows.ui.xaml.controls.mediaplayerelement.source#Windows_UI_Xaml_Controls_MediaPlayerElement_Source",
    "timestamp" : 1522725879982,
    "action" : "active",
    "sequenceId" : 3,
    "id" : "20154497",
    "serverTimestamp" : 1522725880819
  }, {
    "tabId" : 291,
    "url" : "https://github.com/pinkido/Naive-Media-Player/blob/master/Naive%20Media%20Player/MainPage.xaml.cs",
    "timestamp" : 1522725931117,
    "action" : "active",
    "sequenceId" : 16,
    "id" : "20154497",
    "serverTimestamp" : 1522725931922
  }, {
    "tabId" : 253,
    "url" : "https://g1ntoki0522.github.io/2018/03/31/Naive-Media-Player/",
    "timestamp" : 1522726745756,
    "action" : "active",
    "sequenceId" : 6,
    "id" : "20154497",
    "serverTimestamp" : 1522726746563
  }, {
    "tabId" : 253,
    "url" : "https://g1ntoki0522.github.io/2018/03/31/Naive-Media-Player/",
    "timestamp" : 1522726941934,
    "action" : "active",
    "sequenceId" : 6,
    "id" : "20154497",
    "serverTimestamp" : 1522726942758
  }, {
    "tabId" : 283,
    "url" : "http://pinkido.lofter.com/post/25383c_128d4ec4",
    "timestamp" : 1522726943048,
    "action" : "active",
    "sequenceId" : 6,
    "id" : "20154497",
    "serverTimestamp" : 1522726943871
  }, {
    "tabId" : 253,
    "url" : "https://g1ntoki0522.github.io/2018/03/31/Naive-Media-Player/",
    "timestamp" : 1522727160935,
    "action" : "active",
    "sequenceId" : 6,
    "id" : "20154497",
    "serverTimestamp" : 1522727161749
  }, {
    "tabId" : 287,
    "url" : "https://docs.microsoft.com/zh-cn/windows/uwp/files/quickstart-using-file-and-folder-pickers",
    "timestamp" : 1522727161679,
    "action" : "active",
    "sequenceId" : 6,
    "id" : "20154497",
    "serverTimestamp" : 1522727162492
  }, {
    "tabId" : 283,
    "url" : "http://pinkido.lofter.com/post/25383c_128d4ec4",
    "timestamp" : 1522727162504,
    "action" : "active",
    "sequenceId" : 6,
    "id" : "20154497",
    "serverTimestamp" : 1522727163320
  }, {
    "tabId" : 245,
    "url" : "https://docs.microsoft.com/zh-cn/windows/uwp/audio-video-camera/play-audio-and-video-with-mediaplayer",
    "timestamp" : 1522727164558,
    "action" : "active",
    "sequenceId" : 1,
    "id" : "20154497",
    "serverTimestamp" : 1522727165371
  }, {
    "tabId" : 187,
    "url" : "https://docs.microsoft.com/en-us/uwp/api/windows.ui.xaml.controls.mediaplayerelement.source#Windows_UI_Xaml_Controls_MediaPlayerElement_Source",
    "timestamp" : 1522727784296,
    "action" : "active",
    "sequenceId" : 3,
    "id" : "20154497",
    "serverTimestamp" : 1522727785111
  }, {
    "tabId" : 191,
    "url" : "https://docs.microsoft.com/en-us/uwp/api/windows.media.playback.imediaplaybacksource",
    "timestamp" : 1522727791011,
    "action" : "active",
    "sequenceId" : 3,
    "id" : "20154497",
    "serverTimestamp" : 1522727791822
  }, {
    "tabId" : 245,
    "url" : "https://docs.microsoft.com/zh-cn/windows/uwp/audio-video-camera/play-audio-and-video-with-mediaplayer",
    "timestamp" : 1522727792309,
    "action" : "active",
    "sequenceId" : 1,
    "id" : "20154497",
    "serverTimestamp" : 1522727793120
  }, {
    "tabId" : 191,
    "url" : "https://docs.microsoft.com/en-us/uwp/api/windows.media.playback.imediaplaybacksource",
    "timestamp" : 1522727925387,
    "action" : "active",
    "sequenceId" : 3,
    "id" : "20154497",
    "serverTimestamp" : 1522727926199
  }, {
    "tabId" : 187,
    "url" : "https://docs.microsoft.com/en-us/uwp/api/windows.ui.xaml.controls.mediaplayerelement.source#Windows_UI_Xaml_Controls_MediaPlayerElement_Source",
    "timestamp" : 1522727928220,
    "action" : "active",
    "sequenceId" : 3,
    "id" : "20154497",
    "serverTimestamp" : 1522727929034
  }, {
    "tabId" : 187,
    "url" : "https://docs.microsoft.com/en-us/uwp/api/windows.ui.xaml.controls.mediaplayerelement",
    "refer" : "https://docs.microsoft.com/en-us/uwp/api/windows.ui.xaml.controls.mediaplayerelement.source#Windows_UI_Xaml_Controls_MediaPlayerElement_Source",
    "timestamp" : 1522727938121,
    "action" : "request",
    "sequenceId" : 3,
    "id" : "20154497",
    "serverTimestamp" : 1522727938938
  }, {
    "tabId" : 187,
    "url" : "https://docs.microsoft.com/en-us/uwp/api/windows.ui.xaml.controls.mediaplayerelement",
    "timestamp" : 1522727940708,
    "action" : "active",
    "sequenceId" : 3,
    "id" : "20154497",
    "serverTimestamp" : 1522727941521
  }, {
    "tabId" : 245,
    "url" : "https://docs.microsoft.com/zh-cn/windows/uwp/audio-video-camera/play-audio-and-video-with-mediaplayer",
    "timestamp" : 1522728288645,
    "action" : "active",
    "sequenceId" : 1,
    "id" : "20154497",
    "serverTimestamp" : 1522728289458
  }, {
    "tabId" : 245,
    "url" : "https://docs.microsoft.com/zh-cn/windows/uwp/audio-video-camera/play-audio-and-video-with-mediaplayer",
    "timestamp" : 1522728359523,
    "action" : "active",
    "sequenceId" : 1,
    "id" : "20154497",
    "serverTimestamp" : 1522728360336
  }, {
    "tabId" : 187,
    "url" : "https://docs.microsoft.com/en-us/uwp/api/windows.ui.xaml.controls.mediaplayerelement",
    "timestamp" : 1522728394643,
    "action" : "active",
    "sequenceId" : 3,
    "id" : "20154497",
    "serverTimestamp" : 1522728395465
  }, {
    "tabId" : 245,
    "url" : "https://docs.microsoft.com/zh-cn/windows/uwp/audio-video-camera/play-audio-and-video-with-mediaplayer",
    "timestamp" : 1522728395306,
    "action" : "active",
    "sequenceId" : 1,
    "id" : "20154497",
    "serverTimestamp" : 1522728396121
  }, {
    "tabId" : 287,
    "url" : "https://docs.microsoft.com/zh-cn/windows/uwp/files/quickstart-using-file-and-folder-pickers",
    "timestamp" : 1522728534350,
    "action" : "active",
    "sequenceId" : 6,
    "id" : "20154497",
    "serverTimestamp" : 1522728535164
  }, {
    "tabId" : 287,
    "url" : "https://docs.microsoft.com/zh-cn/windows/uwp/files/quickstart-using-file-and-folder-pickers",
    "timestamp" : 1522728556637,
    "action" : "active",
    "sequenceId" : 6,
    "id" : "20154497",
    "serverTimestamp" : 1522728557451
  }, {
    "tabId" : 245,
    "url" : "https://docs.microsoft.com/zh-cn/windows/uwp/audio-video-camera/play-audio-and-video-with-mediaplayer",
    "timestamp" : 1522728708305,
    "action" : "active",
    "sequenceId" : 1,
    "id" : "20154497",
    "serverTimestamp" : 1522728709119
  }, {
    "tabId" : 245,
    "url" : "https://docs.microsoft.com/zh-cn/windows/uwp/audio-video-camera/play-audio-and-video-with-mediaplayer",
    "timestamp" : 1522728717137,
    "action" : "active",
    "sequenceId" : 1,
    "id" : "20154497",
    "serverTimestamp" : 1522728717953
  }, {
    "tabId" : 253,
    "url" : "https://g1ntoki0522.github.io/2018/03/31/Naive-Media-Player/",
    "timestamp" : 1522728758611,
    "action" : "active",
    "sequenceId" : 6,
    "id" : "20154497",
    "serverTimestamp" : 1522728759426
  }, {
    "tabId" : 187,
    "url" : "https://docs.microsoft.com/en-us/uwp/api/windows.ui.xaml.controls.mediaplayerelement",
    "timestamp" : 1522728819725,
    "action" : "active",
    "sequenceId" : 3,
    "id" : "20154497",
    "serverTimestamp" : 1522728820561
  }, {
    "tabId" : 245,
    "url" : "https://docs.microsoft.com/zh-cn/windows/uwp/audio-video-camera/play-audio-and-video-with-mediaplayer",
    "timestamp" : 1522728822186,
    "action" : "active",
    "sequenceId" : 1,
    "id" : "20154497",
    "serverTimestamp" : 1522728823000
  }, {
    "tabId" : 245,
    "url" : "https://docs.microsoft.com/zh-cn/windows/uwp/audio-video-camera/play-audio-and-video-with-mediaplayer",
    "timestamp" : 1522729149915,
    "action" : "active",
    "sequenceId" : 1,
    "id" : "20154497",
    "serverTimestamp" : 1522729150732
  }, {
    "tabId" : 339,
    "url" : "https://blog.csdn.net/linwh8/article/details/70314698",
    "sourceTabId" : 2,
    "refer" : "https://www.bing.com/search?q=MediaPlayerElement++%E6%92%AD%E6%94%BE%E5%99%A8&qs=n&form=QBRE&sp=-1&pq=mediaplayerelement+%E6%92%AD%E6%94%BE%E5%99%A8&sc=0-22&sk=&cvid=7FD081186548418E902169692BAFE16B",
    "timestamp" : 1522729297697,
    "action" : "request",
    "sequenceId" : 1,
    "id" : "20154497",
    "serverTimestamp" : 1522729298516
  }, {
    "tabId" : 339,
    "url" : "https://blog.csdn.net/linwh8/article/details/70314698",
    "timestamp" : 1522729299685,
    "action" : "active",
    "sequenceId" : 1,
    "id" : "20154497",
    "serverTimestamp" : 1522729300503
  }, {
    "tabId" : 335,
    "url" : "https://blog.csdn.net/Mechanic_Liang/article/details/79801138",
    "refer" : "https://mp.csdn.net/postedit",
    "timestamp" : 1522729317021,
    "action" : "request",
    "sequenceId" : 18,
    "id" : "20154497",
    "serverTimestamp" : 1522729318959
  }, {
    "tabId" : 335,
    "url" : "https://blog.csdn.net/Mechanic_Liang/article/details/79801138",
    "timestamp" : 1522729318864,
    "action" : "active",
    "sequenceId" : 18,
    "id" : "20154497",
    "serverTimestamp" : 1522729319682
  }, {
    "tabId" : 253,
    "url" : "https://g1ntoki0522.github.io/2018/03/31/Naive-Media-Player/",
    "timestamp" : 1522729388045,
    "action" : "active",
    "sequenceId" : 6,
    "id" : "20154497",
    "serverTimestamp" : 1522729388870
  }, {
    "tabId" : 245,
    "url" : "https://docs.microsoft.com/zh-cn/windows/uwp/audio-video-camera/play-audio-and-video-with-mediaplayer",
    "timestamp" : 1522729465160,
    "action" : "active",
    "sequenceId" : 1,
    "id" : "20154497",
    "serverTimestamp" : 1522729465977
  }, {
    "tabId" : 245,
    "url" : "https://docs.microsoft.com/en-us/uwp/api/Windows.UI.Xaml.Controls.MediaPlayerElement#Windows_UI_Xaml_Controls_MediaPlayerElement_SetMediaPlayer_Windows_Media_Playback_MediaPlayer_",
    "refer" : "https://docs.microsoft.com/zh-cn/windows/uwp/audio-video-camera/play-audio-and-video-with-mediaplayer",
    "timestamp" : 1522729483162,
    "action" : "request",
    "sequenceId" : 1,
    "id" : "20154497",
    "serverTimestamp" : 1522729483979
  }, {
    "tabId" : 245,
    "url" : "https://docs.microsoft.com/en-us/uwp/api/Windows.UI.Xaml.Controls.MediaPlayerElement#Windows_UI_Xaml_Controls_MediaPlayerElement_SetMediaPlayer_Windows_Media_Playback_MediaPlayer_",
    "timestamp" : 1522729484087,
    "action" : "active",
    "sequenceId" : 1,
    "id" : "20154497",
    "serverTimestamp" : 1522729484904
  }, {
    "tabId" : 245,
    "url" : "https://docs.microsoft.com/zh-cn/windows/uwp/audio-video-camera/play-audio-and-video-with-mediaplayer",
    "refer" : "https://docs.microsoft.com/en-us/uwp/api/Windows.UI.Xaml.Controls.MediaPlayerElement#Windows_UI_Xaml_Controls_MediaPlayerElement_SetMediaPlayer_Windows_Media_Playback_MediaPlayer_",
    "timestamp" : 1522729502759,
    "action" : "request",
    "sequenceId" : 1,
    "id" : "20154497",
    "serverTimestamp" : 1522729503577
  }, {
    "tabId" : 245,
    "url" : "https://docs.microsoft.com/zh-cn/windows/uwp/audio-video-camera/play-audio-and-video-with-mediaplayer",
    "timestamp" : 1522729504112,
    "action" : "active",
    "sequenceId" : 1,
    "id" : "20154497",
    "serverTimestamp" : 1522729504932
  }, {
    "tabId" : 283,
    "url" : "http://pinkido.lofter.com/post/25383c_128d4ec4",
    "timestamp" : 1522729774987,
    "action" : "active",
    "sequenceId" : 6,
    "id" : "20154497",
    "serverTimestamp" : 1522729775956
  }, {
    "tabId" : 343,
    "url" : "http://edi.wang/post/2015/10/8/windows-10-uwp-title-bar",
    "sourceTabId" : 283,
    "refer" : "http://pinkido.lofter.com/post/25383c_128d4ec4",
    "timestamp" : 1522729874480,
    "action" : "request",
    "sequenceId" : 6,
    "id" : "20154497",
    "serverTimestamp" : 1522729875303
  }, {
    "tabId" : 343,
    "url" : "http://edi.wang/post/2015/10/8/windows-10-uwp-title-bar",
    "timestamp" : 1522729874963,
    "action" : "active",
    "sequenceId" : 6,
    "id" : "20154497",
    "serverTimestamp" : 1522729875861
  }, {
    "tabId" : 343,
    "url" : "http://edi.wang/post/2015/10/8/windows-10-uwp-title-bar",
    "timestamp" : 1522729881931,
    "action" : "active",
    "sequenceId" : 6,
    "id" : "20154497",
    "serverTimestamp" : 1522729882783
  }, {
    "tabId" : 283,
    "url" : "http://pinkido.lofter.com/post/25383c_128d4ec4",
    "timestamp" : 1522729886628,
    "action" : "active",
    "sequenceId" : 6,
    "id" : "20154497",
    "serverTimestamp" : 1522729887447
  } ]
}, {
  "mergedAction" : "session",
  "mergedActions" : [ {
    "tabId" : 2,
    "url" : "https://blog.csdn.net/Mechanic_Liang/article/details/79801138",
    "refer" : "https://uvp.neu.edu.cn/Portal/StudentAssignments?id=1007",
    "timestamp" : 1522857567344,
    "action" : "request",
    "sequenceId" : 1,
    "id" : "20154497",
    "serverTimestamp" : 1522857568521
  }, {
    "tabId" : 2,
    "url" : "https://blog.csdn.net/Mechanic_Liang/article/details/79801138",
    "refer" : "https://passport.csdn.net/account/verify;jsessionid=F184EDB393DDCE90C7DE21F2A8E6F5CF.tomcat1",
    "timestamp" : 1522857581325,
    "action" : "request",
    "sequenceId" : 1,
    "id" : "20154497",
    "serverTimestamp" : 1522857582503
  } ]
} ]