[ {
  "mergedAction" : "session",
  "mergedActions" : [ {
    "tabId" : 1,
    "url" : "https://docs.microsoft.com/en-us/uwp/api/windows.ui.xaml.controls.mediaelement",
    "refer" : "https://docs.microsoft.com/en-us/uwp/api/windows.ui.xaml.controls.mediaelement",
    "timestamp" : 1522158393504,
    "action" : "request",
    "sequenceId" : 2,
    "id" : "20158504",
    "serverTimestamp" : 1522158392878
  }, {
    "url" : "https://docs.microsoft.com/en-us/uwp/api/windows.ui.xaml.controls.mediaelement",
    "timestamp" : 1522158395200,
    "action" : "active",
    "sequenceId" : 2,
    "id" : "20158504",
    "serverTimestamp" : 1522158392880
  } ]
}, {
  "mergedAction" : "session",
  "mergedActions" : [ {
    "tabId" : 42,
    "url" : "https://docs.microsoft.com/en-us/uwp/api/windows.ui.xaml.controls.MediaPlayerElement",
    "refer" : "about:blank",
    "timestamp" : 1522403128612,
    "action" : "request",
    "sequenceId" : 72,
    "id" : "20158504",
    "serverTimestamp" : 1522403129560
  }, {
    "url" : "https://docs.microsoft.com/en-us/uwp/api/windows.ui.xaml.controls.MediaPlayerElement",
    "timestamp" : 1522403132136,
    "action" : "active",
    "sequenceId" : 72,
    "id" : "20158504",
    "serverTimestamp" : 1522403130735
  } ]
}, {
  "mergedAction" : "session",
  "mergedActions" : [ {
    "tabId" : 4,
    "url" : "http://www.cnblogs.com/xxl-xxl/p/8650217.html#3938555",
    "refer" : "https://mail.qq.com/cgi-bin/readtemplate?t=safety&check=false&gourl=http%3A%2F%2Fwww.cnblogs.com%2Fxxl-xxl%2Fp%2F8650217.html%233938555&subtemplate=gray&evil=0",
    "timestamp" : 1522471608380,
    "action" : "request",
    "sequenceId" : 2,
    "id" : "20158504",
    "serverTimestamp" : 1522471608772
  }, {
    "url" : "http://www.cnblogs.com/xxl-xxl/p/8650217.html#3938555",
    "timestamp" : 1522471612588,
    "action" : "active",
    "sequenceId" : 2,
    "id" : "20158504",
    "serverTimestamp" : 1522471612557
  } ]
}, {
  "mergedAction" : "session",
  "mergedActions" : [ {
    "tabId" : 1,
    "url" : "http://www.lofter.com/lpost/1d3da71c_1282fd3d",
    "refer" : "https://uvp.neu.edu.cn/Portal/StudentAssignments?id=1005",
    "timestamp" : 1522471679520,
    "action" : "request",
    "sequenceId" : 2,
    "id" : "20158504",
    "serverTimestamp" : 1522471679477
  }, {
    "url" : "http://www.lofter.com/lpost/1d3da71c_1282fd3d",
    "timestamp" : 1522471684574,
    "action" : "active",
    "sequenceId" : 2,
    "id" : "20158504",
    "serverTimestamp" : 1522471684517
  }, {
    "tabId" : 1,
    "url" : "https://xfangfang.github.io/uwp/012",
    "refer" : "https://uvp.neu.edu.cn/Portal/StudentAssignments?id=1007",
    "timestamp" : 1522471728230,
    "action" : "request",
    "sequenceId" : 2,
    "id" : "20158504",
    "serverTimestamp" : 1522471728197
  }, {
    "url" : "https://xfangfang.github.io/uwp/012",
    "timestamp" : 1522471798894,
    "action" : "active",
    "sequenceId" : 2,
    "id" : "20158504",
    "serverTimestamp" : 1522471798857
  }, {
    "tabId" : 1,
    "url" : "https://xfangfang.github.io/uwp/012",
    "refer" : "https://github.com/xfangfang/NetEasePlayer_UWP",
    "timestamp" : 1522471806750,
    "action" : "request",
    "sequenceId" : 2,
    "id" : "20158504",
    "serverTimestamp" : 1522471806692
  }, {
    "url" : "https://xfangfang.github.io/uwp/012",
    "timestamp" : 1522471807720,
    "action" : "active",
    "sequenceId" : 2,
    "id" : "20158504",
    "serverTimestamp" : 1522471807667
  }, {
    "tabId" : 1,
    "url" : "https://blog.csdn.net/qq_34414054/article/details/79764287",
    "refer" : "https://uvp.neu.edu.cn/Portal/StudentAssignments?id=1007",
    "timestamp" : 1522471810178,
    "action" : "request",
    "sequenceId" : 2,
    "id" : "20158504",
    "serverTimestamp" : 1522471810127
  }, {
    "url" : "https://blog.csdn.net/qq_34414054/article/details/79764287",
    "timestamp" : 1522471815190,
    "action" : "active",
    "sequenceId" : 2,
    "id" : "20158504",
    "serverTimestamp" : 1522471815157
  } ]
} ]